iteration,action_loss,weighted_action_loss,actual_final_position_mse,actual_final_velocity_mse,state_error_weight_mean,state_error_weight_min,state_error_weight_max,batch_time_seconds,batch_size,action_abs,step_limit,grad_norm,grad_clip_amount,grad_clip_fraction
0,0.04594021290540695,0.04591081291437149,0.007444862741976976,2.7968881130218506,1.0,1.0,1.0,1.300822400022298,64.0,0.03791545828183492,1.59375,0.0,0.0,0.0
200,0.03870425000786781,0.03816872462630272,0.0023254300467669964,1.1094145774841309,1.0,1.0,1.0,0.3017583000473678,64.0,0.056660715490579605,1.53125,0.0,0.0,0.0
400,0.04559966176748276,0.04276994243264198,0.021534936502575874,1.6379804611206055,1.0,1.0,1.0,0.5851047001779079,64.0,0.031149890687730577,3.953125,0.0,0.0,0.0
600,0.04257798567414284,0.040930408984422684,0.018077455461025238,1.3839983940124512,1.0,1.0,1.0,0.60549550014548,64.0,0.0321543097961694,4.15625,0.0,0.0,0.0
800,0.03446246311068535,0.034286707639694214,0.0017665451159700751,1.3503633737564087,1.0,1.0,1.0,0.22228970006108284,64.0,0.06635685885945956,1.5,0.0,0.0,0.0
1000,0.03418388590216637,0.03281742334365845,0.001839416683651507,1.4430882930755615,1.0,1.0,1.0,0.2337301999796182,64.0,0.07382944226264954,1.53125,0.0,0.0,0.0
1200,0.03259389474987984,0.03136422485113144,0.0012769314926117659,1.1953164339065552,1.0,1.0,1.0,0.22639650013297796,64.0,0.07151027272144954,1.453125,0.0,0.0,0.0
1400,0.028967048972845078,0.028148125857114792,0.001298421062529087,1.3571527004241943,1.0,1.0,1.0,0.2355295999441296,64.0,0.07500558098157246,1.640625,0.0,0.0,0.0
1600,0.03060048073530197,0.02951284870505333,0.0012714985059574246,1.1221078634262085,1.0,1.0,1.0,0.22402409999631345,64.0,0.07287135347723961,1.484375,0.0,0.0,0.0
1800,0.02901908941566944,0.02804437279701233,0.0012812850764021277,1.3260514736175537,1.0,1.0,1.0,0.21768610016442835,64.0,0.0783932755390803,1.453125,0.0,0.0,0.0
2000,0.03120660036802292,0.029844220727682114,0.001588392537087202,1.4851117134094238,1.0,1.0,1.0,0.25279129995033145,64.0,0.08213941007852554,1.59375,0.0,0.0,0.0
2200,0.030633024871349335,0.02914966270327568,0.0012230444699525833,1.1746807098388672,1.0,1.0,1.0,0.2278781000059098,64.0,0.08202593525250752,1.515625,0.0,0.0,0.0
2400,0.027042951434850693,0.026478620246052742,0.0010419967584311962,1.1554278135299683,1.0,1.0,1.0,0.23694370011799037,64.0,0.09184574708342552,1.484375,0.0,0.0,0.0
2600,0.027561677619814873,0.026529956609010696,0.0009516030550003052,1.0824832916259766,1.0,1.0,1.0,0.23214620002545416,64.0,0.09619365135828654,1.4375,0.0,0.0,0.0
2800,0.02905241586267948,0.02781342715024948,0.001086440752260387,1.1437060832977295,1.0,1.0,1.0,0.23188059986568987,64.0,0.09082565208276112,1.609375,0.0,0.0,0.0
3000,0.026616644114255905,0.025951404124498367,0.0008317913743667305,1.1957505941390991,1.0,1.0,1.0,0.20476299989968538,64.0,0.09370903298258781,1.40625,0.0,0.0,0.0
3200,0.027413886040449142,0.026501592248678207,0.0007878753240220249,1.1861239671707153,1.0,1.0,1.0,0.2096027999650687,64.0,0.09371093660593033,1.484375,0.0,0.0,0.0
3400,0.02762625180184841,0.026666630059480667,0.0009125557844527066,1.1099905967712402,1.0,1.0,1.0,0.2253266000188887,64.0,0.08939378211895625,1.515625,0.0,0.0,0.0
3600,0.02643504925072193,0.02598094940185547,0.0008276591543108225,0.9018614292144775,1.0,1.0,1.0,0.22997700003907084,64.0,0.09577453881502151,1.5625,0.0,0.0,0.0
3800,0.029115382581949234,0.02748408541083336,0.0012008440680801868,0.9390102028846741,1.0,1.0,1.0,0.23022390017285943,64.0,0.0956227257847786,1.59375,0.0,0.0,0.0
4000,0.025919554755091667,0.025020290166139603,0.0009126692311838269,1.1430426836013794,1.0,1.0,1.0,0.21665260009467602,64.0,0.09877556934952736,1.46875,0.0,0.0,0.0
4200,0.027192087844014168,0.02630803734064102,0.0007084829267114401,1.32208251953125,1.0,1.0,1.0,0.21458150004036725,64.0,0.09125884373982747,1.4375,0.0,0.0,0.0
4400,0.026549996808171272,0.025657154619693756,0.0008819731301628053,1.1262186765670776,1.0,1.0,1.0,0.23620299994945526,64.0,0.1010592704017957,1.609375,0.0,0.0,0.0
4600,0.0254727303981781,0.024318145588040352,0.0008582626469433308,1.354443907737732,1.0,1.0,1.0,0.23884820006787777,64.0,0.09910556674003601,1.46875,0.0,0.0,0.0
4800,0.026071932166814804,0.024804042652249336,0.0005526778404600918,0.8498402237892151,1.0,1.0,1.0,0.22004330018535256,64.0,0.1008693054318428,1.390625,0.0,0.0,0.0
5000,0.02498161606490612,0.024102473631501198,0.0007060448406264186,0.8485783934593201,1.0,1.0,1.0,0.2370937999803573,64.0,0.09822885692119598,1.40625,0.0,0.0,0.0
5200,0.024269727990031242,0.02380145713686943,0.000850259093567729,1.0711637735366821,1.0,1.0,1.0,0.232297700131312,64.0,0.09672097116708755,1.578125,0.0,0.0,0.0
5400,0.024672990664839745,0.023783262819051743,0.0006062841275706887,0.88597571849823,1.0,1.0,1.0,0.2176051998976618,64.0,0.09382675339778264,1.5,0.0,0.0,0.0
5600,0.025558579713106155,0.024433672428131104,0.0008640351006761193,0.9042519330978394,1.0,1.0,1.0,0.2446896000765264,64.0,0.09548725187778473,1.65625,0.0,0.0,0.0
5800,0.02534015290439129,0.02405809611082077,0.0008694326970726252,1.1117534637451172,1.0,1.0,1.0,0.23338879994116724,64.0,0.0968586802482605,1.609375,0.0,0.0,0.0
6000,0.023900017142295837,0.023379022255539894,0.0007747370982542634,1.2259023189544678,1.0,1.0,1.0,0.22263029986061156,64.0,0.09541182468334834,1.484375,0.0,0.0,0.0
6200,0.025643376633524895,0.024210479110479355,0.0009396883542649448,0.942169725894928,1.0,1.0,1.0,0.22855499992147088,64.0,0.10017273078362147,1.5625,0.0,0.0,0.0
6400,0.025003774091601372,0.023767221719026566,0.0008812577580101788,1.093330979347229,1.0,1.0,1.0,0.2299600001424551,64.0,0.10537121693293254,1.5625,0.0,0.0,0.0
6600,0.025661593303084373,0.024375393986701965,0.000892124546226114,0.9035994410514832,1.0,1.0,1.0,0.2511058999225497,64.0,0.10237593452135722,1.59375,0.0,0.0,0.0
6800,0.024618983268737793,0.023486215621232986,0.0007331866072490811,1.1394739151000977,1.0,1.0,1.0,0.22666440019384027,64.0,0.10199894259373347,1.5,0.0,0.0,0.0
7000,0.025256788358092308,0.023735452443361282,0.0008465449791401625,1.0890511274337769,1.0,1.0,1.0,0.22046600002795458,64.0,0.10166658461093903,1.5,0.0,0.0,0.0
7200,0.024858815595507622,0.023768233135342598,0.0008651081589050591,1.0999963283538818,1.0,1.0,1.0,0.24646029993891716,64.0,0.10271277527014415,1.609375,0.0,0.0,0.0
7400,0.024126682430505753,0.022928496822714806,0.0006435597315430641,0.8616935610771179,1.0,1.0,1.0,0.23646990000270307,64.0,0.10512295737862587,1.515625,0.0,0.0,0.0
7600,0.025464104488492012,0.02415330335497856,0.0009246398112736642,0.8582379817962646,1.0,1.0,1.0,0.2365270999725908,64.0,0.10436435540517171,1.625,0.0,0.0,0.0
7800,0.023860134184360504,0.02284838818013668,0.0006390309426933527,0.9680802822113037,1.0,1.0,1.0,0.23175929998978972,64.0,0.10467528055111568,1.5,0.0,0.0,0.0
8000,0.024086054414510727,0.023069152608513832,0.0007607474690303206,1.292608380317688,1.0,1.0,1.0,0.2309308999683708,64.0,0.10274621844291687,1.515625,0.0,0.0,0.0
8200,0.022594770416617393,0.021813826635479927,0.0005530354683287442,1.0480433702468872,1.0,1.0,1.0,0.21533869998529553,64.0,0.10700599104166031,1.390625,0.0,0.0,0.0
8400,0.025080643594264984,0.023542998358607292,0.0007879602489992976,0.8383138179779053,1.0,1.0,1.0,0.2545910000335425,64.0,0.11126479754845302,1.46875,0.0,0.0,0.0
8600,0.02630794793367386,0.024598855525255203,0.0008530622581019998,1.678741216659546,1.0,1.0,1.0,0.22960989992134273,64.0,0.10695695132017136,1.53125,0.0,0.0,0.0
8800,0.02383166365325451,0.02219499461352825,0.0008251693216152489,0.8450509309768677,1.0,1.0,1.0,0.2261425000615418,64.0,0.10495263586441676,1.546875,0.0,0.0,0.0
9000,0.024714799597859383,0.02329103834927082,0.0006724425475113094,0.9898011088371277,1.0,1.0,1.0,0.2237641999963671,64.0,0.10870904723803203,1.515625,0.0,0.0,0.0
9200,0.02388039603829384,0.022638022899627686,0.0007200553664006293,0.9518932700157166,1.0,1.0,1.0,0.2243049000389874,64.0,0.11002343147993088,1.5625,0.0,0.0,0.0
9400,0.023146342486143112,0.021758945658802986,0.0005394478794187307,1.0075600147247314,1.0,1.0,1.0,0.21232819999568164,64.0,0.11081407715876897,1.453125,0.0,0.0,0.0
9600,0.024491410702466965,0.02235584333539009,0.0007050340063869953,0.9034447073936462,1.0,1.0,1.0,0.21606769994832575,64.0,0.10503638287385304,1.46875,0.0,0.0,0.0
9800,0.023385323584079742,0.02259313501417637,0.0006508664810098708,0.6746870875358582,1.0,1.0,1.0,0.23287469986826181,64.0,0.11074172705411911,1.515625,0.0,0.0,0.0
10000,0.02310802787542343,0.021400395780801773,0.0009591446723788977,1.1367928981781006,1.0,1.0,1.0,0.22692390019074082,64.0,0.11605706562598546,1.53125,0.0,0.0,0.0
10200,0.02432883530855179,0.022578556090593338,0.0005578352138400078,0.729865312576294,1.0,1.0,1.0,0.22845220007002354,64.0,0.11193037778139114,1.53125,0.0,0.0,0.0
10400,0.023902207612991333,0.022982558235526085,0.0006179215852171183,1.2570009231567383,1.0,1.0,1.0,0.22997649991884828,64.0,0.11272954692443211,1.578125,0.0,0.0,0.0
10600,0.024656984955072403,0.02352931536734104,0.0008273195708170533,0.9994816184043884,1.0,1.0,1.0,0.27095989999361336,64.0,0.106019988656044,1.625,0.0,0.0,0.0
10800,0.023797350004315376,0.022041872143745422,0.0005917216185480356,0.9310591220855713,1.0,1.0,1.0,0.22563889995217323,64.0,0.11263201634089152,1.546875,0.0,0.0,0.0
11000,0.023494914174079895,0.022513849660754204,0.0007050142739899457,0.9538789391517639,1.0,1.0,1.0,0.22133459988981485,64.0,0.11869737009207408,1.5,0.0,0.0,0.0
11200,0.022942526265978813,0.021964341402053833,0.0006263700779527426,0.7563585042953491,1.0,1.0,1.0,0.21599489985965192,64.0,0.11148155108094215,1.484375,0.0,0.0,0.0
11400,0.0241173654794693,0.022394930943846703,0.0005730279954150319,0.9968941807746887,1.0,1.0,1.0,0.23216199991293252,64.0,0.11517232408126195,1.5,0.0,0.0,0.0
11600,0.02298508957028389,0.021806197240948677,0.0007546014385297894,0.9046486616134644,1.0,1.0,1.0,0.24438180006109178,64.0,0.11072266101837158,1.59375,0.0,0.0,0.0
11800,0.022623000666499138,0.021757613867521286,0.0006786354933865368,0.9264350533485413,1.0,1.0,1.0,0.23926750011742115,64.0,0.10949860016504924,1.625,0.0,0.0,0.0
12000,0.023185646161437035,0.0220528282225132,0.0007764634792692959,0.9190356135368347,1.0,1.0,1.0,0.23420259985141456,64.0,0.10806167870759964,1.515625,0.0,0.0,0.0
12200,0.022176217287778854,0.02098780870437622,0.000620488659478724,0.8528808951377869,1.0,1.0,1.0,0.1984047000296414,64.0,0.11637549102306366,1.390625,0.0,0.0,0.0
12400,0.022604482248425484,0.021675270050764084,0.0006134602008387446,1.0909241437911987,1.0,1.0,1.0,0.2204374000430107,64.0,0.11363526433706284,1.546875,0.0,0.0,0.0
12600,0.022129319608211517,0.021406371146440506,0.0005761209176853299,1.0397089719772339,1.0,1.0,1.0,0.21569689991883934,64.0,0.11851473897695541,1.46875,0.0,0.0,0.0
12800,0.02382011152803898,0.02246537059545517,0.0007206997252069414,0.6641062498092651,1.0,1.0,1.0,0.23776990012265742,64.0,0.111116627852122,1.625,0.0,0.0,0.0
13000,0.022352002561092377,0.021154023706912994,0.0006661734078079462,0.8480753898620605,1.0,1.0,1.0,0.21942820004187524,64.0,0.11588545391956966,1.515625,0.0,0.0,0.0
13200,0.023167409002780914,0.02175312489271164,0.0006916668498888612,0.9096556901931763,1.0,1.0,1.0,0.24447080004028976,64.0,0.11326969414949417,1.59375,0.0,0.0,0.0
13400,0.02262907661497593,0.021783480420708656,0.0004227561876177788,0.851184606552124,1.0,1.0,1.0,0.23093640012666583,64.0,0.11759630963206291,1.515625,0.0,0.0,0.0
13600,0.021647458896040916,0.020515060052275658,0.000535897328518331,0.641427755355835,1.0,1.0,1.0,0.23118839995004237,64.0,0.11281313747167587,1.515625,0.0,0.0,0.0
13800,0.023843195289373398,0.022359566763043404,0.0005656794528476894,0.8114708065986633,1.0,1.0,1.0,0.23397219995968044,64.0,0.11347554624080658,1.515625,0.0,0.0,0.0
14000,0.021617427468299866,0.021110517904162407,0.0006993983406573534,0.8326300978660583,1.0,1.0,1.0,0.22939030011184514,64.0,0.11962396899859111,1.5,0.0,0.0,0.0
14200,0.022219931706786156,0.020677613094449043,0.0007177205407060683,0.8440797924995422,1.0,1.0,1.0,0.24550119997002184,64.0,0.11326635380585988,1.609375,0.0,0.0,0.0
14400,0.021856369450688362,0.02095707505941391,0.0005210249219089746,0.800547182559967,1.0,1.0,1.0,0.22980710002593696,64.0,0.11512022092938423,1.53125,0.0,0.0,0.0
14600,0.02174026146531105,0.019778462126851082,0.0005694801220670342,0.9912620186805725,1.0,1.0,1.0,0.2314331999514252,64.0,0.11081959803899129,1.515625,0.0,0.0,0.0
14800,0.02170349471271038,0.020955633372068405,0.0004868533869739622,0.84415203332901,1.0,1.0,1.0,0.22981290007010102,64.0,0.11608323951562245,1.484375,0.0,0.0,0.0
15000,0.021830812096595764,0.020557885989546776,0.000555691309273243,0.7379980087280273,1.0,1.0,1.0,0.2325436999090016,64.0,0.11773887028296788,1.53125,0.0,0.0,0.0
15200,0.02344568260014057,0.02249646931886673,0.0006745833088643849,0.8842185735702515,1.0,1.0,1.0,0.23991869995370507,64.0,0.1134079893430074,1.671875,0.0,0.0,0.0
15400,0.02149708941578865,0.02049039863049984,0.0004407138330861926,0.6889329552650452,1.0,1.0,1.0,0.20950610004365444,64.0,0.10511991133292516,1.4375,0.0,0.0,0.0
15600,0.02065216563642025,0.019573504105210304,0.0004096800403203815,0.8881333470344543,1.0,1.0,1.0,0.22383370017632842,64.0,0.11650983492533366,1.46875,0.0,0.0,0.0
15800,0.024298623204231262,0.02334740199148655,0.0008302710484713316,1.0095024108886719,1.0,1.0,1.0,0.2479121999349445,64.0,0.11615211019913356,1.6875,0.0,0.0,0.0
16000,0.02166314236819744,0.020710540935397148,0.0006146202213130891,0.8555302023887634,1.0,1.0,1.0,0.2206382998265326,64.0,0.11712145060300827,1.515625,0.0,0.0,0.0
16200,0.02625257708132267,0.024157961830496788,0.001553479116410017,1.0002989768981934,1.0018147230148315,0.6966385841369629,1.0490227937698364,0.260452400194481,64.0,0.10655937902629375,2.046875,0.0,0.0,0.0
16400,0.024670938029885292,0.022985147312283516,0.0015139320166781545,1.053001880645752,1.0012292861938477,0.7711441516876221,1.0483442544937134,0.2919397000223398,64.0,0.09771457128226757,1.984375,0.0,0.0,0.0
16600,0.023967966437339783,0.02272789180278778,0.0012916082050651312,1.0274943113327026,1.0012481212615967,0.7914925813674927,1.0473949909210205,0.28240550006739795,64.0,0.09637249261140823,1.96875,0.0,0.0,0.0
16800,0.02584170550107956,0.02386411465704441,0.0012705451808869839,0.9378445148468018,1.0009092092514038,0.8515422344207764,1.0487734079360962,0.27678640000522137,64.0,0.11190853267908096,1.984375,0.0,0.0,0.0
17000,0.026851318776607513,0.023905424401164055,0.0020686073694378138,0.8616783022880554,1.0017518997192383,0.7513661980628967,1.0491623878479004,0.3967720998916775,64.0,0.10009265318512917,2.078125,0.0,0.0,0.0
17200,0.026059836149215698,0.02429693005979061,0.001279399381019175,0.7126015424728394,1.000840425491333,0.8725312352180481,1.0481690168380737,0.3127075000666082,64.0,0.1027891281992197,2.0625,0.0,0.0,0.0
17400,0.025825979188084602,0.02386523224413395,0.0017597960541024804,0.8372606635093689,1.0013573169708252,0.7822763919830322,1.0455937385559082,0.3235500000882894,64.0,0.10373043827712536,2.109375,0.0,0.0,0.0
17600,0.026219399645924568,0.024154603481292725,0.0017056303331628442,0.9042810797691345,1.0014793872833252,0.7089465260505676,1.0471217632293701,0.35681769996881485,64.0,0.10525941103696823,2.09375,0.0,0.0,0.0
17800,0.025628354400396347,0.023874986916780472,0.0013477946631610394,0.7395285367965698,1.0012279748916626,0.7449977397918701,1.0470635890960693,0.34666959987953305,64.0,0.10456779971718788,2.03125,0.0,0.0,0.0
18000,0.024251820519566536,0.02237052097916603,0.0015401566633954644,0.9210073947906494,1.0020623207092285,0.6811409592628479,1.0480101108551025,0.39710240019485354,64.0,0.10318947397172451,2.015625,0.0,0.0,0.0
18200,0.02435741387307644,0.022956710308790207,0.00134706636890769,0.8835673928260803,1.0012441873550415,0.7928526997566223,1.0440598726272583,0.36452380008995533,64.0,0.1079412226875623,2.03125,0.0,0.0,0.0
18400,0.025836903601884842,0.023535752668976784,0.0018277610652148724,0.929289698600769,1.0013864040374756,0.8082568645477295,1.0473092794418335,0.42690539988689125,64.0,0.10283292271196842,2.046875,0.0,0.0,0.0
18600,0.02526995912194252,0.023994948714971542,0.0009571018163114786,0.9759401679039001,1.000539779663086,0.9263777732849121,1.0468955039978027,0.3077484997920692,64.0,0.11038672924041748,1.9375,0.0,0.0,0.0
18800,0.02513497695326805,0.02308419533073902,0.001302123419009149,1.1147964000701904,1.001295566558838,0.8053677082061768,1.0480918884277344,0.37307790014892817,64.0,0.11030602268874645,1.953125,0.0,0.0,0.0
19000,0.02446855418384075,0.022517602890729904,0.0014158491976559162,0.795933723449707,1.0012255907058716,0.8348287343978882,1.0473668575286865,0.3474819997791201,64.0,0.10756736745436986,1.921875,0.0,0.0,0.0
19200,0.026072433218359947,0.024465223774313927,0.001507216482423246,1.0044844150543213,1.0020948648452759,0.6417474746704102,1.0499358177185059,0.3381089000031352,64.0,0.10168299078941345,2.109375,0.0,0.0,0.0
19400,0.025596581399440765,0.02383977174758911,0.0012804139405488968,0.7478316426277161,1.0008840560913086,0.8700688481330872,1.0463306903839111,0.34929429995827377,64.0,0.10842236379782359,1.984375,0.0,0.0,0.0
19600,0.02580154873430729,0.02386031299829483,0.002708406187593937,0.827178418636322,1.0047111511230469,0.45949724316596985,1.0452637672424316,0.3705382999032736,64.0,0.09922469407320023,2.234375,0.0,0.0,0.0
19800,0.023201068863272667,0.02220790833234787,0.0008102393476292491,0.9310206174850464,1.0007866621017456,0.8172029852867126,1.046081781387329,0.3622033998835832,64.0,0.10974122087160747,1.921875,0.0,0.0,0.0
20000,0.024454807862639427,0.022821694612503052,0.0009558666497468948,0.663650393486023,1.0007952451705933,0.8709182739257812,1.0482432842254639,0.30865129991434515,64.0,0.11134329686562221,1.859375,0.0,0.0,0.0
20200,0.02502932772040367,0.02346222475171089,0.0015141937183216214,0.925226628780365,1.0010520219802856,0.800773024559021,1.047461748123169,0.38330250000581145,64.0,0.10073091462254524,2.203125,0.0,0.0,0.0
20400,0.0257541723549366,0.023445798084139824,0.0014089031610637903,0.9328393936157227,1.0016342401504517,0.7441649436950684,1.047485113143921,0.32613499998115003,64.0,0.10342736914753914,2.140625,0.0,0.0,0.0
20600,0.023646440356969833,0.022134337574243546,0.0009801092091947794,0.7705547213554382,1.0015695095062256,0.7259816527366638,1.0477428436279297,0.31103670014999807,64.0,0.10465629771351814,1.90625,0.0,0.0,0.0
20800,0.024541227146983147,0.02245420590043068,0.0017990975175052881,0.8765888214111328,1.0028553009033203,0.6021682620048523,1.048505187034607,0.347115800017491,64.0,0.10770285377899806,2.046875,0.0,0.0,0.0
21000,0.023663517087697983,0.022218937054276466,0.002027958631515503,1.1777979135513306,1.00375497341156,0.5012969374656677,1.0486029386520386,0.30333150015212595,64.0,0.10427535884082317,2.09375,0.0,0.0,0.0
21200,0.024225039407610893,0.02276383340358734,0.0011121417628601193,0.9389482140541077,1.0014113187789917,0.8317648768424988,1.0484658479690552,0.40942609985359013,64.0,0.10504269041121006,1.96875,0.0,0.0,0.0
21400,0.024569977074861526,0.022791428491473198,0.001124655012972653,0.8575289249420166,1.000958800315857,0.8298964500427246,1.0451977252960205,0.3164445001166314,64.0,0.11501822372277577,1.96875,0.0,0.0,0.0
21600,0.024127701297402382,0.022425998002290726,0.0014334175502881408,1.3808162212371826,1.0014209747314453,0.7644563913345337,1.0486637353897095,0.3696672001387924,64.0,0.10556638240814209,2.09375,0.0,0.0,0.0
21800,0.025308292359113693,0.022471776232123375,0.0010465740924701095,0.6886714100837708,1.001857042312622,0.790928065776825,1.0491597652435303,0.30542950006201863,64.0,0.10268112644553185,1.921875,0.0,0.0,0.0
22000,0.02344364859163761,0.02220417931675911,0.001186064793728292,1.0103710889816284,1.0018391609191895,0.6624449491500854,1.0495834350585938,0.33521370007656515,64.0,0.11180328577756882,1.953125,0.0,0.0,0.0
22200,0.025523561984300613,0.023522214964032173,0.0011381327640265226,0.9584386348724365,1.0015878677368164,0.7533695697784424,1.046618938446045,0.3126109999138862,64.0,0.09973988309502602,1.96875,0.0,0.0,0.0
22400,0.024649882689118385,0.023220054805278778,0.0017299158498644829,1.1029589176177979,1.0013753175735474,0.8064653277397156,1.048156499862671,0.3281680999789387,64.0,0.10667428933084011,2.1875,0.0,0.0,0.0
22600,0.022441668435931206,0.020662887021899223,0.0010470746783539653,0.8225663304328918,1.003082036972046,0.5624105930328369,1.046107530593872,0.3128724000416696,64.0,0.1176372766494751,1.859375,0.0,0.0,0.0
22800,0.023552503436803818,0.021893175318837166,0.001160153653472662,0.7549375295639038,1.0029023885726929,0.552849292755127,1.0464919805526733,0.302847099956125,64.0,0.09816108644008636,1.921875,0.0,0.0,0.0
23000,0.02645644173026085,0.024200404062867165,0.0013687261380255222,1.1178125143051147,1.001297116279602,0.8041190505027771,1.0478178262710571,0.3298930998425931,64.0,0.11111796647310257,2.09375,0.0,0.0,0.0
23200,0.023428773507475853,0.021645747125148773,0.0012727392604574561,1.0036722421646118,1.0015774965286255,0.7703106999397278,1.0478110313415527,0.32939209998585284,64.0,0.11251458774010341,1.921875,0.0,0.0,0.0
23400,0.02421797253191471,0.02202378772199154,0.0010035266168415546,0.8653102517127991,1.0015196800231934,0.8024443984031677,1.0462602376937866,0.3014249000698328,64.0,0.11374975989262263,1.90625,0.0,0.0,0.0
23600,0.02362350933253765,0.022173160687088966,0.0014981154818087816,0.8633413314819336,1.0020387172698975,0.6613234281539917,1.0485094785690308,0.3270858998876065,64.0,0.11057675381501515,2.078125,0.0,0.0,0.0
23800,0.025068948045372963,0.02329878881573677,0.001335138687863946,1.216529369354248,1.0010753870010376,0.8458575010299683,1.0487104654312134,0.3679107998032123,64.0,0.10778364911675453,2.109375,0.0,0.0,0.0
24000,0.024548089131712914,0.022719377651810646,0.0014467653818428516,0.8145093321800232,1.0011177062988281,0.8268810510635376,1.045395016670227,0.31160519993864,64.0,0.10825837900241216,2.0,0.0,0.0,0.0
24200,0.0258135087788105,0.024167656898498535,0.0020243164617568254,1.244942307472229,1.0022073984146118,0.7305190563201904,1.0488824844360352,0.42431869986467063,64.0,0.10202286392450333,2.109375,0.0,0.0,0.0
24400,0.025030765682458878,0.02304905280470848,0.001351783168502152,0.894824743270874,1.0016710758209229,0.7552931308746338,1.0472897291183472,0.31913019996136427,64.0,0.11210352927446365,2.0,0.0,0.0,0.0
24600,0.026375776156783104,0.023683512583374977,0.0014173053205013275,0.7268790006637573,1.0021559000015259,0.6691185832023621,1.046305537223816,0.30955860018730164,64.0,0.10478910803794861,1.859375,0.0,0.0,0.0
24800,0.023900050669908524,0.02244107611477375,0.0012074359692633152,1.2222501039505005,1.001616358757019,0.7905553579330444,1.047489881515503,0.3771884001325816,64.0,0.10897812061011791,2.15625,0.0,0.0,0.0
25000,0.02212868630886078,0.020715927705168724,0.0014771227724850178,1.1209282875061035,1.0020418167114258,0.7099121809005737,1.0471521615982056,0.3421122001018375,64.0,0.10868757218122482,2.0625,0.0,0.0,0.0
25200,0.024065382778644562,0.022501150146126747,0.0012336216168478131,1.1215168237686157,1.001340627670288,0.8098317384719849,1.0447301864624023,0.3143331001047045,64.0,0.11441920946041743,2.015625,0.0,0.0,0.0
25400,0.02256353758275509,0.021085895597934723,0.0010356333805248141,0.9408048987388611,1.0008219480514526,0.8858591914176941,1.0474998950958252,0.32454789988696575,64.0,0.10640674084424973,1.953125,0.0,0.0,0.0
25600,0.023614704608917236,0.022068345919251442,0.0012144355569034815,1.1938891410827637,1.0019127130508423,0.7084870934486389,1.0482174158096313,0.3703459999524057,64.0,0.10593140684068203,2.078125,0.0,0.0,0.0
25800,0.024530375376343727,0.022083044052124023,0.0012351499171927571,1.3635001182556152,1.001950979232788,0.7071748971939087,1.0490126609802246,0.36405690014362335,64.0,0.11231585405766964,1.96875,0.0,0.0,0.0
26000,0.0252834539860487,0.022862005978822708,0.0017102011479437351,0.7776588201522827,1.0018093585968018,0.7624937295913696,1.0483759641647339,0.44354790006764233,64.0,0.11423245444893837,2.078125,0.0,0.0,0.0
26200,0.023339537903666496,0.02130023017525673,0.0009198873885907233,1.2842903137207031,1.0009279251098633,0.8134798407554626,1.0494379997253418,0.5130451999139041,64.0,0.10921339131891727,1.96875,0.0,0.0,0.0
26400,0.025081930682063103,0.02209034189581871,0.0013722332660108805,0.7614189982414246,1.002301812171936,0.6946563720703125,1.046398401260376,0.34279530006460845,64.0,0.10424385964870453,2.078125,0.0,0.0,0.0
26600,0.023172074928879738,0.022034060209989548,0.0012772161280736327,0.8195774555206299,1.001434326171875,0.8213837146759033,1.0470815896987915,0.25688280002214015,64.0,0.11497028420368831,2.078125,0.0,0.0,0.0
26800,0.02763287164270878,0.025566814467310905,0.0021466852631419897,1.0245139598846436,1.0015161037445068,0.7088157534599304,1.0466341972351074,0.39618770009838045,64.0,0.10550293512642384,2.390625,0.0,0.0,0.0
27000,0.0233747661113739,0.021349571645259857,0.0016119376523420215,0.8166947960853577,1.0020822286605835,0.6598452925682068,1.0477744340896606,0.4044788999017328,64.0,0.10907375253736973,2.078125,0.0,0.0,0.0
27200,0.026642130687832832,0.023706085979938507,0.0019327782792970538,0.8689635396003723,1.0015512704849243,0.7777352929115295,1.0483399629592896,0.3198512000963092,64.0,0.10000631026923656,2.25,0.0,0.0,0.0
27400,0.026200300082564354,0.024539941921830177,0.0018442972796037793,0.8897975087165833,1.001069188117981,0.8319921493530273,1.0463277101516724,0.3454460999928415,64.0,0.11092447303235531,2.390625,0.0,0.0,0.0
27600,0.025906382128596306,0.02335488051176071,0.001843345700763166,0.8328469395637512,1.001469373703003,0.7667255401611328,1.0485767126083374,0.3936598999425769,64.0,0.10603513270616531,2.234375,0.0,0.0,0.0
27800,0.024632975459098816,0.02317589521408081,0.0014706144575029612,1.044492483139038,1.001104474067688,0.7779444456100464,1.046147346496582,0.4166337000206113,64.0,0.10465961508452892,2.296875,0.0,0.0,0.0
28000,0.02507598139345646,0.02355370484292507,0.0018074448453262448,0.8299086093902588,1.000996470451355,0.7794010639190674,1.0475084781646729,0.4105751998722553,64.0,0.10642657615244389,2.40625,0.0,0.0,0.0
28200,0.025144899263978004,0.023162130266427994,0.0016448346432298422,1.1681532859802246,1.0014667510986328,0.8048467636108398,1.049742579460144,0.35146260005421937,64.0,0.10542569868266582,2.3125,0.0,0.0,0.0
28400,0.02536490373313427,0.024351565167307854,0.0022763849701732397,0.9377280473709106,1.0037015676498413,0.5004468560218811,1.0482518672943115,0.33287889999337494,64.0,0.10828650370240211,2.34375,0.0,0.0,0.0
28600,0.026420149952173233,0.024756576865911484,0.0019089163979515433,0.9737648367881775,1.001387596130371,0.7267006635665894,1.0442466735839844,0.3638043999671936,64.0,0.09781572073698044,2.421875,0.0,0.0,0.0
28800,0.025461897253990173,0.024153832346200943,0.0019309031777083874,0.8312327861785889,1.001502513885498,0.6998834013938904,1.0500469207763672,0.3372732999268919,64.0,0.10825781524181366,2.4375,0.0,0.0,0.0
29000,0.02437209151685238,0.022945119068026543,0.0014798676129430532,1.1789101362228394,1.0017445087432861,0.7663910388946533,1.0469553470611572,0.3408540999516845,64.0,0.10662441700696945,2.28125,0.0,0.0,0.0
29200,0.023311797529459,0.021771181374788284,0.0010589536977931857,0.9615970253944397,1.001078724861145,0.8371528387069702,1.0475846529006958,0.30250320001505315,64.0,0.11117862351238728,2.015625,0.0,0.0,0.0
29400,0.02502116747200489,0.023731883615255356,0.00210549496114254,1.0242873430252075,1.0029115676879883,0.6374989151954651,1.047498106956482,0.2938899998553097,64.0,0.11103099398314953,2.25,0.0,0.0,0.0
29600,0.024858592078089714,0.02254716120660305,0.0015585727524012327,0.9642224907875061,1.001376986503601,0.8105689287185669,1.048518180847168,0.2660362001042813,64.0,0.10316472873091698,2.265625,0.0,0.0,0.0
29800,0.025790566578507423,0.023983919993042946,0.0019012207631021738,0.8987440466880798,1.0013083219528198,0.8084174394607544,1.0470020771026611,0.2780732000246644,64.0,0.11051420494914055,2.34375,0.0,0.0,0.0
30000,0.025601638481020927,0.023924287408590317,0.0020703384652733803,0.7091503739356995,1.0013906955718994,0.7602701187133789,1.0471806526184082,0.35393889993429184,64.0,0.10696655325591564,2.453125,0.0,0.0,0.0
30200,0.02367049641907215,0.021693769842386246,0.002331238240003586,0.9993330836296082,1.0075219869613647,0.33164331316947937,1.0486595630645752,0.28698209999129176,64.0,0.10363642424345017,2.171875,0.0,0.0,0.0
30400,0.025736801326274872,0.023917799815535545,0.0014895297354087234,1.1084364652633667,1.0016019344329834,0.7758190631866455,1.0478287935256958,0.3288209999445826,64.0,0.10630636848509312,2.25,0.0,0.0,0.0
30600,0.02461201697587967,0.02240254357457161,0.0014433738542720675,0.8417271971702576,1.00255286693573,0.5900514125823975,1.0477793216705322,0.33128800010308623,64.0,0.10587756521999836,2.234375,0.0,0.0,0.0
30800,0.026705697178840637,0.024159636348485947,0.0024960015434771776,0.8453719615936279,1.0027369260787964,0.5993688106536865,1.0486927032470703,0.3102337000891566,64.0,0.10293196327984333,2.34375,0.0,0.0,0.0
31000,0.025815527886152267,0.023961078375577927,0.001815869938582182,0.9822717308998108,1.0010730028152466,0.8320645093917847,1.0467264652252197,0.33550220006145537,64.0,0.11013894714415073,2.375,0.0,0.0,0.0
31200,0.0242515467107296,0.022856365889310837,0.0015736628556624055,0.9977279305458069,1.0010932683944702,0.8279504179954529,1.048256516456604,0.31343370000831783,64.0,0.10918360017240047,2.28125,0.0,0.0,0.0
31400,0.023756802082061768,0.02277732826769352,0.001383491326123476,0.8684079051017761,1.0007314682006836,0.8787479996681213,1.044282078742981,0.3182484998833388,64.0,0.1101448517292738,2.28125,0.0,0.0,0.0
31600,0.025066668167710304,0.02316926047205925,0.0013649283209815621,0.96640944480896,1.001242995262146,0.7960244417190552,1.0479220151901245,0.3159886000212282,64.0,0.10779260843992233,2.21875,0.0,0.0,0.0
31800,0.024067746475338936,0.022232728078961372,0.0014548931503668427,0.947569727897644,1.0012216567993164,0.8090153932571411,1.047825813293457,0.3057620998006314,64.0,0.11065075546503067,2.171875,0.0,0.0,0.0
32000,0.02450733818113804,0.022081313654780388,0.001764227170497179,0.8795475363731384,1.001297116279602,0.8333454132080078,1.047987937927246,0.3341513001359999,64.0,0.11039995402097702,2.265625,0.0,0.0,0.0
32200,0.023878764361143112,0.021775053814053535,0.001202679704874754,1.101028561592102,1.0012863874435425,0.8327117562294006,1.0470703840255737,0.3110154001042247,64.0,0.10383126325905323,2.09375,0.0,0.0,0.0
32400,0.02489658072590828,0.02276073954999447,0.0016102360095828772,0.8081462979316711,1.0019655227661133,0.7173262238502502,1.0475727319717407,0.3320010998286307,64.0,0.11225519701838493,2.140625,0.0,0.0,0.0
32600,0.02442045323550701,0.023203903809189796,0.0015866124304011464,0.9476086497306824,1.0017067193984985,0.7668225765228271,1.048573613166809,0.325223800027743,64.0,0.10632428154349327,2.28125,0.0,0.0,0.0
32800,0.0262542013078928,0.02402692474424839,0.0019432385452091694,0.9341360926628113,1.002022624015808,0.6585491895675659,1.0488994121551514,0.3457360998727381,64.0,0.09950902909040452,2.421875,0.0,0.0,0.0
33000,0.0254232008010149,0.024261781945824623,0.0017963825957849622,1.0662591457366943,1.0009280443191528,0.8645852208137512,1.0449951887130737,0.36631840001791716,64.0,0.11027447506785393,2.515625,0.0,0.0,0.0
33200,0.02381175570189953,0.022077053785324097,0.0019603436812758446,0.9401332139968872,1.0024826526641846,0.6635193228721619,1.0470091104507446,0.3252272999379784,64.0,0.11425458788871765,2.28125,0.0,0.0,0.0
33400,0.024660253897309303,0.022592712193727493,0.0017121885903179646,1.047921895980835,1.0024105310440063,0.6331072449684143,1.0489084720611572,0.3260832999367267,64.0,0.11411058530211449,2.25,0.0,0.0,0.0
33600,0.02540658973157406,0.023417355492711067,0.001562268938869238,0.5992286205291748,1.0016425848007202,0.7330282330513,1.0480715036392212,0.3398111001588404,64.0,0.10698065161705017,2.359375,0.0,0.0,0.0
33800,0.025911038741469383,0.0243564210832119,0.0025644470006227493,0.9187965393066406,1.0030544996261597,0.5842695832252502,1.046722650527954,0.3912588998209685,64.0,0.10695510506629943,2.578125,0.0,0.0,0.0
34000,0.025483841076493263,0.024146463721990585,0.0015596547164022923,1.0402402877807617,1.001039743423462,0.8409247398376465,1.048124074935913,0.32686159992590547,64.0,0.11197278462350368,2.375,0.0,0.0,0.0
34200,0.025538673624396324,0.023487817496061325,0.0015858793631196022,0.9767758250236511,1.0016716718673706,0.7521860003471375,1.046452522277832,0.32393339998088777,64.0,0.10780741088092327,2.3125,0.0,0.0,0.0
34400,0.026573482900857925,0.024391699582338333,0.0014613446546718478,0.9525733590126038,1.0013188123703003,0.7733772397041321,1.0488412380218506,0.35936330002732575,64.0,0.10579095594584942,2.296875,0.0,0.0,0.0
34600,0.024142300710082054,0.02255052514374256,0.001145934103988111,0.6953049898147583,1.0006905794143677,0.8942562341690063,1.0461961030960083,0.3309551998972893,64.0,0.11394113004207611,2.265625,0.0,0.0,0.0
34800,0.023387208580970764,0.021860074251890182,0.0019560768269002438,1.2703256607055664,1.0018491744995117,0.7608965039253235,1.0481083393096924,0.3201387000735849,64.0,0.11049797981977463,2.265625,0.0,0.0,0.0
35000,0.02401956170797348,0.022093474864959717,0.002126929583027959,1.0470125675201416,1.0021170377731323,0.7252820134162903,1.0484973192214966,0.3153950001578778,64.0,0.11417725682258606,2.265625,0.0,0.0,0.0
35200,0.023089749738574028,0.021348193287849426,0.0012398106046020985,0.9155722856521606,1.0013532638549805,0.7821142077445984,1.0481914281845093,0.3220228999853134,64.0,0.11281852424144745,2.203125,0.0,0.0,0.0
35400,0.023730333894491196,0.021506618708372116,0.0016212612390518188,0.7976644039154053,1.0021814107894897,0.6568264961242676,1.0463992357254028,0.3166124001145363,64.0,0.11056195758283138,2.234375,0.0,0.0,0.0
35600,0.023522790521383286,0.022408612072467804,0.0016142617678269744,0.822473406791687,1.0019779205322266,0.6404460668563843,1.049843192100525,0.3175800999160856,64.0,0.11224662512540817,2.296875,0.0,0.0,0.0
35800,0.024365518242120743,0.02214657887816429,0.0013770541409030557,0.8882744312286377,1.0012606382369995,0.8094185590744019,1.048435926437378,0.31179390009492636,64.0,0.11159671656787395,2.21875,0.0,0.0,0.0
36000,0.025475960224866867,0.023669524118304253,0.0023139184340834618,0.9175232648849487,1.001871109008789,0.7793040871620178,1.0494225025177002,0.3247510001529008,64.0,0.11320751905441284,2.296875,0.0,0.0,0.0
36200,0.0249760914593935,0.02304932102560997,0.0015958502190187573,0.9691647291183472,1.001722812652588,0.7154305577278137,1.048595905303955,0.33974680001847446,64.0,0.11010847054421902,2.25,0.0,0.0,0.0
36400,0.024204229936003685,0.022281551733613014,0.001584645127877593,0.7180101275444031,1.0015158653259277,0.7729851007461548,1.0475869178771973,0.31556200003251433,64.0,0.10545211657881737,2.1875,0.0,0.0,0.0
36600,0.023168565705418587,0.02088012360036373,0.0012346371077001095,1.1273279190063477,1.0010038614273071,0.8631117343902588,1.0485200881958008,0.31819420005194843,64.0,0.11151491105556488,2.21875,0.0,0.0,0.0
36800,0.027654753997921944,0.024879977107048035,0.002001739339902997,1.1158117055892944,1.0011467933654785,0.8623430132865906,1.049515962600708,0.3390929999295622,64.0,0.11189202591776848,2.4375,0.0,0.0,0.0
37000,0.024270860478281975,0.022304803133010864,0.001175408367998898,0.8406243920326233,1.0008469820022583,0.8780041933059692,1.0470614433288574,0.3123627998866141,64.0,0.10681098513305187,2.25,0.0,0.0,0.0
37200,0.02383834682404995,0.02189028449356556,0.0011292678536847234,0.985871434211731,1.0017457008361816,0.754152774810791,1.0466371774673462,0.3234586000908166,64.0,0.11186880245804787,2.125,0.0,0.0,0.0
37400,0.02519526705145836,0.022002361714839935,0.001439573708921671,0.8675231337547302,1.002179741859436,0.7549525499343872,1.0482571125030518,0.3130695999134332,64.0,0.11117025092244148,2.140625,0.0,0.0,0.0
37600,0.02384146861732006,0.022516800090670586,0.0014532883651554585,0.7664395570755005,1.0014883279800415,0.7152891159057617,1.0483944416046143,0.32134250015951693,64.0,0.11340294033288956,2.328125,0.0,0.0,0.0
37800,0.0266636461019516,0.024688903242349625,0.002183767734095454,0.8013022541999817,1.0013405084609985,0.8034697771072388,1.0482312440872192,0.35510999988764524,64.0,0.10897049866616726,2.453125,0.0,0.0,0.0
38000,0.02248910814523697,0.021174989640712738,0.0012186991516500711,0.9610025882720947,1.001441478729248,0.8111495971679688,1.0445053577423096,0.31055339984595776,64.0,0.10810646414756775,2.171875,0.0,0.0,0.0
38200,0.024437149986624718,0.022647850215435028,0.0016189994057640433,0.9343323111534119,1.0011683702468872,0.8480502963066101,1.0467866659164429,0.32947839982807636,64.0,0.11341696977615356,2.1875,0.0,0.0,0.0
38400,0.024611858651041985,0.02193562686443329,0.0022585317492485046,0.9283584952354431,1.0024058818817139,0.6760033965110779,1.0481483936309814,0.3175534999463707,64.0,0.10644425302743912,2.21875,0.0,0.0,0.0
38600,0.0245992261916399,0.022743191570043564,0.0014246576465666294,0.9292573928833008,1.0010496377944946,0.8710948824882507,1.048880696296692,0.3337664999999106,64.0,0.11330716870725155,2.28125,0.0,0.0,0.0
38800,0.024040261283516884,0.02203516848385334,0.0017817653715610504,0.9227006435394287,1.002130150794983,0.6909592151641846,1.0472640991210938,0.3241336001083255,64.0,0.10345607846975327,2.328125,0.0,0.0,0.0
39000,0.02562631107866764,0.02337520755827427,0.0021750922314822674,0.8966981172561646,1.0018284320831299,0.6960030198097229,1.0477067232131958,0.34950120002031326,64.0,0.10830864310264587,2.4375,0.0,0.0,0.0
39200,0.023549344390630722,0.02175583876669407,0.0025038942694664,0.807490885257721,1.001612663269043,0.7588934302330017,1.0459555387496948,0.377574399812147,64.0,0.10786864012479783,2.515625,0.0,0.0,0.0
39400,0.023293742910027504,0.021564096212387085,0.0013786618364974856,1.0342447757720947,1.0014020204544067,0.7532347440719604,1.0482765436172485,0.31894479994662106,64.0,0.11695455387234688,2.25,0.0,0.0,0.0
39600,0.024338766932487488,0.02246629074215889,0.0015920966397970915,1.2396550178527832,1.0020703077316284,0.7463639378547668,1.049586534500122,0.30022490001283586,64.0,0.11088701896369457,2.171875,0.0,0.0,0.0
39800,0.024796918034553528,0.022912226617336273,0.0019302006112411618,0.8256925940513611,1.0022501945495605,0.7095076441764832,1.0491204261779785,0.33093070005998015,64.0,0.1116857398301363,2.3125,0.0,0.0,0.0
40000,0.022052960470318794,0.020962927490472794,0.0010758837452158332,0.7610118985176086,1.0010931491851807,0.7817854881286621,1.046105980873108,0.31363640003837645,64.0,0.11100869253277779,2.15625,0.0,0.0,0.0
40200,0.025179291144013405,0.02304972894489765,0.0017372079892084002,1.1770784854888916,1.0011765956878662,0.8398690819740295,1.0473772287368774,0.31574780005030334,64.0,0.11347349360585213,2.28125,0.0,0.0,0.0
40400,0.024418393149971962,0.023222628980875015,0.0017608648631721735,0.79744553565979,1.0012688636779785,0.7381733655929565,1.0472991466522217,0.36470889998599887,64.0,0.11036867462098598,2.65625,0.0,0.0,0.0
40600,0.026280885562300682,0.023983152583241463,0.0025004048366099596,1.078855037689209,1.003178358078003,0.5916851162910461,1.0486857891082764,0.3564002998173237,64.0,0.0962740108370781,2.625,0.0,0.0,0.0
40800,0.024266524240374565,0.022298913449048996,0.0018520201556384563,1.2048965692520142,1.001262903213501,0.8324827551841736,1.0479782819747925,0.342356099979952,64.0,0.10192560404539108,2.53125,0.0,0.0,0.0
41000,0.027341337874531746,0.025046633556485176,0.0028267751913517714,0.7216880321502686,1.0019968748092651,0.692814290523529,1.047042727470398,0.39124020002782345,64.0,0.10324552804231643,2.6875,0.0,0.0,0.0
41200,0.026514900848269463,0.02396499365568161,0.002349067246541381,0.9892743229866028,1.001813292503357,0.6909618973731995,1.0491310358047485,0.3317002998664975,64.0,0.10866533033549786,2.515625,0.0,0.0,0.0
41400,0.024568699300289154,0.02278033457696438,0.0014920952962711453,0.7075140476226807,1.0009143352508545,0.8658435940742493,1.0491000413894653,0.3229506998322904,64.0,0.10616826824843884,2.375,0.0,0.0,0.0
41600,0.024094514548778534,0.021883737295866013,0.0017810524441301823,0.9718803763389587,1.0016748905181885,0.6761914491653442,1.048909068107605,0.34411639999598265,64.0,0.10048227459192276,2.46875,0.0,0.0,0.0
41800,0.024943381547927856,0.02256046049296856,0.0016924240626394749,0.728128969669342,1.0029047727584839,0.5616443157196045,1.0492619276046753,0.3355994999874383,64.0,0.10119070112705231,2.3125,0.0,0.0,0.0
42000,0.026266129687428474,0.02442461997270584,0.002025372115895152,1.0946087837219238,1.0020424127578735,0.7146278023719788,1.0483976602554321,0.34077050001360476,64.0,0.1043226346373558,2.40625,0.0,0.0,0.0
42200,0.023645833134651184,0.022214950993657112,0.0018002270953729749,0.9686663746833801,1.0013008117675781,0.8121996521949768,1.04960036277771,0.3281231001019478,64.0,0.11246197298169136,2.453125,0.0,0.0,0.0
42400,0.027204155921936035,0.024716462939977646,0.0026009315624833107,0.789341926574707,1.0016728639602661,0.774458646774292,1.0498512983322144,0.36285299994051456,64.0,0.10325685441493988,2.671875,0.0,0.0,0.0
42600,0.024508602917194366,0.022218644618988037,0.002001330256462097,0.8009154796600342,1.0032752752304077,0.5565276145935059,1.0457823276519775,0.32101650000549853,64.0,0.10051414519548416,2.265625,0.0,0.0,0.0
42800,0.025617238134145737,0.023525625467300415,0.0023128024768084288,1.0481518507003784,1.001662254333496,0.7543668150901794,1.0486801862716675,0.34756150003522635,64.0,0.10479927808046341,2.515625,0.0,0.0,0.0
43000,0.024819903075695038,0.023068930953741074,0.002419705269858241,0.8526299595832825,1.0017037391662598,0.769182562828064,1.049013614654541,0.34440970001742244,64.0,0.10857149809598923,2.546875,0.0,0.0,0.0
43200,0.024977054446935654,0.023019244894385338,0.0020162283908575773,0.7740482687950134,1.0018976926803589,0.7221662402153015,1.0469619035720825,0.3390087999869138,64.0,0.10736139267683029,2.5,0.0,0.0,0.0
43400,0.025200698524713516,0.02328924648463726,0.0017300486797466874,0.811899721622467,1.0010313987731934,0.8518633842468262,1.044447898864746,0.33594370004720986,64.0,0.10741267651319504,2.453125,0.0,0.0,0.0
43600,0.02270304411649704,0.021040059626102448,0.001797797973267734,0.8768447041511536,1.0013947486877441,0.7811616063117981,1.0476199388504028,0.32577110012061894,64.0,0.10925102233886719,2.390625,0.0,0.0,0.0
43800,0.02406780607998371,0.021578162908554077,0.0018937449203804135,0.8689420223236084,1.0020742416381836,0.7322466969490051,1.0498846769332886,0.3300914999563247,64.0,0.10165773332118988,2.28125,0.0,0.0,0.0
44000,0.026702793315052986,0.024248002097010612,0.0022035115398466587,1.0482041835784912,1.001847743988037,0.7477004528045654,1.0461403131484985,0.37438559997826815,64.0,0.1065529853105545,2.640625,0.0,0.0,0.0
44200,0.025946499779820442,0.023538557812571526,0.001985950628295541,0.8850272297859192,1.0012747049331665,0.7908725738525391,1.0469402074813843,0.37180460011586547,64.0,0.11127343401312828,2.609375,0.0,0.0,0.0
44400,0.025890475139021873,0.02411891147494316,0.0024374788627028465,0.9359176158905029,1.0013644695281982,0.7432393431663513,1.0472475290298462,0.3663238000590354,64.0,0.10175456702709199,2.734375,0.0,0.0,0.0
44600,0.025202885270118713,0.023366309702396393,0.001641545444726944,0.6517007946968079,1.0013010501861572,0.8200139999389648,1.0482468605041504,0.33315259986557066,64.0,0.10299203991889953,2.453125,0.0,0.0,0.0
44800,0.025194328278303146,0.022713785991072655,0.001842288882471621,0.8389014005661011,1.0019186735153198,0.7125796675682068,1.049047589302063,0.34677339997142553,64.0,0.10913976579904557,2.546875,0.0,0.0,0.0
45000,0.026160897687077522,0.02455807477235794,0.0018568711820989847,0.707724392414093,1.0008881092071533,0.8448812365531921,1.0482139587402344,0.3523227998521179,64.0,0.10649609118700028,2.59375,0.0,0.0,0.0
45200,0.025732500478625298,0.02396255172789097,0.002318415092304349,0.8534656763076782,1.0017602443695068,0.7528026700019836,1.0465168952941895,0.3503737999126315,64.0,0.11126485615968704,2.53125,0.0,0.0,0.0
45400,0.026592906564474106,0.02446075901389122,0.0022430396638810635,1.13345468044281,1.002486228942871,0.7275780439376831,1.0482585430145264,0.3346633999608457,64.0,0.11037786491215229,2.5625,0.0,0.0,0.0
45600,0.025080595165491104,0.023423004895448685,0.00195591920055449,0.7166041135787964,1.0008875131607056,0.8853123188018799,1.0455892086029053,0.36105450009927154,64.0,0.10860332697629929,2.703125,0.0,0.0,0.0
45800,0.02533101849257946,0.023025956004858017,0.003646567463874817,1.055666208267212,1.0029641389846802,0.6969665884971619,1.0460116863250732,0.37744500022381544,64.0,0.09716304515798886,2.6875,0.0,0.0,0.0
46000,0.024142779409885406,0.02199685201048851,0.001634784392081201,1.0771287679672241,1.0022656917572021,0.6723740100860596,1.0490360260009766,0.3341457999777049,64.0,0.10617281049489975,2.453125,0.0,0.0,0.0
46200,0.02602183073759079,0.024200011044740677,0.0026300710160285234,1.0033423900604248,1.0020283460617065,0.7005108594894409,1.0467467308044434,0.35762470006011426,64.0,0.10061834752559662,2.703125,0.0,0.0,0.0
46400,0.024645304307341576,0.022835837677121162,0.0015051612863317132,0.6975830793380737,1.0011569261550903,0.7624781727790833,1.048632264137268,0.3520930998492986,64.0,0.10850443691015244,2.4375,0.0,0.0,0.0
46600,0.023205231875181198,0.021568313241004944,0.0011681788600981236,0.7396338582038879,1.001930832862854,0.7519122958183289,1.0468121767044067,0.2989335998427123,64.0,0.11986795999109745,2.125,0.0,0.0,0.0
46800,0.026547905057668686,0.02386954054236412,0.002277686260640621,1.0068821907043457,1.0016872882843018,0.7723500728607178,1.0496973991394043,0.35551930009387434,64.0,0.1100763276219368,2.546875,0.0,0.0,0.0
47000,0.0239794310182333,0.02236292138695717,0.0018317726207897067,0.8482762575149536,1.0014790296554565,0.7947484850883484,1.049508810043335,0.3328657001256943,64.0,0.10792264193296433,2.359375,0.0,0.0,0.0
47200,0.02407599426805973,0.021218284964561462,0.002311930526047945,0.9312132596969604,1.0033936500549316,0.5801027417182922,1.0473512411117554,0.324116799980402,64.0,0.10696673393249512,2.28125,0.0,0.0,0.0
47400,0.024187134578824043,0.022111326456069946,0.0014860207447782159,0.8591306805610657,1.0010981559753418,0.8675018548965454,1.0489072799682617,0.35267009981907904,64.0,0.10116872042417527,2.546875,0.0,0.0,0.0
47600,0.024060431867837906,0.02207302302122116,0.0020319458562880754,0.8094304203987122,1.0017826557159424,0.6944917440414429,1.0487480163574219,0.3402114000637084,64.0,0.10230302512645721,2.515625,0.0,0.0,0.0
47800,0.0233534537255764,0.021839724853634834,0.0016347167547792196,0.7056202292442322,1.0015506744384766,0.7515870928764343,1.047491192817688,0.30969240004196763,64.0,0.11493860930204391,2.328125,0.0,0.0,0.0
48000,0.025962065905332565,0.024042053148150444,0.0024538279976695776,0.9029048085212708,1.0014408826828003,0.807954728603363,1.04993736743927,0.34579540020786226,64.0,0.09953529089689254,2.671875,0.0,0.0,0.0
48200,0.024216292425990105,0.02209135890007019,0.0013421564362943172,0.7784572243690491,1.001330852508545,0.7476779222488403,1.0474944114685059,0.33797640004195273,64.0,0.11117785796523094,2.296875,0.0,0.0,0.0
48400,0.025945931673049927,0.024508735164999962,0.002030356088653207,1.0712108612060547,1.00124192237854,0.7830323576927185,1.0490543842315674,0.35677949991077185,64.0,0.10461513251066208,2.703125,0.0,0.0,0.0
48600,0.025108803063631058,0.02306409552693367,0.001936120679602027,0.7941269278526306,1.00173020362854,0.6834640502929688,1.0471805334091187,0.3409950998611748,64.0,0.11032666638493538,2.609375,0.0,0.0,0.0
48800,0.023875167593359947,0.021278254687786102,0.0014799293130636215,0.6906300187110901,1.001688003540039,0.7815527319908142,1.0495879650115967,0.3440187999513,64.0,0.09151211318870385,2.328125,0.0,0.0,0.0
49000,0.025841085240244865,0.023900900036096573,0.0024688902776688337,0.9337896704673767,1.0012915134429932,0.7810423374176025,1.0477491617202759,0.3386229001916945,64.0,0.10947612673044205,2.671875,0.0,0.0,0.0
49200,0.024195190519094467,0.02276057004928589,0.0019121364457532763,0.988921582698822,1.0019173622131348,0.6858639717102051,1.0475410223007202,0.3397955000400543,64.0,0.11362102627754211,2.59375,0.0,0.0,0.0
49400,0.026004016399383545,0.023616086691617966,0.002156319795176387,1.0259751081466675,1.0024746656417847,0.5938680768013,1.0472524166107178,0.33914000005461276,64.0,0.10780491381883621,2.5,0.0,0.0,0.0
49600,0.026763655245304108,0.0242927148938179,0.0022158275824040174,0.927260160446167,1.0011775493621826,0.8570714592933655,1.0464149713516235,0.3863195001613349,64.0,0.10541333705186844,2.734375,0.0,0.0,0.0
49800,0.024604035541415215,0.022329341620206833,0.0015336258802562952,0.8388497829437256,1.0023410320281982,0.6248973608016968,1.047333836555481,0.33969129994511604,64.0,0.1056135892868042,2.375,0.0,0.0,0.0
50000,0.026047464460134506,0.023751771077513695,0.0013634753413498402,1.0579215288162231,1.0010664463043213,0.828569233417511,1.0480694770812988,0.34919300000183284,64.0,0.1062605619430542,2.515625,0.0,0.0,0.0
50200,0.026530759409070015,0.02388675883412361,0.002879682695493102,1.041288137435913,1.001878261566162,0.7400506734848022,1.049149751663208,0.3601533998735249,64.0,0.10836934000253677,2.640625,0.0,0.0,0.0
50400,0.024731360375881195,0.023094940930604935,0.002292569959536195,1.0627752542495728,1.0021172761917114,0.7075226306915283,1.0479432344436646,0.3572468999773264,64.0,0.11009735316038131,2.5625,0.0,0.0,0.0
50600,0.02676970325410366,0.024438781663775444,0.002875691279768944,0.9135665893554688,1.0017229318618774,0.7270113229751587,1.0474845170974731,0.3216343999374658,64.0,0.09967674563328426,2.890625,0.0,0.0,0.0
50800,0.02627132460474968,0.02387312799692154,0.002644727937877178,1.3001859188079834,1.001296043395996,0.8643540740013123,1.049382209777832,0.37790670013055205,64.0,0.10591889768838883,2.75,0.0,0.0,0.0
51000,0.026707084849476814,0.024513259530067444,0.0021976844873279333,0.8641108274459839,1.0010614395141602,0.8117407560348511,1.0478030443191528,0.3772420999594033,64.0,0.10649614334106446,2.78125,0.0,0.0,0.0
51200,0.024199973791837692,0.022715136408805847,0.001890657003968954,1.0271697044372559,1.001400113105774,0.7765713930130005,1.0491790771484375,0.33290060004219413,64.0,0.10767963677644729,2.578125,0.0,0.0,0.0
51400,0.02574845589697361,0.023834239691495895,0.003113886807113886,0.8173286318778992,1.0018137693405151,0.7617416977882385,1.0472444295883179,0.37910170014947653,64.0,0.10273199826478958,2.796875,0.0,0.0,0.0
51600,0.026438482105731964,0.024779627099633217,0.002484284108504653,1.2178984880447388,1.0012271404266357,0.8104033470153809,1.0471882820129395,0.36668650014325976,64.0,0.10055983662605286,2.765625,0.0,0.0,0.0
51800,0.028156207874417305,0.024661514908075333,0.003233542898669839,0.9796040058135986,1.0032215118408203,0.5737096071243286,1.0474246740341187,0.4036163999699056,64.0,0.09868387008706729,2.859375,0.0,0.0,0.0
52000,0.026702754199504852,0.023749472573399544,0.002563572721555829,1.0071150064468384,1.0020148754119873,0.6848302483558655,1.0489386320114136,0.37273070006631315,64.0,0.10376607030630111,2.640625,0.0,0.0,0.0
52200,0.02648845873773098,0.024864526465535164,0.002122741425409913,0.9135725498199463,1.0020501613616943,0.7022533416748047,1.0489438772201538,0.35163030005060136,64.0,0.10889557301998139,2.546875,0.0,0.0,0.0
52400,0.024809259921312332,0.022790908813476562,0.0023236374836415052,0.7805543541908264,1.001636266708374,0.7385693788528442,1.0470534563064575,0.34686910011805594,64.0,0.10475625842809677,2.59375,0.0,0.0,0.0
52600,0.025689706206321716,0.022750526666641235,0.0021423406433314085,1.0415921211242676,1.0017207860946655,0.7937648892402649,1.048845887184143,0.36682430002838373,64.0,0.10008080924550693,2.578125,0.0,0.0,0.0
52800,0.027858203276991844,0.02451072819530964,0.002715182024985552,0.8382670879364014,1.0029865503311157,0.615753173828125,1.0482290983200073,0.40159910009242594,64.0,0.09707432923217614,2.796875,0.0,0.0,0.0
53000,0.027156949043273926,0.024892538785934448,0.0026769479736685753,0.7172582149505615,1.0009700059890747,0.8950179219245911,1.0491018295288086,0.38029969995841384,64.0,0.10583554208278656,2.828125,0.0,0.0,0.0
53200,0.029044557362794876,0.026936104521155357,0.0036780470982193947,0.9007888436317444,1.0010679960250854,0.8315637707710266,1.0467207431793213,0.39962839987128973,64.0,0.09589169546961784,3.03125,0.0,0.0,0.0
53400,0.026355385780334473,0.0241653211414814,0.002666646149009466,0.8607001900672913,1.0010733604431152,0.8537493944168091,1.0498818159103394,0.38472339999862015,64.0,0.10552233606576919,2.890625,0.0,0.0,0.0
53600,0.02651206962764263,0.02323712594807148,0.0023545753210783005,0.876566469669342,1.0020780563354492,0.7582226991653442,1.0492455959320068,0.3644741999451071,64.0,0.10602929443120956,2.640625,0.0,0.0,0.0
53800,0.02576054260134697,0.023169247433543205,0.0020659160800278187,0.8413156867027283,1.0014405250549316,0.825567901134491,1.0481611490249634,0.3751846000086516,64.0,0.10298821479082107,2.671875,0.0,0.0,0.0
54000,0.028138993307948112,0.025341279804706573,0.002683793194591999,0.9680317640304565,1.0011887550354004,0.8326395153999329,1.0482622385025024,0.42084109992720187,64.0,0.09975028485059738,2.828125,0.0,0.0,0.0
54200,0.025090642273426056,0.02339877188205719,0.00220872787758708,0.8380577564239502,1.0014177560806274,0.7651283740997314,1.047932744026184,0.4041768000461161,64.0,0.10830344408750534,2.734375,0.0,0.0,0.0
54400,0.02471337467432022,0.022997770458459854,0.002079538768157363,0.7938001155853271,1.0012637376785278,0.7787783741950989,1.0490124225616455,0.36289320001378655,64.0,0.10798917524516582,2.734375,0.0,0.0,0.0
54600,0.027339285239577293,0.024846505373716354,0.003403428243473172,1.0037068128585815,1.003261685371399,0.5347910523414612,1.0502533912658691,0.40042320010252297,64.0,0.10239097028970719,2.796875,0.0,0.0,0.0
54800,0.02589207887649536,0.024034781381487846,0.002568434923887253,0.8676630854606628,1.0017824172973633,0.6943795084953308,1.0472736358642578,0.3702706000767648,64.0,0.10721990168094635,2.78125,0.0,0.0,0.0
55000,0.027426986023783684,0.025786345824599266,0.002788715995848179,0.9620134830474854,1.0015954971313477,0.7226812243461609,1.0495160818099976,0.3902076000813395,64.0,0.10088445395231246,3.0,0.0,0.0,0.0
55200,0.025891058146953583,0.02396905981004238,0.0023951204493641853,0.9913003444671631,1.0013296604156494,0.7865497469902039,1.0474276542663574,0.3632960000541061,64.0,0.11334557458758354,2.734375,0.0,0.0,0.0
55400,0.025024713948369026,0.023551367223262787,0.0018067032797262073,1.0111562013626099,1.0018655061721802,0.7395584583282471,1.0479013919830322,0.32456679991446435,64.0,0.11488939449191093,2.453125,0.0,0.0,0.0
55600,0.025345534086227417,0.023093460127711296,0.0026422676164656878,0.6407578587532043,1.0010037422180176,0.821921706199646,1.0475873947143555,0.39295120001770556,64.0,0.10530244434873264,2.921875,0.0,0.0,0.0
55800,0.02617017552256584,0.024166911840438843,0.002999638207256794,0.9279361367225647,1.001675009727478,0.745337188243866,1.0467463731765747,0.401835200143978,64.0,0.10684153735637665,2.875,0.0,0.0,0.0
56000,0.02668355032801628,0.024994123727083206,0.0032383932266384363,0.9134640097618103,1.0018823146820068,0.7157175540924072,1.0464345216751099,0.3872587000951171,64.0,0.10705545544624329,2.890625,0.0,0.0,0.0
56200,0.026898346841335297,0.02392682433128357,0.0029194036033004522,1.0031663179397583,1.0020771026611328,0.6983680129051208,1.0495874881744385,0.37478849990293384,64.0,0.10350732505321503,2.75,0.0,0.0,0.0
56400,0.026391301304101944,0.023370740935206413,0.0038349595852196217,0.7657393217086792,1.0022366046905518,0.7341715097427368,1.0466240644454956,0.38557009981013834,64.0,0.09953013186653455,2.71875,0.0,0.0,0.0
56600,0.02683022990822792,0.024672500789165497,0.0027697901241481304,1.1573532819747925,1.0031949281692505,0.5520005226135254,1.04720139503479,0.39458100008778274,64.0,0.09543759748339653,2.9375,0.0,0.0,0.0
56800,0.02681099809706211,0.02458368055522442,0.002262166468426585,0.9142796993255615,1.0019382238388062,0.7612707614898682,1.046695590019226,0.36277669994160533,64.0,0.10061554908752442,2.703125,0.0,0.0,0.0
57000,0.024286365136504173,0.022527139633893967,0.002344501204788685,0.8938172459602356,1.001664638519287,0.7585127353668213,1.0468299388885498,0.3707169000990689,64.0,0.10626836717128754,2.671875,0.0,0.0,0.0
57200,0.026263605803251266,0.023527661338448524,0.0023922526743263006,0.9613884687423706,1.0010181665420532,0.837312638759613,1.048365592956543,0.3863260999787599,64.0,0.10529274369279544,2.953125,0.0,0.0,0.0
57400,0.02613944001495838,0.024514367803931236,0.0024782156106084585,0.9544762372970581,1.0015226602554321,0.7681931853294373,1.0463827848434448,0.3839256998617202,64.0,0.10801666527986527,2.859375,0.0,0.0,0.0
57600,0.026024222373962402,0.023247549310326576,0.0021984349004924297,0.9011467695236206,1.0015114545822144,0.7768096327781677,1.0479408502578735,0.3619728998746723,64.0,0.10469105541706085,2.546875,0.0,0.0,0.0
57800,0.026367684826254845,0.023953888565301895,0.002168768085539341,0.7533667087554932,1.0007236003875732,0.890490710735321,1.0482193231582642,0.38261569989845157,64.0,0.10638609677553176,2.828125,0.0,0.0,0.0
58000,0.024401338770985603,0.021934572607278824,0.0027221650816500187,0.9506480097770691,1.0038840770721436,0.5451904535293579,1.0495604276657104,0.3681926999706775,64.0,0.0994843343893687,2.5625,0.0,0.0,0.0
58200,0.026411322876811028,0.023298706859350204,0.002327908296138048,1.041128396987915,1.001863718032837,0.7439593076705933,1.0491541624069214,0.3698537000454962,64.0,0.10165979415178299,2.734375,0.0,0.0,0.0
58400,0.025484981015324593,0.02249225042760372,0.002054551849141717,0.8453543186187744,1.0012739896774292,0.8148393630981445,1.0455849170684814,0.35187789984047413,64.0,0.10877431333065032,2.578125,0.0,0.0,0.0
58600,0.027954433113336563,0.02474212273955345,0.002564488211646676,0.9908737540245056,1.0017337799072266,0.7584355473518372,1.0486375093460083,0.3407572000287473,64.0,0.10463174283504487,2.5625,0.0,0.0,0.0
58800,0.026238881051540375,0.024056531488895416,0.0026714205741882324,0.8123107552528381,1.0019068717956543,0.725583016872406,1.049534797668457,0.38908440014347434,64.0,0.10556270480155945,2.828125,0.0,0.0,0.0
59000,0.026806162670254707,0.02418636530637741,0.0029153074137866497,0.8862454295158386,1.0014135837554932,0.7952595353126526,1.048071265220642,0.3917853001039475,64.0,0.10562540143728257,2.921875,0.0,0.0,0.0
59200,0.026502707973122597,0.02421427145600319,0.002766482997685671,0.9160116910934448,1.0023219585418701,0.7117332816123962,1.0498005151748657,0.3885491001419723,64.0,0.10932772606611252,2.625,0.0,0.0,0.0
59400,0.027800848707556725,0.025413310155272484,0.0037332624197006226,0.9431295394897461,1.001688003540039,0.7143577337265015,1.049152135848999,0.4399525998160243,64.0,0.10522626340389252,3.0,0.0,0.0,0.0
59600,0.025592835620045662,0.02319341152906418,0.0030331534799188375,1.1989549398422241,1.0030306577682495,0.5996874570846558,1.0462005138397217,0.37687409995123744,64.0,0.10048165172338486,2.8125,0.0,0.0,0.0
59800,0.027429454028606415,0.023815499618649483,0.002840827452018857,0.9343474507331848,1.0020910501480103,0.7341434955596924,1.0487732887268066,0.37456180015578866,64.0,0.10728850066661835,2.75,0.0,0.0,0.0
60000,0.025805527344346046,0.023089386522769928,0.002771203638985753,1.2008841037750244,1.0012130737304688,0.8476398587226868,1.0496087074279785,0.38205659994855523,64.0,0.10629506409168243,2.765625,0.0,0.0,0.0
60200,0.02733609639108181,0.02411940135061741,0.0025735103990882635,0.9833548665046692,1.0012773275375366,0.8360704183578491,1.050054907798767,0.4118809001520276,64.0,0.09661980345845222,2.859375,0.0,0.0,0.0
60400,0.02605261467397213,0.023962967097759247,0.003301527351140976,0.976546049118042,1.0007975101470947,0.8587323427200317,1.0468049049377441,0.4062095999252051,64.0,0.1119574025273323,2.9375,0.0,0.0,0.0
60600,0.0280623622238636,0.0247713141143322,0.0036790678277611732,1.091822624206543,1.0028117895126343,0.6561971306800842,1.04951810836792,0.40496319998055696,64.0,0.09257934552927811,2.859375,0.0,0.0,0.0
60800,0.02516724355518818,0.022967353463172913,0.001941056689247489,1.2238237857818604,1.001465082168579,0.806062638759613,1.0488656759262085,0.34154789987951517,64.0,0.10679359287023545,2.546875,0.0,0.0,0.0
61000,0.026414619758725166,0.02399558201432228,0.0023757880553603172,1.0118263959884644,1.0019553899765015,0.6705316305160522,1.0484074354171753,0.41716090007685125,64.0,0.10801341831684112,2.75,0.0,0.0,0.0
61200,0.027834169566631317,0.02479720115661621,0.0027808425948023796,0.9725480675697327,1.0024938583374023,0.6738945841789246,1.0489177703857422,0.3720565000548959,64.0,0.10156688963373502,2.78125,0.0,0.0,0.0
61400,0.027026746422052383,0.023951195180416107,0.0027554964181035757,0.7254825234413147,1.0021692514419556,0.7544777393341064,1.046246886253357,0.39139939984306693,64.0,0.09728558858235677,2.796875,0.0,0.0,0.0
61600,0.026764091104269028,0.024678092449903488,0.002703939564526081,0.887410044670105,1.0009816884994507,0.8672191500663757,1.047770380973816,0.3877128998283297,64.0,0.1093515691657861,2.96875,0.0,0.0,0.0
61800,0.02606472186744213,0.022771649062633514,0.0030381795950233936,0.8521393537521362,1.0027889013290405,0.6790668964385986,1.0485749244689941,0.38338700006715953,64.0,0.10529269129037858,2.703125,0.0,0.0,0.0
62000,0.025068562477827072,0.023481329903006554,0.0025351576041430235,0.966279149055481,1.0017211437225342,0.7386713027954102,1.0493834018707275,0.3915523998439312,64.0,0.11076672971248627,2.96875,0.0,0.0,0.0
62200,0.02613406628370285,0.023805802688002586,0.003077779896557331,0.8598482608795166,1.002150058746338,0.658305823802948,1.0465325117111206,0.40281979995779693,64.0,0.10180815160274506,2.984375,0.0,0.0,0.0
62400,0.02641741745173931,0.02439149096608162,0.002687654457986355,1.0481702089309692,1.0015294551849365,0.815809428691864,1.0501188039779663,0.3823110999073833,64.0,0.10773508548736573,2.8125,0.0,0.0,0.0
62600,0.026576530188322067,0.025057215243577957,0.0025710919871926308,0.8583077788352966,1.0019559860229492,0.731981635093689,1.0479711294174194,0.38262270018458366,64.0,0.10609973520040512,2.828125,0.0,0.0,0.0
62800,0.025197964161634445,0.023893307894468307,0.0029393525328487158,1.0979282855987549,1.0016148090362549,0.7655786871910095,1.0456209182739258,0.3366180998273194,64.0,0.10911898501217365,2.78125,0.0,0.0,0.0
63000,0.0240167286247015,0.022278327494859695,0.002194054191932082,1.0582842826843262,1.0012496709823608,0.7939462661743164,1.0460072755813599,0.3565722000785172,64.0,0.11379787512123585,2.671875,0.0,0.0,0.0
63200,0.024635501205921173,0.022306792438030243,0.0017110774060711265,0.8495544195175171,1.0013821125030518,0.7356075644493103,1.0469456911087036,0.3586245998740196,64.0,0.10610884130001068,2.6875,0.0,0.0,0.0
63400,0.02643231302499771,0.02412089705467224,0.0026663681492209435,0.8694820404052734,1.0011136531829834,0.8342883586883545,1.0483120679855347,0.3775764999445528,64.0,0.10541647225618363,2.84375,0.0,0.0,0.0
63600,0.027404870837926865,0.02434995397925377,0.002681936603039503,1.0778965950012207,1.0017074346542358,0.8138562440872192,1.0494569540023804,0.38994350004941225,64.0,0.1084204837679863,2.765625,0.0,0.0,0.0
63800,0.025806182995438576,0.02470136061310768,0.002328451257199049,1.0051991939544678,1.0007519721984863,0.8454464673995972,1.0436409711837769,0.3829948001075536,64.0,0.10923821181058883,2.90625,0.0,0.0,0.0
64000,0.02591189183294773,0.023304473608732224,0.0024538589641451836,1.2406365871429443,1.0014053583145142,0.8158642649650574,1.0476365089416504,0.36735009984113276,64.0,0.10573723465204239,2.75,0.0,0.0,0.0
64200,0.025652753189206123,0.02317214570939541,0.002235681749880314,0.8683610558509827,1.002013921737671,0.630705714225769,1.0474631786346436,0.3834816000889987,64.0,0.10423899739980698,2.765625,0.0,0.0,0.0
64400,0.026086056604981422,0.02333848923444748,0.00242807250469923,0.7582318186759949,1.0024813413619995,0.7218850255012512,1.0482128858566284,0.37469740002416074,64.0,0.10009943569699924,2.640625,0.0,0.0,0.0
64600,0.025989845395088196,0.023367073386907578,0.0025506834499537945,0.8920096158981323,1.0014479160308838,0.7744063138961792,1.047951579093933,0.4084085999056697,64.0,0.10104881475369136,2.828125,0.0,0.0,0.0
64800,0.025341564789414406,0.023343326523900032,0.0022753183729946613,1.024604320526123,1.0021177530288696,0.6298675537109375,1.048741102218628,0.3536422001197934,64.0,0.11939635500311852,2.640625,0.0,0.0,0.0
65000,0.026288878172636032,0.02404702641069889,0.002475101500749588,0.6853495836257935,1.0011576414108276,0.8341690897941589,1.0485202074050903,0.38398879999294877,64.0,0.10757220089435578,2.828125,0.0,0.0,0.0
65200,0.02479069121181965,0.022968120872974396,0.0020657202694565058,0.7474488019943237,1.0010933876037598,0.7858091592788696,1.0481079816818237,0.33730340003967285,64.0,0.10528863370418548,2.578125,0.0,0.0,0.0
65400,0.026475131511688232,0.02458367869257927,0.003035807516425848,0.9526408314704895,1.001818060874939,0.7712793946266174,1.0487185716629028,0.4033242000732571,64.0,0.10071490084131558,3.046875,0.0,0.0,0.0
65600,0.02675842121243477,0.024837862700223923,0.00352486502379179,1.0926306247711182,1.002071738243103,0.671697735786438,1.0487812757492065,0.4708565999753773,64.0,0.10678905621170998,2.90625,0.0,0.0,0.0
65800,0.027017932385206223,0.02483765222132206,0.0027723207604140043,0.9631621241569519,1.0013630390167236,0.7632312178611755,1.0482991933822632,0.5883493998553604,64.0,0.10151778161525726,2.921875,0.0,0.0,0.0
66000,0.025679368525743484,0.023442203179001808,0.0021525858901441097,1.1220319271087646,1.0011461973190308,0.8066341876983643,1.0449485778808594,0.40568840014748275,64.0,0.10517287701368332,2.859375,0.0,0.0,0.0
66200,0.024927867576479912,0.023409320041537285,0.0025644765701144934,1.0824419260025024,1.0029257535934448,0.5828901529312134,1.0469491481781006,0.4577375000808388,64.0,0.10770890265703201,2.765625,0.0,0.0,0.0
66400,0.02792847901582718,0.025739680975675583,0.0025035247672349215,0.8724325895309448,1.0016634464263916,0.7561460733413696,1.0471160411834717,0.4554132998455316,64.0,0.10727746784687042,2.875,0.0,0.0,0.0
66600,0.02356860600411892,0.022100621834397316,0.0018833258654922247,0.8506045937538147,1.001535415649414,0.7720014452934265,1.0462087392807007,0.5096938998904079,64.0,0.10535217523574829,2.671875,0.0,0.0,0.0
66800,0.02547384798526764,0.023454323410987854,0.0017542900750413537,1.04326593875885,1.0010350942611694,0.8371764421463013,1.049136996269226,0.524354999884963,64.0,0.10987863093614578,2.640625,0.0,0.0,0.0
67000,0.02425968088209629,0.021940169855952263,0.002052220981568098,0.7550118565559387,1.0010796785354614,0.8312797546386719,1.0488100051879883,0.5284337000921369,64.0,0.11082209497690201,2.671875,0.0,0.0,0.0
67200,0.025565309450030327,0.02301042526960373,0.0030306922271847725,1.0042738914489746,1.0025482177734375,0.6010857224464417,1.0488190650939941,0.6046732999384403,64.0,0.11056383103132247,2.703125,0.0,0.0,0.0
67400,0.024870019406080246,0.022142678499221802,0.002201851224526763,0.920211136341095,1.0011478662490845,0.8132513761520386,1.0483372211456299,0.4539840999059379,64.0,0.10444103802243869,2.671875,0.0,0.0,0.0
67600,0.026101429015398026,0.023051807656884193,0.002937226789072156,0.8953822255134583,1.0012280941009521,0.8239670395851135,1.049425721168518,0.5098651999142021,64.0,0.10103090728322665,2.78125,0.0,0.0,0.0
67800,0.025079622864723206,0.023547081276774406,0.0027515110559761524,1.0257019996643066,1.0017815828323364,0.7154978513717651,1.047070860862732,0.4791127999778837,64.0,0.0998390366633733,2.875,0.0,0.0,0.0
68000,0.02670912630856037,0.024752343073487282,0.002245911629870534,0.8675823211669922,1.0016919374465942,0.7724322080612183,1.0487140417099,0.4256992000155151,64.0,0.10896471589803695,2.703125,0.0,0.0,0.0
68200,0.026624897494912148,0.024934062734246254,0.003079671412706375,1.1276978254318237,1.0019606351852417,0.7150436043739319,1.048574686050415,0.5063024000264704,64.0,0.10495607107877732,2.90625,0.0,0.0,0.0
68400,0.025109751150012016,0.02297634817659855,0.0022946218959987164,0.7653295993804932,1.0015201568603516,0.767281174659729,1.0481542348861694,0.43556230003014207,64.0,0.10077858467896779,2.796875,0.0,0.0,0.0
68600,0.02468516118824482,0.023560121655464172,0.0017804540693759918,0.8098613023757935,1.001277208328247,0.71734619140625,1.0453083515167236,0.4041885999031365,64.0,0.1165061816573143,2.59375,0.0,0.0,0.0
68800,0.025152001529932022,0.02274547703564167,0.0024897644761949778,0.8327692151069641,1.0024443864822388,0.6584241986274719,1.0494011640548706,0.40970680001191795,64.0,0.10945508778095245,2.609375,0.0,0.0,0.0
69000,0.027047840878367424,0.02531658485531807,0.00256264116615057,0.99361252784729,1.0013068914413452,0.8042548894882202,1.0462112426757812,0.471909899963066,64.0,0.10836119651794433,2.875,0.0,0.0,0.0
69200,0.02543424814939499,0.022916100919246674,0.002556494902819395,0.9726890921592712,1.001739740371704,0.7694923281669617,1.045994758605957,0.40707459999248385,64.0,0.10368671019872029,2.90625,0.0,0.0,0.0
69400,0.026232752948999405,0.023855220526456833,0.0025035329163074493,1.0155291557312012,1.00110924243927,0.8283059000968933,1.047110915184021,0.38391779991798103,64.0,0.10696923732757568,2.875,0.0,0.0,0.0
69600,0.02521633170545101,0.02307666651904583,0.0019698096439242363,0.9155043363571167,1.0015653371810913,0.7472309470176697,1.0483193397521973,0.39063260005787015,64.0,0.11259013265371323,2.703125,0.0,0.0,0.0
69800,0.02568083256483078,0.02392512932419777,0.0022876295261085033,0.8914469480514526,1.0010859966278076,0.8155093193054199,1.048417568206787,0.38809369993396103,64.0,0.10536787062883377,2.890625,0.0,0.0,0.0
70000,0.02646741271018982,0.02451551891863346,0.0022994913160800934,0.824228048324585,1.0014194250106812,0.7318723797798157,1.049129605293274,0.4108206999953836,64.0,0.1045109232266744,2.90625,0.0,0.0,0.0
70200,0.025317005813121796,0.023083480075001717,0.0027945376932621002,0.7785149812698364,1.0023155212402344,0.6134660840034485,1.0484976768493652,0.41566509986296296,64.0,0.10299898982048035,2.71875,0.0,0.0,0.0
70400,0.024660276249051094,0.022231372073292732,0.0017186510376632214,0.6576367020606995,1.0015254020690918,0.7103601098060608,1.0470149517059326,0.3556184000335634,64.0,0.11078335344791412,2.59375,0.0,0.0,0.0
70600,0.02476818859577179,0.02276693284511566,0.0022070796694606543,0.7459391355514526,1.0018808841705322,0.7343600988388062,1.0472242832183838,0.36688180011697114,64.0,0.11823441535234451,2.765625,0.0,0.0,0.0
70800,0.025691144168376923,0.023811273276805878,0.002284382004290819,0.8859360814094543,1.0016233921051025,0.8041167259216309,1.0460097789764404,0.3889888001140207,64.0,0.10556242366631825,2.75,0.0,0.0,0.0
71000,0.025368707254529,0.023516643792390823,0.002433844842016697,1.1417909860610962,1.0014779567718506,0.8239366412162781,1.0492360591888428,0.4323640000075102,64.0,0.10924314856529235,2.78125,0.0,0.0,0.0
71200,0.02549212984740734,0.02349505014717579,0.0020354401785880327,0.9129979014396667,1.0010179281234741,0.8445574045181274,1.0475146770477295,0.4414494999218732,64.0,0.11424173712730408,2.796875,0.0,0.0,0.0
71400,0.024179043248295784,0.022554846480488777,0.0016600025119259953,0.8930437564849854,1.001349925994873,0.7723064422607422,1.0486786365509033,0.37957379990257323,64.0,0.10730676203966141,2.578125,0.0,0.0,0.0
71600,0.02581586129963398,0.02422283962368965,0.0032593433279544115,1.2056223154067993,1.001525640487671,0.8010462522506714,1.0462771654129028,0.42840909981168807,64.0,0.10881984233856201,3.0,0.0,0.0,0.0
71800,0.025902090594172478,0.023396234959363937,0.0027856866363435984,0.8541486263275146,1.0029633045196533,0.6093689203262329,1.04776132106781,0.3912506999913603,64.0,0.10241225113471349,2.6875,0.0,0.0,0.0
72000,0.024759741500020027,0.023299528285861015,0.0017485386924818158,1.0280157327651978,1.0009911060333252,0.819003164768219,1.0484306812286377,0.4180320000741631,64.0,0.10864251405000687,2.84375,0.0,0.0,0.0
72200,0.025649985298514366,0.02333487942814827,0.002334929769858718,0.9742212295532227,1.001369595527649,0.8170560002326965,1.0492289066314697,0.3793486999347806,64.0,0.1055407166481018,2.609375,0.0,0.0,0.0
72400,0.022410167381167412,0.020542098209261894,0.0018534796545282006,0.7341302037239075,1.001347541809082,0.7995266318321228,1.0448426008224487,0.37187100015580654,64.0,0.11235904395580291,2.453125,0.0,0.0,0.0
72600,0.025538768619298935,0.02314382791519165,0.0024546929635107517,0.8461330533027649,1.0010274648666382,0.8477981686592102,1.0472400188446045,0.39920499990694225,64.0,0.1108349288503329,2.796875,0.0,0.0,0.0
72800,0.026071986183524132,0.02359119802713394,0.0018342137336730957,0.7323359251022339,1.0016427040100098,0.7522459030151367,1.049454689025879,0.4160228001419455,64.0,0.10400316119194031,2.671875,0.0,0.0,0.0
73000,0.024483434855937958,0.022741032764315605,0.0018972137477248907,0.8550070524215698,1.001685380935669,0.7420873641967773,1.0434036254882812,0.45617609983310103,64.0,0.11418701261281967,2.734375,0.0,0.0,0.0
73200,0.023108981549739838,0.020696142688393593,0.002849347423762083,1.0818649530410767,1.0029489994049072,0.609257698059082,1.0460766553878784,0.4096762000117451,64.0,0.0994934222350518,2.71875,0.0,0.0,0.0
73400,0.02705410122871399,0.023829560726881027,0.0033889077603816986,0.9219042658805847,1.0024937391281128,0.6700722575187683,1.0473576784133911,0.42554239998571575,64.0,0.09796721612413724,2.796875,0.0,0.0,0.0
73600,0.027011718600988388,0.02458418533205986,0.0024142891634255648,1.0533989667892456,1.001111388206482,0.7978305220603943,1.0456082820892334,0.4247911998536438,64.0,0.1058198834458987,2.828125,0.0,0.0,0.0
73800,0.026898453012108803,0.025253014639019966,0.002978304633870721,0.8416262269020081,1.0014448165893555,0.7401396036148071,1.0466973781585693,0.43546690000221133,64.0,0.10343004142244656,3.171875,0.0,0.0,0.0
74000,0.02580019272863865,0.023583674803376198,0.0027877993416041136,0.8185304403305054,1.0017369985580444,0.7678830027580261,1.0491888523101807,0.43373509985394776,64.0,0.10443592816591263,2.96875,0.0,0.0,0.0
74200,0.025373708456754684,0.023326899856328964,0.001733131124638021,0.8218445181846619,1.0013067722320557,0.8025184273719788,1.0459669828414917,0.39507159986533225,64.0,0.11141902506351471,2.71875,0.0,0.0,0.0
74400,0.02736368216574192,0.024916619062423706,0.0031233869958668947,1.0501412153244019,1.0021740198135376,0.7096072435379028,1.047666311264038,0.5560029000043869,64.0,0.10435731410980224,2.84375,0.0,0.0,0.0
74600,0.025193212553858757,0.023169569671154022,0.0023987959139049053,0.8216801881790161,1.001404881477356,0.7915060520172119,1.048043966293335,0.41407909989356995,64.0,0.09896026675899823,2.796875,0.0,0.0,0.0
74800,0.026956645771861076,0.024244511500000954,0.0038081950042396784,1.0578551292419434,1.0025639533996582,0.6822891235351562,1.0480273962020874,0.4335278000216931,64.0,0.10197050993641217,2.8125,0.0,0.0,0.0
75000,0.02507752925157547,0.023594414815306664,0.002527738455682993,0.8251732587814331,1.0018901824951172,0.69163978099823,1.04865562915802,0.42978290002793074,64.0,0.10552456080913544,2.796875,0.0,0.0,0.0
75200,0.02538454905152321,0.023056184872984886,0.0017540162662044168,0.6528722047805786,1.0011776685714722,0.8361586928367615,1.0487985610961914,0.3937538000755012,64.0,0.11413521319627762,2.65625,0.0,0.0,0.0
75400,0.024928748607635498,0.022015517577528954,0.002575189806520939,0.8235247135162354,1.0027521848678589,0.6522970795631409,1.0472866296768188,0.3847759999334812,64.0,0.10240636467933655,2.625,0.0,0.0,0.0
75600,0.02381221391260624,0.02091093547642231,0.0018309089355170727,0.6707292199134827,1.0024299621582031,0.6332555413246155,1.0455379486083984,0.382076800102368,64.0,0.10778912305831909,2.625,0.0,0.0,0.0
75800,0.025299618020653725,0.023195987567305565,0.002508966252207756,0.69462651014328,1.0020750761032104,0.6659578084945679,1.0471805334091187,0.3779389001429081,64.0,0.11277954429388046,2.671875,0.0,0.0,0.0
76000,0.024407392367720604,0.023707639425992966,0.0020788346882909536,0.6519930362701416,1.0011433362960815,0.7634415030479431,1.0461891889572144,0.39735640003345907,64.0,0.11528822630643845,2.828125,0.0,0.0,0.0
76200,0.02561086043715477,0.02356761507689953,0.002339383587241173,1.0324815511703491,1.0009788274765015,0.8527858257293701,1.0500245094299316,0.38699470018036664,64.0,0.11086703836917877,2.8125,0.0,0.0,0.0
76400,0.024820927530527115,0.022846421226859093,0.002535090781748295,1.1441222429275513,1.0025460720062256,0.6076987981796265,1.0493108034133911,0.4381702998653054,64.0,0.1013790729145209,2.890625,0.0,0.0,0.0
76600,0.024175254628062248,0.021928006783127785,0.0016865154029801488,0.9252257943153381,1.0015206336975098,0.8245911598205566,1.0488225221633911,0.38379620015621185,64.0,0.10764390826225281,2.484375,0.0,0.0,0.0
76800,0.024009406566619873,0.02203667163848877,0.0020308985840529203,0.7139760851860046,1.0014636516571045,0.7877736687660217,1.0450018644332886,0.4268698999658227,64.0,0.10430314516027768,2.84375,0.0,0.0,0.0
77000,0.026489155367016792,0.024297095835208893,0.0032907305285334587,0.9736664295196533,1.0015764236450195,0.7859885096549988,1.0464509725570679,0.4354143999516964,64.0,0.10437359660863876,2.96875,0.0,0.0,0.0
77200,0.024047784507274628,0.021732674911618233,0.001636610715650022,0.7145358920097351,1.0011329650878906,0.8256233930587769,1.0468223094940186,0.41217699996195734,64.0,0.11228402704000473,2.703125,0.0,0.0,0.0
77400,0.025226861238479614,0.023345816880464554,0.0019431201508268714,0.7010295987129211,1.001142978668213,0.8371956944465637,1.0471680164337158,0.41799909994006157,64.0,0.11139503121376038,2.796875,0.0,0.0,0.0
77600,0.026612991467118263,0.02447155863046646,0.002568430732935667,0.9574477076530457,1.0016531944274902,0.8047924637794495,1.0465669631958008,0.4316397998481989,64.0,0.10695837736129761,3.0,0.0,0.0,0.0
77800,0.024268863722682,0.02237294800579548,0.0021468778140842915,0.8185977935791016,1.0010814666748047,0.8329461216926575,1.0477808713912964,0.4403230999596417,64.0,0.10972659438848495,2.765625,0.0,0.0,0.0
78000,0.02631138451397419,0.024140555411577225,0.003001481294631958,1.103430151939392,1.0018457174301147,0.7977392673492432,1.0489635467529297,0.4179042000323534,64.0,0.10448282361030578,2.859375,0.0,0.0,0.0
78200,0.02453319914638996,0.023116303607821465,0.0015240145148709416,0.807440459728241,1.0008745193481445,0.8394569754600525,1.0451114177703857,0.4122325999196619,64.0,0.11516508162021637,2.640625,0.0,0.0,0.0
78400,0.024327894672751427,0.022342374548316002,0.0020046597346663475,0.8839506506919861,1.0022233724594116,0.625862717628479,1.049422264099121,0.3774904999881983,64.0,0.11449924483895302,2.65625,0.0,0.0,0.0
78600,0.024685857817530632,0.023032551631331444,0.0018514320254325867,0.9386516213417053,1.0015374422073364,0.7412477731704712,1.0458509922027588,0.42288580001331866,64.0,0.11630047410726548,2.6875,0.0,0.0,0.0
78800,0.023478468880057335,0.021428309381008148,0.0020949807949364185,1.0174509286880493,1.0013524293899536,0.7822339534759521,1.0496752262115479,0.4029981999192387,64.0,0.11243857890367508,2.703125,0.0,0.0,0.0
79000,0.02404671162366867,0.021825334057211876,0.002116443822160363,0.7063494324684143,1.0018136501312256,0.7156991362571716,1.0466543436050415,0.4147495999932289,64.0,0.10289530828595161,2.671875,0.0,0.0,0.0
79200,0.02593468315899372,0.023757856339216232,0.0023650096263736486,1.2281781435012817,1.0018222332000732,0.7545543909072876,1.0480765104293823,0.411597500089556,64.0,0.11107710748910904,2.78125,0.0,0.0,0.0
79400,0.024769846349954605,0.02310134656727314,0.0026442089583724737,0.8115288615226746,1.001853108406067,0.6912431120872498,1.0492748022079468,0.446801699930802,64.0,0.10247385799884796,2.828125,0.0,0.0,0.0
79600,0.0235550906509161,0.021594591438770294,0.001995186088606715,0.8900865912437439,1.0019705295562744,0.7084526419639587,1.0478483438491821,0.4305698999669403,64.0,0.10834107398986817,2.65625,0.0,0.0,0.0
79800,0.02419283241033554,0.02149304561316967,0.0018905869219452143,0.9076956510543823,1.0019065141677856,0.706804633140564,1.0501124858856201,0.43166020000353456,64.0,0.10749356150627136,2.625,0.0,0.0,0.0
80000,0.02505338005721569,0.02294698730111122,0.0019971078727394342,0.9153695702552795,1.0009217262268066,0.8394023180007935,1.048854112625122,0.4446364000905305,64.0,0.10120279838641484,2.75,0.0,0.0,0.0
80200,0.02468281239271164,0.02303306572139263,0.001796213909983635,1.1268104314804077,1.001444935798645,0.733420193195343,1.0468745231628418,0.45392470015212893,64.0,0.1090542271733284,2.828125,0.0,0.0,0.0
80400,0.026570158079266548,0.023797286674380302,0.0032972281333059072,1.120935320854187,1.0034340620040894,0.558865487575531,1.0494110584259033,0.4759095998015255,64.0,0.10562175139784813,2.890625,0.0,0.0,0.0
80600,0.027293676510453224,0.024823589250445366,0.0031885243952274323,0.8147399425506592,1.0008814334869385,0.8641407489776611,1.045446515083313,0.49194030021317303,64.0,0.10832035044829051,2.984375,0.0,0.0,0.0
80800,0.026151195168495178,0.02328871190547943,0.003696280997246504,0.9465596675872803,1.0034396648406982,0.6229296326637268,1.0470483303070068,0.47590459999628365,64.0,0.10555870706836383,2.953125,0.0,0.0,0.0
81000,0.025399791076779366,0.023080691695213318,0.0023505459539592266,0.756848931312561,1.0022989511489868,0.62813800573349,1.0473599433898926,0.46859030006453395,64.0,0.10905900895595551,2.8125,0.0,0.0,0.0
81200,0.026673102751374245,0.02417352981865406,0.0025492263957858086,0.8742519617080688,1.0012996196746826,0.8135811686515808,1.0467627048492432,0.47826589993201196,64.0,0.10829788744449616,2.921875,0.0,0.0,0.0
81400,0.02618316188454628,0.023656990379095078,0.002446602564305067,1.0931609869003296,1.0012633800506592,0.8432461023330688,1.0479426383972168,0.4523928000126034,64.0,0.10809101611375808,2.859375,0.0,0.0,0.0
81600,0.024016456678509712,0.021386923268437386,0.0018905398901551962,0.7283473610877991,1.0010309219360352,0.8025884628295898,1.049067497253418,0.46009459998458624,64.0,0.11299905329942703,2.703125,0.0,0.0,0.0
81800,0.025862837210297585,0.023239929229021072,0.0026972193736582994,1.027387022972107,1.0015606880187988,0.8231008648872375,1.048240303993225,0.4744059999939054,64.0,0.11034002900123596,2.859375,0.0,0.0,0.0
82000,0.026175426319241524,0.023338552564382553,0.0031143862288445234,0.9640859961509705,1.0037922859191895,0.5489389300346375,1.0487792491912842,0.44549020007252693,64.0,0.10856800824403763,2.734375,0.0,0.0,0.0
82200,0.024719225242733955,0.022507555782794952,0.0020368853583931923,0.7996534705162048,1.0009124279022217,0.8661614060401917,1.048152208328247,0.4563788000959903,64.0,0.11332739293575286,2.75,0.0,0.0,0.0
82400,0.02670455351471901,0.023754503577947617,0.0019177231006324291,0.8123695850372314,1.0016428232192993,0.7987961173057556,1.0482349395751953,0.44743709987960756,64.0,0.10985542833805084,2.640625,0.0,0.0,0.0
82600,0.02552875317633152,0.023768525570631027,0.0025248494930565357,1.1258282661437988,1.0015418529510498,0.7797487378120422,1.0465505123138428,0.4649774001445621,64.0,0.10935295671224594,2.9375,0.0,0.0,0.0
82800,0.0259304940700531,0.02344057522714138,0.003369447309523821,0.8389847278594971,1.003271460533142,0.536080002784729,1.0483009815216064,0.45524380006827414,64.0,0.10754223763942719,2.828125,0.0,0.0,0.0
83000,0.02467837557196617,0.022820567712187767,0.0018422731664031744,0.9017046689987183,1.000930905342102,0.8572601675987244,1.0492230653762817,0.41356190014630556,64.0,0.11253161132335662,2.609375,0.0,0.0,0.0
83200,0.02512323670089245,0.02340102754533291,0.0026158930268138647,1.1849381923675537,1.0016984939575195,0.8058542609214783,1.0498273372650146,0.4516278998926282,64.0,0.11097641289234161,2.796875,0.0,0.0,0.0
83400,0.02495567500591278,0.022650375962257385,0.002228881698101759,1.1001943349838257,1.0027778148651123,0.6375882029533386,1.0452423095703125,0.45994669990614057,64.0,0.1095717579126358,2.703125,0.0,0.0,0.0
83600,0.02525683119893074,0.024166392162442207,0.0019950398709625006,0.9673722386360168,1.0012617111206055,0.7812968492507935,1.046802282333374,0.4512416999787092,64.0,0.1063121497631073,2.796875,0.0,0.0,0.0
83800,0.025100121274590492,0.022682443261146545,0.002182432683184743,1.0660334825515747,1.0019893646240234,0.6878780722618103,1.0475751161575317,0.44307029992341995,64.0,0.11069300770759583,2.796875,0.0,0.0,0.0
84000,0.02607317827641964,0.023791084066033363,0.002538227243348956,0.8086358904838562,1.0022426843643188,0.6756715178489685,1.0489603281021118,0.4311544999945909,64.0,0.10965691208839416,2.625,0.0,0.0,0.0
84200,0.025598160922527313,0.023318815976381302,0.0024714493192732334,0.8074986934661865,1.0012855529785156,0.7297269701957703,1.0468950271606445,0.4534744000993669,64.0,0.11147629469633102,2.8125,0.0,0.0,0.0
84400,0.026075763627886772,0.02386528067290783,0.002225489355623722,0.8901960849761963,1.0017139911651611,0.7505934834480286,1.050154685974121,0.4856115998700261,64.0,0.10033377472843442,2.90625,0.0,0.0,0.0
84600,0.025109343230724335,0.023500362411141396,0.0017671572277322412,0.9399018883705139,1.0014694929122925,0.7237922549247742,1.0491313934326172,0.4351176000200212,64.0,0.10819708257913589,2.71875,0.0,0.0,0.0
84800,0.024526972323656082,0.02259036712348461,0.002553646918386221,0.8033725023269653,1.0020705461502075,0.7198826670646667,1.0489717721939087,0.4338605999946594,64.0,0.10810655653476715,2.671875,0.0,0.0,0.0
85000,0.025427497923374176,0.02300114557147026,0.0035870952997356653,0.907145082950592,1.0022971630096436,0.630927562713623,1.0478544235229492,0.5297461999580264,64.0,0.10795894797359194,2.9375,0.0,0.0,0.0
85200,0.025610601529479027,0.024104677140712738,0.0018439292907714844,0.7080971598625183,1.0013782978057861,0.7488397359848022,1.0433796644210815,0.4283143999055028,64.0,0.11696229316294193,2.703125,0.0,0.0,0.0
85400,0.024777323007583618,0.02336050197482109,0.0023665018379688263,0.831240713596344,1.0015026330947876,0.7685898542404175,1.0474309921264648,0.45185119984671474,64.0,0.11209221780300141,2.84375,0.0,0.0,0.0
85600,0.027071645483374596,0.024780407547950745,0.0019286732422187924,0.7611623406410217,1.0010930299758911,0.874988853931427,1.0483167171478271,0.4847801001742482,64.0,0.10800565183162689,2.9375,0.0,0.0,0.0
85800,0.0249720998108387,0.022421523928642273,0.0016869248356670141,0.8419974446296692,1.001625895500183,0.7198612689971924,1.0486189126968384,0.43766009993851185,64.0,0.11114968508481979,2.640625,0.0,0.0,0.0
86000,0.025451164692640305,0.023467622697353363,0.002458450850099325,0.6795279383659363,1.0017989873886108,0.773105800151825,1.0498751401901245,0.4413124998100102,64.0,0.11682495176792144,2.734375,0.0,0.0,0.0
86200,0.025092778727412224,0.02322923019528389,0.0018658774206414819,0.8269834518432617,1.0014408826828003,0.7658045291900635,1.0491664409637451,0.5335426998790354,64.0,0.10791137963533401,2.765625,0.0,0.0,0.0
86400,0.02586333267390728,0.02403348684310913,0.0025657289661467075,0.8703172206878662,1.0019142627716064,0.757378101348877,1.0481001138687134,0.48639119998551905,64.0,0.10683005005121231,2.9375,0.0,0.0,0.0
86600,0.025239592418074608,0.023083960637450218,0.002020006999373436,1.0215256214141846,1.0015103816986084,0.7703418731689453,1.0488613843917847,0.4388079000636935,64.0,0.10523481667041779,2.75,0.0,0.0,0.0
86800,0.024977151304483414,0.02342538721859455,0.0020870401058346033,1.2225368022918701,1.001341700553894,0.7696027755737305,1.0460872650146484,0.43082999996840954,64.0,0.1066455493370692,2.796875,0.0,0.0,0.0
87000,0.02446378953754902,0.021830454468727112,0.001915300847031176,0.9223291873931885,1.0014286041259766,0.8119500279426575,1.0480324029922485,0.4426290998235345,64.0,0.106583172082901,2.625,0.0,0.0,0.0
87200,0.02460498921573162,0.02269260212779045,0.0021863116417080164,0.9351050853729248,1.0013911724090576,0.8259347081184387,1.0464404821395874,0.45687759993597865,64.0,0.09848647254208724,2.71875,0.0,0.0,0.0
87400,0.024774035438895226,0.022502850741147995,0.0022865599021315575,1.244844675064087,1.0020391941070557,0.6839501261711121,1.0485042333602905,0.4459208999760449,64.0,0.11330931335687637,2.703125,0.0,0.0,0.0
87600,0.02499452605843544,0.023221977055072784,0.002092374488711357,0.8837022185325623,1.0034579038619995,0.5262688994407654,1.0490305423736572,0.432136100018397,64.0,0.11058333069086075,2.6875,0.0,0.0,0.0
87800,0.02346780151128769,0.022033141925930977,0.0018703554524108768,0.8384488224983215,1.0010074377059937,0.8375511765480042,1.0495960712432861,0.4593300998676568,64.0,0.11236282587051391,2.734375,0.0,0.0,0.0
88000,0.023643800988793373,0.021811682730913162,0.0017121261917054653,0.7564984560012817,1.0011588335037231,0.7934781312942505,1.0475369691848755,0.4337150000501424,64.0,0.12102791666984558,2.625,0.0,0.0,0.0
88200,0.023186877369880676,0.021228918805718422,0.001618058537133038,0.7491846084594727,1.0012954473495483,0.8011969327926636,1.0467190742492676,0.4213570000138134,64.0,0.11128147542476655,2.546875,0.0,0.0,0.0
88400,0.02464420348405838,0.023131201043725014,0.0019274867372587323,0.8280670642852783,1.0012224912643433,0.748298168182373,1.048538088798523,0.45020910003222525,64.0,0.11358108520507812,2.859375,0.0,0.0,0.0
88600,0.026993276551365852,0.023917008191347122,0.003087825607508421,0.8378593921661377,1.0022337436676025,0.67751145362854,1.0489304065704346,0.48254270013421774,64.0,0.09905908939739068,2.828125,0.0,0.0,0.0
88800,0.02674761414527893,0.024261819198727608,0.002152996836230159,0.7581740617752075,1.0012048482894897,0.8245170712471008,1.0451229810714722,0.4889334000181407,64.0,0.11051086783409118,2.9375,0.0,0.0,0.0
89000,0.02487100474536419,0.022985326126217842,0.0026625029277056456,0.8638851642608643,1.0014394521713257,0.7595328688621521,1.048294186592102,0.4718388000037521,64.0,0.10640377799669902,2.828125,0.0,0.0,0.0
89200,0.023885546252131462,0.021945737302303314,0.0024756002239882946,0.9779675602912903,1.0017367601394653,0.6982303857803345,1.0494636297225952,0.4473478998988867,64.0,0.10856289714574814,2.71875,0.0,0.0,0.0
89400,0.024255184456706047,0.021930962800979614,0.0023025115951895714,0.7386741638183594,1.0014336109161377,0.8140188455581665,1.0489346981048584,0.4537744999397546,64.0,0.11361217647790908,2.75,0.0,0.0,0.0
89600,0.025516746565699577,0.023771263659000397,0.0021968174260109663,0.8415495157241821,1.0012116432189941,0.8264955282211304,1.0469756126403809,0.460612699855119,64.0,0.10840634107589722,2.859375,0.0,0.0,0.0
89800,0.02472427673637867,0.02314716950058937,0.0019309823401272297,0.988093912601471,1.0012309551239014,0.8549454212188721,1.048852562904358,0.42312729987315834,64.0,0.11191607862710953,2.78125,0.0,0.0,0.0
90000,0.023897385224699974,0.021219100803136826,0.0018105958588421345,0.8234698176383972,1.0017656087875366,0.7534315586090088,1.0488171577453613,0.4615207000169903,64.0,0.11333110183477402,2.6875,0.0,0.0,0.0
90200,0.026354312896728516,0.023908304050564766,0.0023435833863914013,0.7679219841957092,1.000921607017517,0.8852884769439697,1.0463100671768188,0.5596680000890046,64.0,0.10434878766536712,2.875,0.0,0.0,0.0
90400,0.023592183366417885,0.02187839150428772,0.0019361964659765363,0.7557295560836792,1.002179503440857,0.664094865322113,1.0482661724090576,0.44111350015737116,64.0,0.11293728798627853,2.578125,0.0,0.0,0.0
90600,0.025278471410274506,0.02289123460650444,0.0021325305569916964,0.9175906777381897,1.0026792287826538,0.591684877872467,1.0475733280181885,0.45267240004613996,64.0,0.1104394979774952,2.75,0.0,0.0,0.0
90800,0.023599939420819283,0.021140141412615776,0.00186929979827255,1.0898088216781616,1.0028417110443115,0.5737819075584412,1.0479272603988647,0.4336420998442918,64.0,0.10967047661542892,2.65625,0.0,0.0,0.0
91000,0.02451937645673752,0.02237766422331333,0.001647926401346922,0.8447141647338867,1.001140832901001,0.803718626499176,1.0453404188156128,0.4549386000726372,64.0,0.10948809832334519,2.859375,0.0,0.0,0.0
91200,0.024592049419879913,0.02309485711157322,0.0028173821046948433,1.117027997970581,1.0012004375457764,0.8337267637252808,1.048081398010254,0.45055890013463795,64.0,0.10889890640974045,2.921875,0.0,0.0,0.0
91400,0.02617267519235611,0.02428571879863739,0.0035776884760707617,1.301903247833252,1.0033938884735107,0.5448675155639648,1.050650954246521,0.5152563999872655,64.0,0.10943332314491272,3.125,0.0,0.0,0.0
91600,0.025811927393078804,0.02362293004989624,0.0021954034455120564,0.8082466125488281,1.0016160011291504,0.7226291298866272,1.0498424768447876,0.4408058999106288,64.0,0.11055278331041336,2.71875,0.0,0.0,0.0
91800,0.026018980890512466,0.02315460331737995,0.0026755761355161667,0.8564791083335876,1.0021661520004272,0.6479518413543701,1.0485608577728271,0.47523780004121363,64.0,0.10000217457612355,2.859375,0.0,0.0,0.0
92000,0.023905770853161812,0.02224990352988243,0.0017842799425125122,0.8314606547355652,1.001117467880249,0.8317171335220337,1.0460580587387085,0.4340582999866456,64.0,0.11767329424619674,2.796875,0.0,0.0,0.0
92200,0.02446906268596649,0.022006209939718246,0.0025029112584888935,0.755339503288269,1.0016173124313354,0.7862069010734558,1.0493117570877075,0.4615005000960082,64.0,0.11115703135728836,2.8125,0.0,0.0,0.0
92400,0.023875484243035316,0.021848255768418312,0.0019384947372600436,0.9600563049316406,1.001893162727356,0.7241388559341431,1.0473394393920898,0.4223023001104593,64.0,0.11816754005849361,2.65625,0.0,0.0,0.0
92600,0.025037435814738274,0.02264583855867386,0.0020836573094129562,0.7648434042930603,1.0025111436843872,0.5880537033081055,1.0479693412780762,0.44502250012010336,64.0,0.1067774382730325,2.734375,0.0,0.0,0.0
92800,0.02465527504682541,0.022701727226376534,0.0018529804656282067,0.7924504280090332,1.001144528388977,0.8124377727508545,1.047338843345642,0.4678152999840677,64.0,0.10733387172222138,2.765625,0.0,0.0,0.0
93000,0.02336031384766102,0.021889695897698402,0.0018734538462013006,0.6470351815223694,1.0009959936141968,0.810553789138794,1.047093152999878,0.4420529000926763,64.0,0.11017449349164962,2.78125,0.0,0.0,0.0
93200,0.026493718847632408,0.02498980239033699,0.003147972049191594,1.0138837099075317,1.0015764236450195,0.7490944862365723,1.048479676246643,0.48545459983870387,64.0,0.10794296488165855,3.046875,0.0,0.0,0.0
93400,0.024083683267235756,0.022489070892333984,0.0020417370833456516,1.1138949394226074,1.0009574890136719,0.8750008940696716,1.0472520589828491,0.4675665001850575,64.0,0.11323124468326569,2.9375,0.0,0.0,0.0
93600,0.026950791478157043,0.02480407804250717,0.0027181704062968493,1.0268346071243286,1.0014246702194214,0.7995136380195618,1.0471839904785156,0.5059207999147475,64.0,0.09267897637827056,3.125,0.0,0.0,0.0
93800,0.02621043287217617,0.02361658588051796,0.002726878970861435,0.8266279697418213,1.0017645359039307,0.7310611009597778,1.0476456880569458,0.45971429999917746,64.0,0.10568530485033989,2.859375,0.0,0.0,0.0
94000,0.026720905676484108,0.02405427396297455,0.0031060357578098774,0.7527831196784973,1.0021859407424927,0.6478949785232544,1.0482679605484009,0.4889803999103606,64.0,0.10077467560768127,3.046875,0.0,0.0,0.0
94200,0.02680901437997818,0.024066520854830742,0.0035704176407307386,0.9472544193267822,1.0022858381271362,0.6370546221733093,1.0491156578063965,0.5019612999167293,64.0,0.10544647897283237,3.15625,0.0,0.0,0.0
94400,0.026756200939416885,0.02506817691028118,0.0035239357966929674,0.6338187456130981,1.0012810230255127,0.740368127822876,1.0488076210021973,0.5278441999107599,64.0,0.1027773047486941,3.296875,0.0,0.0,0.0
94600,0.02403675764799118,0.02186976745724678,0.0023071356117725372,0.8180752396583557,1.001497507095337,0.7450641989707947,1.0472228527069092,0.4422188999596983,64.0,0.10471126809716225,2.8125,0.0,0.0,0.0
94800,0.027191609144210815,0.024237625300884247,0.0025000106543302536,0.7543129324913025,1.0017528533935547,0.7984293699264526,1.0482642650604248,0.49996670009568334,64.0,0.10010754317045212,2.953125,0.0,0.0,0.0
95000,0.02524292655289173,0.022996673360466957,0.004260018467903137,1.2968915700912476,1.0036919116973877,0.6322548389434814,1.0499258041381836,0.5194141999818385,64.0,0.1002551441391309,3.125,0.0,0.0,0.0
95200,0.026731200516223907,0.02413990907371044,0.002523096976801753,0.9347741603851318,1.0016608238220215,0.7585111856460571,1.0487135648727417,0.5363419000059366,64.0,0.10313374549150467,3.0,0.0,0.0,0.0
95400,0.026522167026996613,0.02479543536901474,0.0024979370646178722,0.756409764289856,1.0008518695831299,0.8364636301994324,1.0478296279907227,0.48426109994761646,64.0,0.11108990907669067,3.078125,0.0,0.0,0.0
95600,0.02551325410604477,0.024347906932234764,0.0034296538215130568,0.9512597322463989,1.0023672580718994,0.6251187324523926,1.0465638637542725,0.4681037000846118,64.0,0.10972965508699417,3.09375,0.0,0.0,0.0
95800,0.025151968002319336,0.022535674273967743,0.0031487466767430305,0.7238159775733948,1.0029555559158325,0.5711275339126587,1.0481243133544922,0.4837684999220073,64.0,0.11255049258470536,2.9375,0.0,0.0,0.0
96000,0.02572818286716938,0.023611003533005714,0.0030079360585659742,0.8603859543800354,1.001890778541565,0.7681717276573181,1.048453688621521,0.49876119988039136,64.0,0.10740663607915242,2.921875,0.0,0.0,0.0
96200,0.02498246729373932,0.02297230437397957,0.0020433133468031883,0.803853452205658,1.001399040222168,0.7486841678619385,1.0477045774459839,0.4866126000415534,64.0,0.09977573528885841,2.953125,0.0,0.0,0.0
96400,0.02594996988773346,0.024137724190950394,0.002777520101517439,1.138026237487793,1.0019429922103882,0.7328091263771057,1.047871708869934,0.5356535001192242,64.0,0.10735720892747243,3.078125,0.0,0.0,0.0
96600,0.026523791253566742,0.02401263453066349,0.0030642682686448097,1.026403546333313,1.0016212463378906,0.8068914413452148,1.0487353801727295,0.510529899969697,64.0,0.10883090520898502,3.140625,0.0,0.0,0.0
96800,0.02512475475668907,0.022633947432041168,0.002319514285773039,0.7215765714645386,1.0012521743774414,0.8193801045417786,1.0457466840744019,0.48506970005109906,64.0,0.10602055862545967,3.015625,0.0,0.0,0.0
97000,0.02432200126349926,0.02248617261648178,0.002259813714772463,0.8046044707298279,1.001211404800415,0.7653319835662842,1.0504045486450195,0.47483980003744364,64.0,0.10535798718531926,2.859375,0.0,0.0,0.0
97200,0.023466208949685097,0.02211027219891548,0.002536521293222904,0.824444055557251,1.0013593435287476,0.8068832755088806,1.0489580631256104,0.493569300044328,64.0,0.10562551394104958,3.0,0.0,0.0,0.0
97400,0.026938535273075104,0.025205247104167938,0.0030099835712462664,0.9921169281005859,1.0015450716018677,0.7224866151809692,1.0463733673095703,0.4930490998085588,64.0,0.10468843951821327,3.203125,0.0,0.0,0.0
97600,0.025845827534794807,0.024400359019637108,0.003986702300608158,0.8477249145507812,1.0023159980773926,0.6512414813041687,1.047432541847229,0.5157345000188798,64.0,0.10057114277567182,3.234375,0.0,0.0,0.0
97800,0.025347359478473663,0.023137466982007027,0.002659945748746395,0.9886178970336914,1.0014772415161133,0.7626397609710693,1.0492372512817383,0.485741299809888,64.0,0.09903029724955559,3.015625,0.0,0.0,0.0
98000,0.02740188129246235,0.024796325713396072,0.0030832821503281593,1.0486088991165161,1.0013742446899414,0.8143447041511536,1.0480577945709229,0.529621500056237,64.0,0.10413328309853871,3.15625,0.0,0.0,0.0
98200,0.026742342859506607,0.024699775502085686,0.0031149613205343485,1.318982720375061,1.0015294551849365,0.7794188857078552,1.0461868047714233,0.5173247000202537,64.0,0.10219803700844447,3.21875,0.0,0.0,0.0
98400,0.025008516386151314,0.02272883988916874,0.003080963157117367,0.9697301387786865,1.0028657913208008,0.6551914215087891,1.0480499267578125,0.42917839996516705,64.0,0.10949006378650665,2.859375,0.0,0.0,0.0
98600,0.026456600055098534,0.024606339633464813,0.0030143214389681816,0.9214819669723511,1.0015842914581299,0.7721068859100342,1.0456655025482178,0.5041588000021875,64.0,0.10415677726268768,3.171875,0.0,0.0,0.0
98800,0.027242744341492653,0.02453923597931862,0.0026195719838142395,1.0260447263717651,1.0014662742614746,0.7735604047775269,1.0478814840316772,0.48022190015763044,64.0,0.10603941977024078,2.9375,0.0,0.0,0.0
99000,0.025303903967142105,0.023170292377471924,0.002837030915543437,0.6811663508415222,1.0017374753952026,0.7460110783576965,1.0483508110046387,0.488074499880895,64.0,0.10436270013451576,2.96875,0.0,0.0,0.0
99200,0.024241315200924873,0.02247435413300991,0.002456999383866787,0.8632827997207642,1.0010217428207397,0.8227500319480896,1.0464756488800049,0.4690213000867516,64.0,0.11654527361194293,2.9375,0.0,0.0,0.0
99400,0.025258509442210197,0.02324133925139904,0.0024875281378626823,0.8391039371490479,1.0010815858840942,0.8551309108734131,1.046339750289917,0.46606769994832575,64.0,0.10957459807395935,3.015625,0.0,0.0,0.0
99600,0.026110704988241196,0.023363424465060234,0.0030279362108558416,0.7832396030426025,1.0008997917175293,0.8501692414283752,1.0450844764709473,0.5068989999126643,64.0,0.10803938905398051,3.203125,0.0,0.0,0.0
99800,0.02487790584564209,0.02229969948530197,0.0018974074628204107,0.9780998229980469,1.0012531280517578,0.8297763466835022,1.0499855279922485,0.46659359987825155,64.0,0.10958667397499085,2.75,0.0,0.0,0.0
100000,0.023729562759399414,0.020998697727918625,0.002112160436809063,0.9532773494720459,1.001461386680603,0.8326042294502258,1.0472800731658936,0.4493684999179095,64.0,0.1057065024971962,2.71875,0.0,0.0,0.0
100200,0.02539699338376522,0.02371196076273918,0.0019342968007549644,0.7862933278083801,1.0007383823394775,0.8926099538803101,1.0425280332565308,0.45236789993941784,64.0,0.11454750895500183,2.9375,0.0,0.0,0.0
100400,0.02574540674686432,0.02320939488708973,0.003906900063157082,0.8422024250030518,1.0015822649002075,0.7916480898857117,1.047315239906311,0.38520619994960725,64.0,0.113105953981479,3.046875,0.0,0.0,0.0
100600,0.024549297988414764,0.023136865347623825,0.002211853861808777,1.176450490951538,1.0013511180877686,0.7923810482025146,1.0464963912963867,0.4517842000350356,64.0,0.1102997526526451,2.90625,0.0,0.0,0.0
100800,0.026130201295018196,0.024210065603256226,0.003125027986243367,0.7652691602706909,1.0014739036560059,0.8093447685241699,1.0475702285766602,0.513435099972412,64.0,0.11467188447713852,3.140625,0.0,0.0,0.0
101000,0.025101138278841972,0.022907547652721405,0.0027205420192331076,0.6620375514030457,1.0022804737091064,0.6141647100448608,1.0463253259658813,0.42819499992765486,64.0,0.10961352735757827,2.875,0.0,0.0,0.0
101200,0.024975653737783432,0.023335086181759834,0.002903006039559841,0.787647008895874,1.0034070014953613,0.511989951133728,1.047851324081421,0.46544010005891323,64.0,0.11148169338703155,2.90625,0.0,0.0,0.0
101400,0.027058059349656105,0.025296073406934738,0.0037925418000668287,0.9779424667358398,1.001396894454956,0.8420227766036987,1.0459142923355103,0.5181561000645161,64.0,0.1042318120598793,3.234375,0.0,0.0,0.0
101600,0.024352815002202988,0.02254590392112732,0.0035679659340530634,0.8582067489624023,1.001617431640625,0.7731744050979614,1.045980453491211,0.4819225000683218,64.0,0.11152563368280728,3.078125,0.0,0.0,0.0
101800,0.027691436931490898,0.02520025707781315,0.002620734041556716,1.1175836324691772,1.002668857574463,0.6136218905448914,1.046671986579895,0.5336543000303209,64.0,0.10614226634303729,3.078125,0.0,0.0,0.0
102000,0.02825944498181343,0.025229543447494507,0.0038791869301348925,0.7355747222900391,1.0018370151519775,0.726123034954071,1.0498126745224,0.5227125999517739,64.0,0.10180987666050594,3.1875,0.0,0.0,0.0
102200,0.02536327764391899,0.023540722206234932,0.002639572834596038,0.8392053842544556,1.001713514328003,0.6987106204032898,1.0501935482025146,0.5074210001621395,64.0,0.10476584235827129,3.03125,0.0,0.0,0.0
102400,0.02464856393635273,0.023613382130861282,0.002192813204601407,0.9013042449951172,1.001562476158142,0.7569099068641663,1.0450910329818726,0.4621286999899894,64.0,0.11259371042251587,3.171875,0.0,0.0,0.0
102600,0.026692792773246765,0.024612542241811752,0.002274060156196356,0.7946390509605408,1.0016965866088867,0.7642443776130676,1.0461540222167969,0.5035105999559164,64.0,0.10987356677651405,3.078125,0.0,0.0,0.0
102800,0.02561384066939354,0.024209942668676376,0.003172806929796934,0.9005126953125,1.000842809677124,0.8475454449653625,1.0488492250442505,0.4865969999227673,64.0,0.11065576076507569,3.203125,0.0,0.0,0.0
103000,0.02589474990963936,0.023637982085347176,0.004511286970227957,1.1323184967041016,1.0025488138198853,0.7295370697975159,1.04945969581604,0.5234761999454349,64.0,0.11128510981798172,3.09375,0.0,0.0,0.0
103200,0.026220867410302162,0.024635687470436096,0.003540181554853916,0.8978854417800903,1.001150369644165,0.8344971537590027,1.0463204383850098,0.5028780000284314,64.0,0.10209338491161664,3.28125,0.0,0.0,0.0
103400,0.02749001421034336,0.023900231346488,0.0034426236525177956,0.8634799122810364,1.0021986961364746,0.7454646229743958,1.0487620830535889,0.48352430015802383,64.0,0.10527556389570236,3.03125,0.0,0.0,0.0
103600,0.027638619765639305,0.02527189627289772,0.0029290239326655865,1.1644278764724731,1.0017755031585693,0.7479425072669983,1.0461844205856323,0.47733709984458983,64.0,0.11145444214344025,3.109375,0.0,0.0,0.0
103800,0.026452425867319107,0.024779150262475014,0.0030681113712489605,1.0246168375015259,1.001251459121704,0.8254836797714233,1.0487000942230225,0.5292956999037415,64.0,0.10638349875807762,3.109375,0.0,0.0,0.0
104000,0.027783161029219627,0.025495341047644615,0.0026294775307178497,0.9326841831207275,1.0012719631195068,0.8213273882865906,1.0499327182769775,0.4744561000261456,64.0,0.1031992423037688,3.09375,0.0,0.0,0.0
104200,0.026027768850326538,0.023643972352147102,0.00291719869710505,0.8151767253875732,1.0020463466644287,0.6905726790428162,1.047811508178711,0.4620497999712825,64.0,0.1083555817604065,2.9375,0.0,0.0,0.0
104400,0.025820696726441383,0.023952174931764603,0.003541140118613839,0.9935567378997803,1.0024484395980835,0.6151843667030334,1.0502408742904663,0.5003423001617193,64.0,0.11076743652423222,3.171875,0.0,0.0,0.0
104600,0.02520865947008133,0.023042824119329453,0.0026314230635762215,1.0269709825515747,1.0019994974136353,0.6504998803138733,1.0478521585464478,0.4581178000662476,64.0,0.1147775873541832,3.0,0.0,0.0,0.0
104800,0.02814350463449955,0.025746090337634087,0.002415664494037628,0.9571415781974792,1.001042366027832,0.8341266512870789,1.04890775680542,0.4859707001596689,64.0,0.1091309979557991,3.03125,0.0,0.0,0.0
105000,0.02591603621840477,0.023720059543848038,0.002127818763256073,1.156140685081482,1.0031375885009766,0.68724125623703,1.0446228981018066,0.45763780013658106,64.0,0.10564798712730408,2.90625,0.0,0.0,0.0
105200,0.02702842652797699,0.024942195042967796,0.0030354231130331755,1.1090799570083618,1.0014941692352295,0.8257958889007568,1.0467554330825806,0.48110649990849197,64.0,0.1038969320555528,3.125,0.0,0.0,0.0
105400,0.023610686883330345,0.021256884559988976,0.0022763905581086874,0.8973522186279297,1.0026203393936157,0.658779501914978,1.0479873418807983,0.4477417999878526,64.0,0.11067089587450027,2.71875,0.0,0.0,0.0
105600,0.02392038330435753,0.022027671337127686,0.002642874838784337,0.8843637108802795,1.001323938369751,0.8132261037826538,1.047681212425232,0.4973057000897825,64.0,0.10962790548801422,3.015625,0.0,0.0,0.0
105800,0.025547796860337257,0.023149902001023293,0.0020378539338707924,0.705925703048706,1.0015228986740112,0.7550337314605713,1.0486618280410767,0.47796440008096397,64.0,0.10738732789953549,2.984375,0.0,0.0,0.0
106000,0.02491753175854683,0.02301136404275894,0.0028017291333526373,0.9377303719520569,1.0018136501312256,0.7192488312721252,1.0452353954315186,0.5085032000206411,64.0,0.11149827092885971,3.046875,0.0,0.0,0.0
106200,0.026045164093375206,0.02408120222389698,0.00317180622369051,0.8122093677520752,1.0013526678085327,0.7554484605789185,1.045817494392395,0.4937759998720139,64.0,0.10594264542063077,3.21875,0.0,0.0,0.0
106400,0.02521354891359806,0.02292758971452713,0.002916074823588133,0.9618375301361084,1.0013214349746704,0.8231216669082642,1.0493415594100952,0.47970480006188154,64.0,0.11136928200721741,2.9375,0.0,0.0,0.0
106600,0.026388242840766907,0.024068204686045647,0.004072854295372963,1.4182575941085815,1.002848744392395,0.6396132111549377,1.049151062965393,0.5529088999610394,64.0,0.11079720258712769,3.234375,0.0,0.0,0.0
106800,0.028024259954690933,0.025028716772794724,0.0036694465670734644,1.1281397342681885,1.0028880834579468,0.6159122586250305,1.0482268333435059,0.516950799850747,64.0,0.10584566618005435,3.203125,0.0,0.0,0.0
107000,0.026730883866548538,0.024191347882151604,0.0026832164730876684,0.8837975859642029,1.0014927387237549,0.74958735704422,1.0494751930236816,0.4865116998553276,64.0,0.10699499522646268,2.984375,0.0,0.0,0.0
107200,0.024314189329743385,0.022392693907022476,0.002183411503210664,0.7355138659477234,1.0010007619857788,0.8160428404808044,1.0496549606323242,0.5136264998000115,64.0,0.11055437326431275,3.0,0.0,0.0,0.0
107400,0.02538635954260826,0.02270594984292984,0.002672841539606452,0.7443902492523193,1.0016906261444092,0.7740598917007446,1.0488245487213135,0.49777360004372895,64.0,0.11169128119945526,2.875,0.0,0.0,0.0
107600,0.02502579428255558,0.02304491400718689,0.002650025300681591,1.0921359062194824,1.0015562772750854,0.743727445602417,1.0482816696166992,0.4991510999388993,64.0,0.1089897317190965,3.015625,0.0,0.0,0.0
107800,0.026799332350492477,0.024601778015494347,0.002559348940849304,0.8069419264793396,1.0010178089141846,0.8507788777351379,1.0495487451553345,0.4855120999272913,64.0,0.11439171582460403,3.046875,0.0,0.0,0.0
108000,0.025360193103551865,0.02328547090291977,0.002820237772539258,0.8542935848236084,1.00140380859375,0.8023563623428345,1.0484541654586792,0.5016089000273496,64.0,0.10693455806800298,3.15625,0.0,0.0,0.0
108200,0.024768002331256866,0.023004982620477676,0.0026280779857188463,1.063503384590149,1.001522421836853,0.7254922986030579,1.045769453048706,0.47371899988502264,64.0,0.10765817612409592,3.078125,0.0,0.0,0.0
108400,0.024079401046037674,0.022388111799955368,0.0021645252127200365,0.8948919773101807,1.001475214958191,0.7789192795753479,1.0466194152832031,0.4559523998759687,64.0,0.11219232380390168,2.984375,0.0,0.0,0.0
108600,0.024843035265803337,0.023165492340922356,0.002817776519805193,1.1935893297195435,1.0022510290145874,0.6326482892036438,1.0481514930725098,0.48383500007912517,64.0,0.11288524270057679,3.0,0.0,0.0,0.0
108800,0.02548113837838173,0.023006360977888107,0.0028658518567681313,1.0135035514831543,1.002309799194336,0.6544146537780762,1.048686146736145,0.47496889997273684,64.0,0.10477641349037488,2.984375,0.0,0.0,0.0
109000,0.026619644835591316,0.024720633402466774,0.0038505750708281994,0.9373573660850525,1.002219557762146,0.7359040975570679,1.0485354661941528,0.47937049996107817,64.0,0.10709118992090225,3.125,0.0,0.0,0.0
109200,0.02320059947669506,0.022098248824477196,0.0014269899111241102,0.7109795808792114,1.0006072521209717,0.8843178153038025,1.0467973947525024,0.4631306999363005,64.0,0.1178984995931387,2.796875,0.0,0.0,0.0
109400,0.02866376005113125,0.02545246109366417,0.004086324945092201,1.064233422279358,1.0023102760314941,0.7035598754882812,1.049215316772461,0.49248640006408095,64.0,0.111851055175066,3.09375,0.0,0.0,0.0
109600,0.027533557265996933,0.024108756333589554,0.0034375644754618406,0.8695685267448425,1.0039396286010742,0.5701971650123596,1.047522783279419,0.47306909994222224,64.0,0.1073951708773772,2.84375,0.0,0.0,0.0
109800,0.02470479905605316,0.02248327247798443,0.003003896912559867,0.8475240468978882,1.0018620491027832,0.7090490460395813,1.048290491104126,0.5117234999779612,64.0,0.11133910417556762,2.890625,0.0,0.0,0.0
110000,0.025256648659706116,0.02344381809234619,0.002800810383632779,0.7731900811195374,1.0014368295669556,0.7746857404708862,1.047014594078064,0.4619026998989284,64.0,0.10874903053045273,3.078125,0.0,0.0,0.0
110200,0.025822509080171585,0.02302642911672592,0.003258296987041831,1.4623794555664062,1.0019551515579224,0.7842566967010498,1.050431489944458,0.5603991998359561,64.0,0.10510435576240222,3.015625,0.0,0.0,0.0
110400,0.02685476839542389,0.02422761358320713,0.0038373901043087244,1.1388386487960815,1.0019478797912598,0.6771126985549927,1.0486749410629272,0.5300541999749839,64.0,0.10626485447088878,3.265625,0.0,0.0,0.0
110600,0.024972548708319664,0.02319513075053692,0.002617010846734047,0.9092658162117004,1.0011475086212158,0.8757697343826294,1.0464802980422974,0.456745499977842,64.0,0.11595945805311203,3.046875,0.0,0.0,0.0
110800,0.026219666004180908,0.024346839636564255,0.003004328580573201,0.9137382507324219,1.0014559030532837,0.7109633088111877,1.046834111213684,0.535153100034222,64.0,0.10747375445706504,3.28125,0.0,0.0,0.0
111000,0.02761754021048546,0.0251975879073143,0.0030406001023948193,1.3427072763442993,1.0033917427062988,0.6164365410804749,1.0478997230529785,0.5282308999449015,64.0,0.09680335968732834,3.3125,0.0,0.0,0.0
111200,0.026137620210647583,0.02425922453403473,0.002604733221232891,0.9091198444366455,1.0014935731887817,0.7830641865730286,1.0478179454803467,0.49620510009117424,64.0,0.1076924738784631,3.140625,0.0,0.0,0.0
111400,0.024508580565452576,0.022064901888370514,0.002631783951073885,0.7997024059295654,1.0018434524536133,0.7452398538589478,1.0476285219192505,0.5295923999510705,64.0,0.10558085888624191,2.859375,0.0,0.0,0.0
111600,0.024549635127186775,0.02316855452954769,0.0023008903954178095,0.8211039900779724,1.0021405220031738,0.6828851103782654,1.045971393585205,0.4758480000309646,64.0,0.10938275754451751,3.125,0.0,0.0,0.0
111800,0.024976151064038277,0.022817786782979965,0.0031186803244054317,0.9862490892410278,1.0024988651275635,0.6200276017189026,1.0489673614501953,0.46249979990534484,64.0,0.1090870052576065,2.921875,0.0,0.0,0.0
112000,0.02455034852027893,0.02268105559051037,0.0024017123505473137,0.9138681888580322,1.0019991397857666,0.6885837912559509,1.0462782382965088,0.4682948000263423,64.0,0.10868019014596939,2.9375,0.0,0.0,0.0
112200,0.024614842608571053,0.023443417623639107,0.002130056032910943,0.8822640180587769,1.0012385845184326,0.8423295021057129,1.048828125,0.45670480001717806,64.0,0.10900087207555771,3.0625,0.0,0.0,0.0
112400,0.0253023412078619,0.023163149133324623,0.002598850755020976,0.878798246383667,1.0017374753952026,0.7126752138137817,1.0487306118011475,0.4758065000642091,64.0,0.11568922102451325,2.796875,0.0,0.0,0.0
112600,0.024975260719656944,0.023155268281698227,0.002543172100558877,0.930614173412323,1.001302719116211,0.8073525428771973,1.0486304759979248,0.48605050006881356,64.0,0.10976375745875495,3.0,0.0,0.0,0.0
112800,0.026361769065260887,0.023774143308401108,0.00322366482578218,1.3619869947433472,1.003092885017395,0.6038410067558289,1.0465872287750244,0.49237509979866445,64.0,0.1123000666499138,2.890625,0.0,0.0,0.0
113000,0.02639860287308693,0.024054989218711853,0.0028700735419988632,0.8447954654693604,1.0019755363464355,0.7587278485298157,1.0491878986358643,0.47205760003998876,64.0,0.11075827330350876,2.796875,0.0,0.0,0.0
113200,0.02570047602057457,0.02343732677400112,0.0028208105359226465,0.8393982648849487,1.0016264915466309,0.7616167068481445,1.048877477645874,0.49441689997911453,64.0,0.10467784975965817,3.015625,0.0,0.0,0.0
113400,0.025803109630942345,0.02315526269376278,0.002907726215198636,1.2062475681304932,1.0042245388031006,0.4877111613750458,1.0485368967056274,0.4829988998826593,64.0,0.112400583922863,2.890625,0.0,0.0,0.0
113600,0.02354075014591217,0.021484045311808586,0.0021591531112790108,0.9092791676521301,1.0010313987731934,0.7894545197486877,1.0483925342559814,0.44983879989013076,64.0,0.11272410750389099,2.84375,0.0,0.0,0.0
113800,0.026486888527870178,0.024443546310067177,0.002634394681081176,0.9996712803840637,1.0012354850769043,0.7619886994361877,1.0448251962661743,0.4641443002037704,64.0,0.1081282099088033,3.0,0.0,0.0,0.0
114000,0.02523084543645382,0.023420199751853943,0.0020735375583171844,0.7904650568962097,1.001749038696289,0.673338770866394,1.0494139194488525,0.497714500175789,64.0,0.10772449895739555,3.015625,0.0,0.0,0.0
114200,0.02410392463207245,0.021594321355223656,0.002848875243216753,0.8715768456459045,1.0028382539749146,0.5778590440750122,1.047598123550415,0.4651068998500705,64.0,0.11044024974107743,2.921875,0.0,0.0,0.0
114400,0.02578495442867279,0.02354399673640728,0.0023706506472080946,0.8182241916656494,1.0010675191879272,0.822384238243103,1.0490412712097168,0.5468983999453485,64.0,0.11415248662233353,3.046875,0.0,0.0,0.0
114600,0.02439134009182453,0.021585563197731972,0.0023560533300042152,0.8681522011756897,1.0024487972259521,0.7116760611534119,1.0481630563735962,0.46307070017792284,64.0,0.10333238914608955,2.6875,0.0,0.0,0.0
114800,0.024949269369244576,0.023421112447977066,0.002727141138166189,0.9314104914665222,1.0016512870788574,0.7274328470230103,1.0471410751342773,0.5737228998914361,64.0,0.10736237466335297,3.1875,0.0,0.0,0.0
115000,0.0264916829764843,0.0247728880494833,0.002094377065077424,0.5874648094177246,1.001304030418396,0.7891361713409424,1.0477569103240967,0.46495860000140965,64.0,0.10933741430441539,3.046875,0.0,0.0,0.0
115200,0.025417236611247063,0.02417554147541523,0.0021783134434372187,0.8818768262863159,1.0013102293014526,0.8026980757713318,1.0480660200119019,0.44684650003910065,64.0,0.11178093999624253,2.921875,0.0,0.0,0.0
115400,0.0277996938675642,0.02473526820540428,0.0033124315086752176,0.919901967048645,1.0018593072891235,0.7272596955299377,1.0496941804885864,0.569658299908042,64.0,0.09388435631990433,3.078125,0.0,0.0,0.0
115600,0.025402024388313293,0.022511707618832588,0.0025824704207479954,0.9700415134429932,1.0015184879302979,0.8282467722892761,1.0501176118850708,0.45193990017287433,64.0,0.11382345259189605,2.796875,0.0,0.0,0.0
115800,0.02646048180758953,0.024318985641002655,0.00326333474367857,0.6994819045066833,1.0016796588897705,0.7833744287490845,1.0476609468460083,0.4969955999404192,64.0,0.10979645699262619,3.1875,0.0,0.0,0.0
116000,0.025575418025255203,0.024056274443864822,0.003241232130676508,1.0352946519851685,1.0014660358428955,0.7822626233100891,1.0488965511322021,0.5817575000692159,64.0,0.10994338691234588,3.15625,0.0,0.0,0.0
116200,0.026315584778785706,0.024230320006608963,0.002226505195721984,0.9330336451530457,1.0018070936203003,0.7790440320968628,1.0488579273223877,0.5884696999564767,64.0,0.11156774759292602,2.859375,0.0,0.0,0.0
116400,0.02536557987332344,0.023478534072637558,0.0018855867674574256,0.7689650058746338,1.0009124279022217,0.8800459504127502,1.0482426881790161,0.5126763998996466,64.0,0.11349786967039108,2.890625,0.0,0.0,0.0
116600,0.02363363653421402,0.022351907566189766,0.002383089391514659,0.873584508895874,1.0016056299209595,0.7610604166984558,1.0469017028808594,0.46518930001184344,64.0,0.11746993660926819,3.0,0.0,0.0,0.0
116800,0.02441614493727684,0.02295737713575363,0.002550900913774967,0.7387374043464661,1.0013153553009033,0.7951633930206299,1.0472075939178467,0.47142660012468696,64.0,0.11178692430257797,3.078125,0.0,0.0,0.0
117000,0.027206819504499435,0.025379959493875504,0.003402557224035263,0.8426690697669983,1.0015262365341187,0.7300928235054016,1.0481022596359253,0.49351310008205473,64.0,0.11457182466983795,3.25,0.0,0.0,0.0
117200,0.026000751182436943,0.023805513978004456,0.0028725010342895985,0.8484634160995483,1.0011613368988037,0.7960056662559509,1.046765685081482,0.511626600055024,64.0,0.11282734423875809,3.171875,0.0,0.0,0.0
117400,0.02675606496632099,0.023768069222569466,0.00306039210408926,1.0858033895492554,1.0014233589172363,0.7231301665306091,1.0494476556777954,0.6209319999907166,64.0,0.10584873954455058,3.171875,0.0,0.0,0.0
117600,0.026383448392152786,0.024028826504945755,0.0026514430064707994,0.6973545551300049,1.0013644695281982,0.8382586240768433,1.0497775077819824,0.5072137999814004,64.0,0.11107789427042007,3.03125,0.0,0.0,0.0
117800,0.025275880470871925,0.023350587114691734,0.0030138520523905754,0.8889811635017395,1.0019876956939697,0.6803286671638489,1.0472674369812012,0.47156279999762774,64.0,0.10851044456164043,3.046875,0.0,0.0,0.0
118000,0.02539534866809845,0.023359868675470352,0.0025863968767225742,0.8698751926422119,1.0013329982757568,0.7740288376808167,1.0468981266021729,0.48588340007700026,64.0,0.11178859695792198,3.046875,0.0,0.0,0.0
118200,0.024616414681077003,0.023361364379525185,0.0022665567230433226,0.6770284175872803,1.0015515089035034,0.7411063313484192,1.0498086214065552,0.4273913998622447,64.0,0.11988271959125996,3.0,0.0,0.0,0.0
118400,0.0247914120554924,0.02246776781976223,0.00257830205373466,0.9540026187896729,1.001948356628418,0.7248504757881165,1.0483437776565552,0.4959114999510348,64.0,0.10628274828195572,2.859375,0.0,0.0,0.0
118600,0.024468978866934776,0.0219115037471056,0.003595012240111828,0.8322797417640686,1.0028207302093506,0.5972737073898315,1.0473486185073853,0.4948438999708742,64.0,0.10574102401733398,2.890625,0.0,0.0,0.0
118800,0.027306251227855682,0.02477743662893772,0.003123168833553791,0.9112191796302795,1.0008436441421509,0.8520758152008057,1.049710988998413,0.5288750999607146,64.0,0.09889068880251475,3.203125,0.0,0.0,0.0
119000,0.02442329004406929,0.02250634878873825,0.0018542358884587884,0.6658200025558472,1.0010631084442139,0.7617935538291931,1.044546365737915,0.4669953999109566,64.0,0.11143719851970672,2.921875,0.0,0.0,0.0
119200,0.025450395420193672,0.023375291377305984,0.0026296284049749374,0.713030219078064,1.001310110092163,0.846452534198761,1.0477031469345093,0.5502760000526905,64.0,0.11460825502872467,3.015625,0.0,0.0,0.0
119400,0.02347184717655182,0.021588338539004326,0.002012074925005436,0.6942963004112244,1.0013701915740967,0.76883465051651,1.0475268363952637,0.44972730008885264,64.0,0.11365460902452469,2.875,0.0,0.0,0.0
119600,0.02552897296845913,0.023328213021159172,0.002417167881503701,0.7354637384414673,1.0007978677749634,0.8718732595443726,1.0480153560638428,0.4842278999276459,64.0,0.11096934676170349,3.125,0.0,0.0,0.0
119800,0.024477625265717506,0.022620344534516335,0.002474759705364704,0.7194947004318237,1.0017603635787964,0.7626866102218628,1.0483505725860596,0.4307146000210196,64.0,0.10604546517133713,2.8125,0.0,0.0,0.0
120000,0.026003414765000343,0.02349839359521866,0.00316919619217515,0.9339330196380615,1.0014424324035645,0.7500565648078918,1.0482786893844604,0.5041736999992281,64.0,0.10876396298408508,3.15625,0.0,0.0,0.0
120200,0.025222934782505035,0.023612504824995995,0.002746500074863434,1.0813947916030884,1.0015106201171875,0.7965642809867859,1.0479943752288818,0.4885639001149684,64.0,0.11294981241226196,2.96875,0.0,0.0,0.0
120400,0.024721968919038773,0.022771401330828667,0.0031632797326892614,0.8474447727203369,1.0015499591827393,0.7571877837181091,1.0462703704833984,0.4757129999343306,64.0,0.1151681274175644,3.046875,0.0,0.0,0.0
120600,0.02617182396352291,0.02368250861763954,0.00218090508133173,0.91996169090271,1.0011212825775146,0.8315118551254272,1.0470670461654663,0.5549570999573916,64.0,0.10513740529616673,3.0,0.0,0.0,0.0
120800,0.023574650287628174,0.021481340751051903,0.0016856816364452243,0.8590255379676819,1.0012035369873047,0.7964714765548706,1.0473912954330444,0.4388533001765609,64.0,0.11000101268291473,2.75,0.0,0.0,0.0
121000,0.028590206056833267,0.026614923030138016,0.003345195669680834,0.7993828654289246,1.0011863708496094,0.799446165561676,1.049428939819336,0.5088156999554485,64.0,0.10399762665232022,3.234375,0.0,0.0,0.0
121200,0.024658318608999252,0.02244400605559349,0.0033380023669451475,0.9205682277679443,1.001670479774475,0.7843141555786133,1.0493130683898926,0.4887222000397742,64.0,0.10816700508197148,3.046875,0.0,0.0,0.0
121400,0.025322958827018738,0.023665776476264,0.0022032884880900383,0.8301205635070801,1.00153648853302,0.7768943905830383,1.0482097864151,0.48329710005782545,64.0,0.10882272720336914,3.015625,0.0,0.0,0.0
121600,0.025814415886998177,0.02352035418152809,0.006111012771725655,0.9247657060623169,1.006152629852295,0.4423467814922333,1.0498080253601074,0.5404062001034617,64.0,0.10241127386689186,3.03125,0.0,0.0,0.0
121800,0.02603757195174694,0.02388123609125614,0.0024279868230223656,0.9096308946609497,1.001825213432312,0.7487673759460449,1.047186255455017,0.5250709000974894,64.0,0.10731238126754761,3.015625,0.0,0.0,0.0
122000,0.025477996096014977,0.022315867245197296,0.002400438068434596,0.9112821221351624,1.001878023147583,0.7462544441223145,1.0483757257461548,0.47942269989289343,64.0,0.10553921510775884,2.90625,0.0,0.0,0.0
122200,0.024039706215262413,0.02189400978386402,0.0024257926270365715,0.8904003500938416,1.0022532939910889,0.6176164150238037,1.0469378232955933,0.42807539994828403,64.0,0.10824512839317321,2.859375,0.0,0.0,0.0
122400,0.024500764906406403,0.0228017196059227,0.002021107356995344,0.917038083076477,1.0014852285385132,0.7103244066238403,1.0480647087097168,0.46746239997446537,64.0,0.11287150084972382,2.890625,0.0,0.0,0.0
122600,0.02655758708715439,0.024109723046422005,0.0031897553708404303,1.3176405429840088,1.0014301538467407,0.8269573450088501,1.04793381690979,0.4995617000386119,64.0,0.10534859076142311,3.203125,0.0,0.0,0.0
122800,0.02580242045223713,0.024377422407269478,0.0024538161233067513,0.9621351957321167,1.0013809204101562,0.7907382845878601,1.0456122159957886,0.5025345000904053,64.0,0.1113702120880286,3.15625,0.0,0.0,0.0
123000,0.024992860853672028,0.022822163999080658,0.0022639099042862654,0.9363701343536377,1.0023237466812134,0.6517301797866821,1.046586513519287,0.5246062001679093,64.0,0.11081544905900956,3.0,0.0,0.0,0.0
123200,0.026051845401525497,0.02363305538892746,0.0029015433974564075,0.8611205220222473,1.001911997795105,0.6635352969169617,1.049536108970642,0.5120123999658972,64.0,0.1147851899266243,2.921875,0.0,0.0,0.0
123400,0.02527519129216671,0.02313462272286415,0.001873768400400877,0.7533025145530701,1.0009561777114868,0.8042906522750854,1.0482925176620483,0.46081300009973347,64.0,0.11093910038471222,2.859375,0.0,0.0,0.0
123600,0.025268862023949623,0.023346181958913803,0.0023324498906731606,0.7928357720375061,1.0014328956604004,0.7386740446090698,1.0488775968551636,0.4642750001512468,64.0,0.11158042699098587,2.78125,0.0,0.0,0.0
123800,0.025559362024068832,0.023638255894184113,0.003076817374676466,0.8049623966217041,1.0024884939193726,0.5884453654289246,1.0485284328460693,0.6135125998407602,64.0,0.11135893017053604,3.078125,0.0,0.0,0.0
124000,0.02606290578842163,0.02339281141757965,0.0020071263425052166,0.8666272163391113,1.0010740756988525,0.7887861728668213,1.0453120470046997,0.5325146000832319,64.0,0.11345555782318115,3.0,0.0,0.0,0.0
124200,0.023995527997612953,0.02195572480559349,0.0025980649515986443,0.9422500133514404,1.001251459121704,0.8630695939064026,1.0488226413726807,0.5040005000773817,64.0,0.11347153633832932,2.90625,0.0,0.0,0.0
124400,0.02514592371881008,0.02326398901641369,0.002835145452991128,0.9124636054039001,1.0013117790222168,0.8198165893554688,1.0461535453796387,0.4760445998981595,64.0,0.10312254106005032,3.046875,0.0,0.0,0.0
124600,0.02717004157602787,0.0248919278383255,0.003308353014290333,0.9862903952598572,1.001247525215149,0.8427661061286926,1.049959421157837,0.5386657000053674,64.0,0.11109436303377151,3.234375,0.0,0.0,0.0
124800,0.025282468646764755,0.023004310205578804,0.0034676508512347937,0.7920792698860168,1.0018494129180908,0.7556020021438599,1.0473850965499878,0.5444837999530137,64.0,0.10550959408283234,3.21875,0.0,0.0,0.0
125000,0.025752518326044083,0.023607168346643448,0.003620990552008152,0.7561042308807373,1.0011589527130127,0.8149394989013672,1.0445271730422974,0.49677590001374483,64.0,0.10829014455278714,3.140625,0.0,0.0,0.0
125200,0.023862944915890694,0.021953171119093895,0.002246156334877014,0.6825767159461975,1.001159906387329,0.8007071018218994,1.047282099723816,0.4749819999560714,64.0,0.11122143144408862,2.9375,0.0,0.0,0.0
125400,0.024553682655096054,0.022698016837239265,0.0034265373833477497,0.8844981789588928,1.0011497735977173,0.7957829236984253,1.0481700897216797,0.4829598998185247,64.0,0.10651413723826408,3.125,0.0,0.0,0.0
125600,0.02671109512448311,0.023566653952002525,0.0020752495620399714,1.056058406829834,1.00166654586792,0.786347508430481,1.047562837600708,0.5070235000457615,64.0,0.10568675026297569,2.828125,0.0,0.0,0.0
125800,0.02550766058266163,0.023435289040207863,0.002442310331389308,0.8887897729873657,1.0014300346374512,0.8286699056625366,1.0495214462280273,0.46539849997498095,64.0,0.11013454794883729,2.9375,0.0,0.0,0.0
126000,0.025611868128180504,0.02416921593248844,0.002560572000220418,1.0412706136703491,1.0020357370376587,0.7132284641265869,1.0492593050003052,0.48145180009305477,64.0,0.1135000467300415,3.09375,0.0,0.0,0.0
126200,0.024568289518356323,0.02310653030872345,0.002192010637372732,0.7739331722259521,1.0013129711151123,0.8069911599159241,1.0470890998840332,0.49374549998901784,64.0,0.10387626041968663,2.9375,0.0,0.0,0.0
126400,0.02452322095632553,0.022808659821748734,0.0026136923115700483,1.0048781633377075,1.0014491081237793,0.8047094345092773,1.0486998558044434,0.515598300145939,64.0,0.10526709879438083,3.0625,0.0,0.0,0.0
126600,0.024226143956184387,0.022772738710045815,0.0024489895440638065,1.098146677017212,1.0009055137634277,0.876193642616272,1.0454075336456299,0.5151682000141591,64.0,0.11373242860039075,3.15625,0.0,0.0,0.0
126800,0.02564574033021927,0.023699508979916573,0.002105272375047207,0.9284310936927795,1.0013353824615479,0.7907320261001587,1.0469130277633667,0.48161950008943677,64.0,0.11471225172281266,2.890625,0.0,0.0,0.0
127000,0.024507729336619377,0.02284197323024273,0.0023417724296450615,0.9484507441520691,1.0010251998901367,0.8561357259750366,1.047336220741272,0.5040628998540342,64.0,0.1154664322733879,3.015625,0.0,0.0,0.0
127200,0.02536257542669773,0.0237946305423975,0.0023717423900961876,0.8218500018119812,1.0007530450820923,0.8849120140075684,1.0479118824005127,0.529696200042963,64.0,0.11019067615270614,3.171875,0.0,0.0,0.0
127400,0.02595788612961769,0.024133484810590744,0.00307756126858294,1.0486366748809814,1.0021826028823853,0.6184953451156616,1.046228289604187,0.5524650001898408,64.0,0.11243246619900067,3.1875,0.0,0.0,0.0
127600,0.024585852399468422,0.022589366883039474,0.0023119503166526556,1.04462730884552,1.001198410987854,0.8243817090988159,1.0477635860443115,0.5275687999092042,64.0,0.10838500261306763,3.109375,0.0,0.0,0.0
127800,0.025473415851593018,0.023390281945466995,0.0022272802889347076,0.9260262250900269,1.0014162063598633,0.7563327550888062,1.0486736297607422,0.5651533999480307,64.0,0.11043855051199596,3.03125,0.0,0.0,0.0
128000,0.024151375517249107,0.022365141659975052,0.003021436044946313,1.0161890983581543,1.0022729635238647,0.6578626036643982,1.0478789806365967,0.4916508998721838,64.0,0.1117979109287262,3.0,0.0,0.0,0.0
128200,0.02642085589468479,0.023891711607575417,0.0035394509322941303,0.884227454662323,1.0022025108337402,0.731687605381012,1.0477142333984375,0.5252016999293119,64.0,0.10840185855825742,3.09375,0.0,0.0,0.0
128400,0.025139542296528816,0.023613939061760902,0.0020407119300216436,0.8203465342521667,1.0009360313415527,0.855385422706604,1.0450115203857422,0.4641010998748243,64.0,0.10839612285296123,3.0,0.0,0.0,0.0
128600,0.024675190448760986,0.022730914875864983,0.0017635435797274113,0.9093882441520691,1.0010349750518799,0.8458948135375977,1.0480061769485474,0.46311080013401806,64.0,0.11672679781913757,2.875,0.0,0.0,0.0
128800,0.02453807182610035,0.02319667860865593,0.0025128552224487066,0.9090437293052673,1.0008134841918945,0.8667951226234436,1.0458948612213135,0.5786272000987083,64.0,0.11373702138662338,3.21875,0.0,0.0,0.0
129000,0.026080898940563202,0.023764248937368393,0.004335548263043165,0.8878713250160217,1.002697467803955,0.6922295093536377,1.0484583377838135,0.5062575999181718,64.0,0.1085907056927681,3.1875,0.0,0.0,0.0
129200,0.024868667125701904,0.022504691034555435,0.00295597524382174,0.9387273788452148,1.0014705657958984,0.8191481828689575,1.0494108200073242,0.5273663999978453,64.0,0.11282744631171227,3.046875,0.0,0.0,0.0
129400,0.024069562554359436,0.021042289212346077,0.002242779592052102,1.1222270727157593,1.0016002655029297,0.799997091293335,1.0476255416870117,0.56481339992024,64.0,0.10512189815441768,2.828125,0.0,0.0,0.0
129600,0.02470671758055687,0.02287578023970127,0.00210214639082551,0.6391416788101196,1.0014201402664185,0.6980574131011963,1.0490405559539795,0.5502761001698673,64.0,0.10938190047939618,3.015625,0.0,0.0,0.0
129800,0.024032095447182655,0.022305821999907494,0.003277608659118414,1.3522133827209473,1.0037565231323242,0.5598469972610474,1.0483242273330688,0.4781053999904543,64.0,0.11279785136381786,2.984375,0.0,0.0,0.0
130000,0.024890737608075142,0.023531366139650345,0.002216295339167118,1.177542805671692,1.0017756223678589,0.7491607069969177,1.0501282215118408,0.47831349982880056,64.0,0.11421340554952622,3.09375,0.0,0.0,0.0
130200,0.024763740599155426,0.02258470095694065,0.004279458895325661,1.0690364837646484,1.0071603059768677,0.33921441435813904,1.0493755340576172,0.5278361001983285,64.0,0.1076647366086642,2.90625,0.0,0.0,0.0
130400,0.022883374243974686,0.02113770879805088,0.0021915361285209656,0.6236490607261658,1.0015136003494263,0.7263703346252441,1.0501365661621094,0.45858719991520047,64.0,0.10823869581023852,2.921875,0.0,0.0,0.0
130600,0.026050016283988953,0.023486841470003128,0.003858069656416774,1.4575386047363281,1.002918004989624,0.6063259840011597,1.0492308139801025,0.5675482999067754,64.0,0.10661620398362477,3.109375,0.0,0.0,0.0
130800,0.024169230833649635,0.022013558074831963,0.0038597178645431995,0.7999190092086792,1.004774570465088,0.5047136545181274,1.0487476587295532,0.4842573998030275,64.0,0.11256698220968246,2.921875,0.0,0.0,0.0
131000,0.023569324985146523,0.02250720001757145,0.001521280501037836,0.6096494197845459,1.0018696784973145,0.6597094535827637,1.047873854637146,0.4827057998627424,64.0,0.11875271499156952,2.90625,0.0,0.0,0.0
131200,0.02452230639755726,0.022734809666872025,0.0032171320635825396,0.6189252734184265,1.0024760961532593,0.6275020837783813,1.0493040084838867,0.5306514000985771,64.0,0.10463306183616321,3.15625,0.0,0.0,0.0
131400,0.024326633661985397,0.02197924442589283,0.0019079321064054966,0.8129569888114929,1.001542091369629,0.7625166177749634,1.0491962432861328,0.5119857999961823,64.0,0.11311510354280471,2.921875,0.0,0.0,0.0
131600,0.025354713201522827,0.022739456966519356,0.0025229137390851974,0.9475945234298706,1.002017617225647,0.7461957931518555,1.0493148565292358,0.45646920008584857,64.0,0.11093823015689849,2.90625,0.0,0.0,0.0
131800,0.021937761455774307,0.020416634157299995,0.0019403505139052868,0.9192907810211182,1.0015990734100342,0.6937421560287476,1.0448275804519653,0.45810230006463826,64.0,0.106737586359183,2.84375,0.0,0.0,0.0
132000,0.024912811815738678,0.022328117862343788,0.0027903402224183083,0.6822639107704163,1.0018813610076904,0.6731340885162354,1.04798424243927,0.49599049985408783,64.0,0.10817503929138184,2.953125,0.0,0.0,0.0
132200,0.024179279804229736,0.02220248430967331,0.0030344894621521235,0.8401917219161987,1.0015109777450562,0.7644320726394653,1.047459363937378,0.4905419999267906,64.0,0.11218746900558471,3.09375,0.0,0.0,0.0
132400,0.025921514257788658,0.02349342219531536,0.003929746802896261,1.0233464241027832,1.0026711225509644,0.6014923453330994,1.0496294498443604,0.49664300004951656,64.0,0.10983674104015033,3.046875,0.0,0.0,0.0
132600,0.027289072051644325,0.02398909255862236,0.0038241904694586992,1.1331759691238403,1.0022950172424316,0.7150944471359253,1.0465131998062134,0.48535449989140034,64.0,0.10390481228629748,3.015625,0.0,0.0,0.0
132800,0.023924967274069786,0.022430868819355965,0.0019610736053436995,1.0239996910095215,1.0034639835357666,0.6994723677635193,1.068932056427002,0.43310859985649586,64.0,0.11613089144229889,2.9375,0.0,0.0,0.0
133000,0.024662716314196587,0.02303151972591877,0.0021354237105697393,0.7413301467895508,1.0029245615005493,0.6395543217658997,1.0749588012695312,0.4286199000198394,64.0,0.11523665636777877,2.890625,0.0,0.0,0.0
133200,0.027312811464071274,0.024043414741754532,0.0030732587911188602,0.7591099143028259,1.0076713562011719,0.3650517761707306,1.0753910541534424,0.532123199896887,64.0,0.10064232030085155,2.96875,0.0,0.0,0.0
133400,0.0264195017516613,0.024524684995412827,0.00223848270252347,0.8273056745529175,1.0023704767227173,0.7609281539916992,1.066861867904663,0.4774591999594122,64.0,0.11582673341035843,2.96875,0.0,0.0,0.0
133600,0.0243291687220335,0.022766729816794395,0.0019385251216590405,0.7944348454475403,1.0018409490585327,0.8013437986373901,1.0747922658920288,0.5453772000037134,64.0,0.11721084713935852,3.03125,0.0,0.0,0.0
133800,0.02746860310435295,0.024539288133382797,0.003549281507730484,0.9827374219894409,1.0037108659744263,0.6795402765274048,1.0748908519744873,0.5773696000687778,64.0,0.10395065819223721,3.234375,0.0,0.0,0.0
134000,0.02589162066578865,0.023942792788147926,0.0024159231688827276,1.1312839984893799,1.0033292770385742,0.7191009521484375,1.0741488933563232,0.4846201001200825,64.0,0.11826411187648773,2.890625,0.0,0.0,0.0
134200,0.026630103588104248,0.023420196026563644,0.0031728942412883043,1.194172978401184,1.0033118724822998,0.7218776345252991,1.0752356052398682,0.5833724001422524,64.0,0.09646393358707428,3.328125,0.0,0.0,0.0
134400,0.024808738380670547,0.021617567166686058,0.0020239369478076696,0.8454784154891968,1.0047518014907837,0.5426472425460815,1.0747860670089722,0.4579733000136912,64.0,0.10703371713558833,2.765625,0.0,0.0,0.0
134600,0.024969469755887985,0.0232357457280159,0.00255482061766088,0.7486740350723267,1.0043517351150513,0.6945797204971313,1.073614239692688,0.4561906000599265,64.0,0.10575044776002566,2.90625,0.0,0.0,0.0
134800,0.024433201178908348,0.022812316194176674,0.0028717380482703447,1.0305275917053223,1.0034276247024536,0.6500650644302368,1.0703858137130737,0.5092645999975502,64.0,0.10898413757483165,3.203125,0.0,0.0,0.0
135000,0.025545427575707436,0.022793971002101898,0.002324857283383608,0.7534285187721252,1.0038570165634155,0.6495542526245117,1.0745340585708618,0.5117757001426071,64.0,0.10891076053182284,2.953125,0.0,0.0,0.0
135200,0.024276869371533394,0.02217082493007183,0.002752498956397176,0.7637767791748047,1.0061841011047363,0.46227791905403137,1.0728565454483032,0.4990991000086069,64.0,0.11556876823306084,2.953125,0.0,0.0,0.0
135400,0.024031247943639755,0.02250073291361332,0.0021353261545300484,0.7688295841217041,1.0022079944610596,0.7832813858985901,1.0696332454681396,0.4720637002028525,64.0,0.11900905519723892,2.953125,0.0,0.0,0.0
135600,0.02445146255195141,0.022284112870693207,0.0028712297789752483,1.244537353515625,1.0051995515823364,0.5431257486343384,1.0733426809310913,0.517892399802804,64.0,0.1071239026884238,2.875,0.0,0.0,0.0
135800,0.02275826968252659,0.02082778513431549,0.0024851139169186354,0.7328662872314453,1.0037428140640259,0.5682231187820435,1.0732090473175049,0.4955933000892401,64.0,0.11375748664140702,2.890625,0.0,0.0,0.0
136000,0.022672897204756737,0.02130434848368168,0.0017560782143846154,0.94827800989151,1.0027821063995361,0.7234228849411011,1.0641858577728271,0.4555226000957191,64.0,0.11610421240329742,2.9375,0.0,0.0,0.0
136200,0.02419666014611721,0.022653162479400635,0.0019053941359743476,0.826850950717926,1.003190040588379,0.6668633818626404,1.0689982175827026,0.44421570003032684,64.0,0.11628996580839157,2.9375,0.0,0.0,0.0
136400,0.02511458471417427,0.02293694019317627,0.0019918500911444426,0.6960451602935791,1.002661943435669,0.7074467539787292,1.0731189250946045,0.5210968998726457,64.0,0.11322816709677379,2.90625,0.0,0.0,0.0
136600,0.026342974975705147,0.023639269173145294,0.0026681972667574883,0.905131459236145,1.003340721130371,0.6801782250404358,1.0743826627731323,0.5513643000740558,64.0,0.10467944790919621,3.0,0.0,0.0,0.0
136800,0.023668920621275902,0.022755427286028862,0.002660945989191532,0.9987989068031311,1.002360463142395,0.7461344003677368,1.0731260776519775,0.5239844000898302,64.0,0.11426797385017078,3.1875,0.0,0.0,0.0
137000,0.022878050804138184,0.02145853079855442,0.002484413795173168,0.7810351848602295,1.002959966659546,0.6908722519874573,1.070713996887207,0.4884901000186801,64.0,0.11372081438700359,2.984375,0.0,0.0,0.0
137200,0.025633016601204872,0.022903794422745705,0.0028502377681434155,0.8075194954872131,1.0046278238296509,0.5409441590309143,1.0722774267196655,0.5371916999574751,64.0,0.10882153362035751,2.96875,0.0,0.0,0.0
137400,0.023512056097388268,0.02187460847198963,0.0020705480128526688,0.7858860492706299,1.0025848150253296,0.7679548859596252,1.0748063325881958,0.5167412001173943,64.0,0.10796167328953743,2.984375,0.0,0.0,0.0
137600,0.024923598393797874,0.022945815697312355,0.0030574894044548273,0.9955647587776184,1.0037585496902466,0.6367504596710205,1.0750961303710938,0.5978066001553088,64.0,0.09707797531570707,3.1875,0.0,0.0,0.0
137800,0.024867789819836617,0.022658031433820724,0.0024058762937784195,0.8389992117881775,1.0034840106964111,0.6478328108787537,1.0706135034561157,0.49912780011072755,64.0,0.10652611404657364,2.96875,0.0,0.0,0.0
138000,0.02484702132642269,0.022732000797986984,0.0020063528791069984,0.7894617319107056,1.0025198459625244,0.7161275148391724,1.074298620223999,0.5072379000484943,64.0,0.11377269881112236,2.9375,0.0,0.0,0.0
138200,0.024004599079489708,0.022152937948703766,0.0018409854965284467,0.8782426118850708,1.0020593404769897,0.7413159012794495,1.063867449760437,0.4725705999881029,64.0,0.11093699783086777,2.921875,0.0,0.0,0.0
138400,0.025334147736430168,0.023774363100528717,0.0020927367731928825,0.6932855248451233,1.0029926300048828,0.6130331158638,1.0699079036712646,0.5489320999477059,64.0,0.11359297186136245,2.984375,0.0,0.0,0.0
138600,0.023976938799023628,0.022128745913505554,0.002090957947075367,0.8559616804122925,1.0049196481704712,0.600239634513855,1.069765329360962,0.5118499998934567,64.0,0.10549627368648846,2.90625,0.0,0.0,0.0
138800,0.02310749888420105,0.020941579714417458,0.00246719759888947,0.7376865148544312,1.0051109790802002,0.5377766489982605,1.0757248401641846,0.5138167999684811,64.0,0.11073395982384682,2.96875,0.0,0.0,0.0
139000,0.025462806224822998,0.022911135107278824,0.0035642667207866907,0.7805758714675903,1.005982756614685,0.4350520074367523,1.0715678930282593,0.5079150998499244,64.0,0.11274005621671676,3.03125,0.0,0.0,0.0
139200,0.025508031249046326,0.02361597865819931,0.002411602297797799,0.7527165412902832,1.0036101341247559,0.6823944449424744,1.0716760158538818,0.5447151998523623,64.0,0.10378381609916687,3.0625,0.0,0.0,0.0
139400,0.024039745330810547,0.0216409582644701,0.002941864775493741,1.0016822814941406,1.0074028968811035,0.4130201041698456,1.0714671611785889,0.46961549995467067,64.0,0.10656402135888736,2.96875,0.0,0.0,0.0
139600,0.026020722463726997,0.023113053292036057,0.0028300012927502394,0.7465397715568542,1.0024250745773315,0.7700768709182739,1.075013518333435,0.5702260998077691,64.0,0.10157360349382673,3.125,0.0,0.0,0.0
139800,0.025211988016963005,0.022846663370728493,0.00301336869597435,0.8584482669830322,1.0026113986968994,0.7523748874664307,1.073402762413025,0.5047341000754386,64.0,0.10753017167250316,3.0625,0.0,0.0,0.0
140000,0.024416033178567886,0.02200189419090748,0.003290685825049877,1.0284582376480103,1.0050339698791504,0.582655668258667,1.0718177556991577,0.5209943000227213,64.0,0.10310528924067815,3.03125,0.0,0.0,0.0
140200,0.025121640413999557,0.02381100133061409,0.0031050224788486958,0.7745950222015381,1.0034141540527344,0.7133039832115173,1.0735893249511719,0.54371969983913,64.0,0.1108749471604824,3.25,0.0,0.0,0.0
140400,0.02476201392710209,0.022599581629037857,0.0019113901071250439,0.5546169877052307,1.0023449659347534,0.7471505403518677,1.074358344078064,0.5209580000955611,64.0,0.11320643499493599,3.078125,0.0,0.0,0.0
140600,0.025069210678339005,0.022596187889575958,0.0031392769888043404,0.6826202869415283,1.0049556493759155,0.5262677669525146,1.0678894519805908,0.5056171999312937,64.0,0.10533470163742702,3.203125,0.0,0.0,0.0
140800,0.023641297593712807,0.021552646532654762,0.0023986680898815393,0.7376538515090942,1.0033917427062988,0.6540111899375916,1.0711904764175415,0.5243285000324249,64.0,0.11297822992006938,3.015625,0.0,0.0,0.0
141000,0.02447952702641487,0.022895995527505875,0.0028781434521079063,0.8418996334075928,1.0058611631393433,0.47054868936538696,1.0733193159103394,0.5466423998586833,64.0,0.11128584543863933,3.0625,0.0,0.0,0.0
141200,0.02427506633102894,0.022634778171777725,0.003515280783176422,1.3973522186279297,1.003744125366211,0.6583017110824585,1.0755500793457031,0.477808800060302,64.0,0.11792415380477905,3.109375,0.0,0.0,0.0
141400,0.022926906123757362,0.021258478984236717,0.0016440079780295491,0.7504627704620361,1.0024516582489014,0.7007079720497131,1.0695856809616089,0.4303973000496626,64.0,0.11404731869697571,2.78125,0.0,0.0,0.0
141600,0.026493312790989876,0.02411574311554432,0.0024235909804701805,1.0091203451156616,1.0041284561157227,0.671424150466919,1.0727953910827637,0.4744171998463571,64.0,0.10660138105352719,2.96875,0.0,0.0,0.0
141800,0.025004133582115173,0.022589467465877533,0.001979506341740489,0.6117659211158752,1.0019254684448242,0.8059754967689514,1.071993350982666,0.6108794000465423,64.0,0.10622824604312579,2.9375,0.0,0.0,0.0
142000,0.02573074959218502,0.023414332419633865,0.002451931359246373,0.9235970377922058,1.0030547380447388,0.7757059335708618,1.073804259300232,0.5166576998308301,64.0,0.10463647916913033,3.15625,0.0,0.0,0.0
142200,0.024120980873703957,0.02244933694601059,0.0025022136978805065,0.766744077205658,1.0028082132339478,0.6873542070388794,1.070793628692627,0.5254490999504924,64.0,0.11222685625155766,3.0,0.0,0.0,0.0
142400,0.026094213128089905,0.02407882548868656,0.0031164358370006084,0.7434853315353394,1.0025328397750854,0.8061791658401489,1.0685712099075317,0.5894577999133617,64.0,0.10778520628809929,3.46875,0.0,0.0,0.0
142600,0.024939630180597305,0.022465024143457413,0.003351076040416956,1.0469467639923096,1.0046181678771973,0.5737507343292236,1.0751627683639526,0.5089077998418361,64.0,0.10820326581597328,3.015625,0.0,0.0,0.0
142800,0.026585180312395096,0.024617766961455345,0.002927154302597046,1.1288871765136719,1.0060087442398071,0.5180275440216064,1.0750538110733032,0.5163938000332564,64.0,0.10738893722494443,3.15625,0.0,0.0,0.0
143000,0.023266179487109184,0.021755868569016457,0.0018494905671104789,0.6629706621170044,1.0029041767120361,0.6334457397460938,1.0720231533050537,0.49608829990029335,64.0,0.11027975380420685,3.0625,0.0,0.0,0.0
143200,0.025179849937558174,0.022773317992687225,0.0031271285843104124,0.6864101886749268,1.005737066268921,0.5513412952423096,1.0726567506790161,0.5136577000375837,64.0,0.11012079566717148,3.0,0.0,0.0,0.0
143400,0.02570487931370735,0.02340809255838394,0.002689662156626582,0.8743677139282227,1.0022555589675903,0.824472188949585,1.0747637748718262,0.5315702001098543,64.0,0.10586270689964294,3.09375,0.0,0.0,0.0
143600,0.02443596161901951,0.022331900894641876,0.0023839485365897417,0.7699927687644958,1.0068424940109253,0.4842987656593323,1.0732648372650146,0.5222244001924992,64.0,0.09789821399109704,2.90625,0.0,0.0,0.0
143800,0.024625906720757484,0.022372396662831306,0.002350149443373084,0.9796509146690369,1.0046542882919312,0.6858502626419067,1.0730804204940796,0.4792122000362724,64.0,0.11273273080587387,2.9375,0.0,0.0,0.0
144000,0.024909839034080505,0.022021234035491943,0.0024596191942691803,1.0501786470413208,1.0058283805847168,0.5108161568641663,1.073403239250183,0.511980100069195,64.0,0.10454082240660985,3.0,0.0,0.0,0.0
144200,0.023805150762200356,0.022464439272880554,0.0017441093223169446,0.8919236063957214,1.0024688243865967,0.7631696462631226,1.072285771369934,0.4538551000878215,64.0,0.11987407654523849,2.921875,0.0,0.0,0.0
144400,0.02479398064315319,0.022972052916884422,0.0026300980243831873,1.0857288837432861,1.0039323568344116,0.5226612091064453,1.0719329118728638,0.5150060001760721,64.0,0.11236888915300369,3.0,0.0,0.0,0.0
144600,0.024267729371786118,0.022076446563005447,0.0019831073004752398,0.9778968095779419,1.0025513172149658,0.7814509272575378,1.074620008468628,0.5646371999755502,64.0,0.11818324774503708,2.84375,0.0,0.0,0.0
144800,0.025509214028716087,0.02334277518093586,0.0027931081131100655,0.9669064283370972,1.00289785861969,0.7825616598129272,1.0729812383651733,0.6251060999929905,64.0,0.11084624826908111,3.171875,0.0,0.0,0.0
145000,0.025183603167533875,0.023900559172034264,0.0033861410338431597,1.196542501449585,1.005111813545227,0.5483890771865845,1.0686067342758179,0.5425507000181824,64.0,0.11507492363452912,3.125,0.0,0.0,0.0
145200,0.025400983169674873,0.0225851908326149,0.0029102542903274298,0.6497021913528442,1.005161166191101,0.5551045536994934,1.068864345550537,0.6091493000276387,64.0,0.11329932759205501,3.046875,0.0,0.0,0.0
145400,0.023591114208102226,0.020933426916599274,0.0018517238786444068,0.9961531162261963,1.0034515857696533,0.66572105884552,1.0742446184158325,0.5210553000215441,64.0,0.10399619117379189,2.765625,0.0,0.0,0.0
145600,0.026271216571331024,0.02267458662390709,0.0027211038395762444,1.012127161026001,1.004626750946045,0.5806627869606018,1.0752692222595215,0.4928065000567585,64.0,0.106785432746013,3.0,0.0,0.0,0.0
145800,0.025873824954032898,0.022917037829756737,0.0027069514617323875,0.901576578617096,1.0023249387741089,0.7742034196853638,1.0718673467636108,0.5608341000042856,64.0,0.10914639880259831,3.0,0.0,0.0,0.0
146000,0.024814793840050697,0.022522831335663795,0.003059170674532652,1.002694010734558,1.00511634349823,0.6016783118247986,1.0735414028167725,0.48608299996703863,64.0,0.10831350833177567,3.015625,0.0,0.0,0.0
146200,0.02401551976799965,0.02221604995429516,0.0018944096518680453,0.944595456123352,1.0023164749145508,0.8162147402763367,1.0747144222259521,0.5049664000980556,64.0,0.11405517905950546,2.890625,0.0,0.0,0.0
146400,0.023908058181405067,0.022527482360601425,0.002144901780411601,0.8202175498008728,1.0044403076171875,0.52964848279953,1.0710792541503906,0.4854964001569897,64.0,0.10852150991559029,2.96875,0.0,0.0,0.0
146600,0.025563787668943405,0.023387648165225983,0.0023674697149544954,0.6706912517547607,1.0025691986083984,0.6870564818382263,1.0704890489578247,0.5611684999894351,64.0,0.11302911614378293,3.1875,0.0,0.0,0.0
146800,0.025115372613072395,0.02337626740336418,0.0031099137850105762,0.9399734139442444,1.0030126571655273,0.637077271938324,1.0719789266586304,0.49615430017001927,64.0,0.10574433083335559,3.21875,0.0,0.0,0.0
147000,0.023468106985092163,0.021453771740198135,0.0033676198218017817,0.9508888721466064,1.003227949142456,0.751568078994751,1.0738768577575684,0.522265899926424,64.0,0.10920743520061175,3.015625,0.0,0.0,0.0
147200,0.024350261315703392,0.022040141746401787,0.0027713915333151817,1.321563482284546,1.0062111616134644,0.4530331790447235,1.0737359523773193,0.47829149989411235,64.0,0.10864878570040067,3.078125,0.0,0.0,0.0
147400,0.024472679942846298,0.021796632558107376,0.0022614237386733294,1.1646695137023926,1.0042989253997803,0.6525572538375854,1.0732885599136353,0.4948974000290036,64.0,0.11877631545066833,2.90625,0.0,0.0,0.0
147600,0.024061553180217743,0.021359411999583244,0.0017065322026610374,0.7012943029403687,1.0023155212402344,0.7858743667602539,1.0715546607971191,0.4943950998131186,64.0,0.11031074523925781,2.765625,0.0,0.0,0.0
147800,0.02359076216816902,0.021964583545923233,0.0026245575863868,0.9455772042274475,1.0048526525497437,0.544596254825592,1.0749714374542236,0.4562096002046019,64.0,0.11307854950428009,2.859375,0.0,0.0,0.0
148000,0.023244516924023628,0.02157423086464405,0.0018000751733779907,0.8233324885368347,1.0038303136825562,0.634544312953949,1.0718843936920166,0.46583899995312095,64.0,0.11989888250827789,2.859375,0.0,0.0,0.0
148200,0.024659544229507446,0.0215806495398283,0.0021735471673309803,0.7576280832290649,1.0053809881210327,0.516964316368103,1.0688608884811401,0.46386090014129877,64.0,0.10312678345612117,2.828125,0.0,0.0,0.0
148400,0.024497229605913162,0.023196298629045486,0.0028258715756237507,0.9491907954216003,1.0038689374923706,0.6726506352424622,1.0741891860961914,0.5393385998904705,64.0,0.11430836593111356,3.046875,0.0,0.0,0.0
148600,0.02462470717728138,0.022423867136240005,0.0027879460249096155,0.8893097639083862,1.0045650005340576,0.5973515510559082,1.0709110498428345,0.5400848998688161,64.0,0.10668903961777687,3.0625,0.0,0.0,0.0
148800,0.025163831189274788,0.022615447640419006,0.0035836761817336082,0.8869795203208923,1.004616379737854,0.6966875791549683,1.0741019248962402,0.5517725998070091,64.0,0.10814597333470981,3.140625,0.0,0.0,0.0
149000,0.024069922044873238,0.022063087671995163,0.0024315628688782454,0.8657746911048889,1.0020800828933716,0.7450111508369446,1.069473147392273,0.515932000009343,64.0,0.10901475573579471,3.0625,0.0,0.0,0.0
149200,0.02528047189116478,0.023359522223472595,0.003467113710939884,1.0177912712097168,1.0027382373809814,0.7239891886711121,1.0731189250946045,0.5578842998947948,64.0,0.1040784205709185,3.3125,0.0,0.0,0.0
149400,0.0240402203053236,0.02218920923769474,0.003611796535551548,1.0820770263671875,1.0044058561325073,0.5427947640419006,1.074889063835144,0.4854261998552829,64.0,0.11233602340022723,2.984375,0.0,0.0,0.0
149600,0.024660099297761917,0.023159369826316833,0.0026776916347444057,0.9009950160980225,1.0026211738586426,0.7145093083381653,1.0700219869613647,0.4935819001402706,64.0,0.11164489686489106,3.140625,0.0,0.0,0.0
149800,0.023264171555638313,0.02163708582520485,0.0026342058554291725,0.9473626017570496,1.0022146701812744,0.7717628479003906,1.072396993637085,0.5903271997813135,64.0,0.10859712532588414,3.140625,0.0,0.0,0.0
150000,0.024745941162109375,0.022378552705049515,0.002524188719689846,0.7458309531211853,1.0037667751312256,0.653540313243866,1.0735102891921997,0.4923525999765843,64.0,0.11428771317005157,3.015625,0.0,0.0,0.0
150200,0.02416038326919079,0.022412344813346863,0.0021553831174969673,0.8048705458641052,1.003212332725525,0.7491006851196289,1.0707178115844727,0.5103462000843138,64.0,0.10553418099880219,2.9375,0.0,0.0,0.0
150400,0.025095289573073387,0.022349150851368904,0.0027406918816268444,0.770315945148468,1.0025588274002075,0.7637851238250732,1.0738258361816406,0.482851600041613,64.0,0.11391273885965347,3.015625,0.0,0.0,0.0
150600,0.024859441444277763,0.022639114409685135,0.0025656474754214287,0.8403892517089844,1.004608154296875,0.5493296384811401,1.0716861486434937,0.4957099000457674,64.0,0.10916074613730113,3.03125,0.0,0.0,0.0
150800,0.02375856228172779,0.022064199671149254,0.0023940284736454487,0.908126950263977,1.0023924112319946,0.7660303115844727,1.071616291999817,0.4989744999911636,64.0,0.11349083632230758,3.0,0.0,0.0,0.0
151000,0.02470487914979458,0.022785309702157974,0.002381295897066593,0.7544025778770447,1.0042368173599243,0.5428693294525146,1.069272756576538,0.48152699996717274,64.0,0.10401144517319542,3.046875,0.0,0.0,0.0
151200,0.026603298261761665,0.024303115904331207,0.0035283127799630165,0.8690853118896484,1.003389835357666,0.6582834124565125,1.0698848962783813,0.5330952000804245,64.0,0.10894425834218661,3.3125,0.0,0.0,0.0
151400,0.02484731934964657,0.022993743419647217,0.002539779059588909,0.8330953121185303,1.0027108192443848,0.7384161353111267,1.0670769214630127,0.5122479000128806,64.0,0.10621294166360583,3.078125,0.0,0.0,0.0
151600,0.026047661900520325,0.024121608585119247,0.0020453811157494783,0.7514633536338806,1.0024528503417969,0.7685216069221497,1.0747005939483643,0.47695879987441003,64.0,0.1039526139696439,2.953125,0.0,0.0,0.0
151800,0.022408735007047653,0.021372638642787933,0.0020220524165779352,0.948151707649231,1.0036742687225342,0.6377962231636047,1.07340669631958,0.5065264999866486,64.0,0.11805938482284546,2.84375,0.0,0.0,0.0
152000,0.025119641795754433,0.02274208329617977,0.0031890927348285913,0.9749232530593872,1.0034914016723633,0.701551616191864,1.0720258951187134,0.46803499991074204,64.0,0.10505456353227298,2.984375,0.0,0.0,0.0
152200,0.024451086297631264,0.022860240191221237,0.0015772746410220861,0.6854946613311768,1.0022003650665283,0.7628606557846069,1.0707271099090576,0.4940929999575019,64.0,0.1039609598616759,3.078125,0.0,0.0,0.0
152400,0.023504452779889107,0.020972732454538345,0.0021874031517654657,0.8738248348236084,1.002960205078125,0.7158668041229248,1.071402907371521,0.4913725999649614,64.0,0.10973558699091275,2.78125,0.0,0.0,0.0
152600,0.02391347661614418,0.022494537755846977,0.002131454413756728,0.9035900831222534,1.003138542175293,0.6927957534790039,1.0694993734359741,0.5383546999655664,64.0,0.10763635238011678,3.0625,0.0,0.0,0.0
152800,0.02367590181529522,0.022168831899762154,0.0025017017032951117,0.7866690754890442,1.0035431385040283,0.5776908993721008,1.0647530555725098,0.5032577998936176,64.0,0.11253607893983524,3.203125,0.0,0.0,0.0
153000,0.02609270066022873,0.023860357701778412,0.0021506971679627895,0.8441612720489502,1.002223253250122,0.7528477311134338,1.0721278190612793,0.5759642999619246,64.0,0.11203608363866806,3.09375,0.0,0.0,0.0
153200,0.02413303218781948,0.021650349721312523,0.004815210588276386,0.8437085747718811,1.0092979669570923,0.30301418900489807,1.0728909969329834,0.5453659000340849,64.0,0.10307968035340309,3.1875,0.0,0.0,0.0
153400,0.02392902784049511,0.02225225418806076,0.0020783464424312115,0.6181025505065918,1.0036325454711914,0.6112044453620911,1.0723882913589478,0.48657579999417067,64.0,0.12017030268907547,3.0,0.0,0.0,0.0
153600,0.023455820977687836,0.021155759692192078,0.0028001214377582073,0.8648635745048523,1.004626750946045,0.5460742712020874,1.0681673288345337,0.5342333000153303,64.0,0.1115378886461258,3.125,0.0,0.0,0.0
153800,0.02320772223174572,0.0216060820966959,0.0019854868296533823,0.7420341968536377,1.0034101009368896,0.6949888467788696,1.07107675075531,0.4564676999580115,64.0,0.11676440984010697,2.875,0.0,0.0,0.0
154000,0.025414731353521347,0.024276217445731163,0.0029362093191593885,0.9698119759559631,1.003463864326477,0.6904397010803223,1.0699577331542969,0.5254293000325561,64.0,0.1089856040974458,3.328125,0.0,0.0,0.0
154200,0.024128474295139313,0.021586788818240166,0.0016780844889581203,0.9233571290969849,1.0043277740478516,0.5690060257911682,1.074607491493225,0.48035619989968836,64.0,0.1129673883318901,2.8125,0.0,0.0,0.0
154400,0.023563632741570473,0.021742111071944237,0.0015263953246176243,0.949320375919342,1.0045359134674072,0.48095059394836426,1.0752421617507935,0.43717749998904765,64.0,0.11489782631397247,2.828125,0.0,0.0,0.0
154600,0.023804761469364166,0.02181164175271988,0.002138551790267229,0.8976473212242126,1.0042169094085693,0.5133965611457825,1.0734646320343018,0.4776327998843044,64.0,0.11218512654304505,2.75,0.0,0.0,0.0
154800,0.022986311465501785,0.020660223439335823,0.002148302970454097,0.7913897037506104,1.0034277439117432,0.6562133431434631,1.074293851852417,0.463008200051263,64.0,0.10513802121082942,2.9375,0.0,0.0,0.0
155000,0.024642176926136017,0.022216714918613434,0.002202075906097889,0.8080080151557922,1.0032930374145508,0.7024231553077698,1.072384238243103,0.5169168000575155,64.0,0.1198112890124321,2.90625,0.0,0.0,0.0
155200,0.02631901204586029,0.02333071455359459,0.002552048536017537,0.9092076420783997,1.002708077430725,0.7310972213745117,1.0733520984649658,0.46540219988673925,64.0,0.11134529113769531,3.0,0.0,0.0,0.0
155400,0.025186404585838318,0.023046860471367836,0.0022099739871919155,0.8653577566146851,1.0036401748657227,0.6639441251754761,1.0732252597808838,0.5296703998465091,64.0,0.10720619062582652,3.0625,0.0,0.0,0.0
155600,0.024454819038510323,0.02230418100953102,0.0022922914940863848,0.9085932970046997,1.003349781036377,0.6984598636627197,1.0727555751800537,0.6080076000653207,64.0,0.11563281416893005,2.9375,0.0,0.0,0.0
155800,0.02525479346513748,0.023491354659199715,0.0024797054938971996,0.7986653447151184,1.0036661624908447,0.6301050186157227,1.0725929737091064,0.48575510014779866,64.0,0.11632277518510818,3.09375,0.0,0.0,0.0
156000,0.02321290411055088,0.021356984972953796,0.0016787914792075753,0.6397910714149475,1.0024123191833496,0.7206200957298279,1.068820595741272,0.48122720001265407,64.0,0.11493808031082153,3.015625,0.0,0.0,0.0
156200,0.02517864480614662,0.022995805367827415,0.0022159141954034567,0.7352344989776611,1.004249095916748,0.6300218105316162,1.0736804008483887,0.4823820998426527,64.0,0.10541048273444176,2.90625,0.0,0.0,0.0
156400,0.023826921358704567,0.022251106798648834,0.0016478513134643435,0.8913426995277405,1.0019794702529907,0.7911887764930725,1.0706592798233032,0.4477951000444591,64.0,0.11699384897947311,2.890625,0.0,0.0,0.0
156600,0.02502741478383541,0.022622819989919662,0.0024024853482842445,0.8275352120399475,1.0026384592056274,0.6895422339439392,1.072223424911499,0.5846652002073824,64.0,0.11113183076183002,3.1875,0.0,0.0,0.0
156800,0.024804743006825447,0.022272998467087746,0.002177861984819174,1.0043864250183105,1.0032289028167725,0.7051557898521423,1.073270559310913,0.5014343000948429,64.0,0.11534707248210907,2.921875,0.0,0.0,0.0
157000,0.025504495948553085,0.0232872162014246,0.0023314962163567543,1.0020523071289062,1.0022269487380981,0.834861159324646,1.0763955116271973,0.5390862000640482,64.0,0.11343546807765961,3.140625,0.0,0.0,0.0
157200,0.025090647861361504,0.023021776229143143,0.0026973907370120287,0.7265588045120239,1.0059854984283447,0.41657134890556335,1.0738798379898071,0.5079932000953704,64.0,0.11060685912768047,2.875,0.0,0.0,0.0
157400,0.025619685649871826,0.022857192903757095,0.0026521291583776474,0.8543996810913086,1.0042742490768433,0.5847519040107727,1.0724068880081177,0.5545004999730736,64.0,0.1069054864346981,3.078125,0.0,0.0,0.0
157600,0.02251746505498886,0.02117467299103737,0.001860770513303578,0.9642751216888428,1.0051013231277466,0.48809975385665894,1.0751926898956299,0.4386732999701053,64.0,0.11818371713161469,2.9375,0.0,0.0,0.0
157800,0.026166804134845734,0.024190977215766907,0.0025397140998393297,1.239666223526001,1.0032399892807007,0.6322208642959595,1.0732167959213257,0.51122109987773,64.0,0.11272243161996205,3.046875,0.0,0.0,0.0
158000,0.02391783893108368,0.021899830549955368,0.002630665898323059,0.619174063205719,1.0044407844543457,0.709966778755188,1.074701189994812,0.4697133000008762,64.0,0.11392441540956497,3.03125,0.0,0.0,0.0
158200,0.02541881985962391,0.022967489436268806,0.0018655103631317616,0.7486730813980103,1.0028434991836548,0.7310165762901306,1.068834662437439,0.47752220020629466,64.0,0.11185253262519837,3.046875,0.0,0.0,0.0
158400,0.024725422263145447,0.022992704063653946,0.002349315909668803,0.7702603340148926,1.003459095954895,0.5751270651817322,1.0708298683166504,0.5241094001103193,64.0,0.10908099760611852,3.15625,0.0,0.0,0.0
158600,0.024622393772006035,0.022033287212252617,0.0030139400623738766,0.7126843929290771,1.0071457624435425,0.39428386092185974,1.072005033493042,0.5827842999715358,64.0,0.09925923443266324,2.9375,0.0,0.0,0.0
158800,0.024316228926181793,0.021490272134542465,0.002678122604265809,1.0637544393539429,1.0052944421768188,0.5972186923027039,1.0750846862792969,0.5025151001755148,64.0,0.10698334553412028,2.890625,0.0,0.0,0.0
159000,0.02300427481532097,0.020934537053108215,0.002146137645468116,0.7558392286300659,1.003678321838379,0.6388229727745056,1.0725793838500977,0.4534097998403013,64.0,0.1142613410949707,2.84375,0.0,0.0,0.0
159200,0.024556241929531097,0.022356243804097176,0.0033755358308553696,0.8709853291511536,1.0059375762939453,0.5570622682571411,1.0723459720611572,0.5767289998475462,64.0,0.1125712903837363,3.125,0.0,0.0,0.0
159400,0.023672208189964294,0.021616045385599136,0.002848798641934991,0.8581647276878357,1.0067100524902344,0.5091363191604614,1.074688196182251,0.4788780000526458,64.0,0.11080319434404373,2.796875,0.0,0.0,0.0
159600,0.024150310084223747,0.022590411826968193,0.0014268875820562243,0.6126840710639954,1.0019888877868652,0.7174422144889832,1.073103427886963,0.4514170999173075,64.0,0.11720993965864182,2.796875,0.0,0.0,0.0
159800,0.02558251842856407,0.023285482078790665,0.0024166544899344444,0.6836638450622559,1.0028886795043945,0.6299346685409546,1.0728739500045776,0.5421645999886096,64.0,0.11240958546598752,3.234375,0.0,0.0,0.0
160000,0.025332298129796982,0.023362334817647934,0.002143456833437085,0.8292607069015503,1.0031092166900635,0.6523361802101135,1.0712029933929443,0.4721018001437187,64.0,0.11269856244325638,2.96875,0.0,0.0,0.0
160200,0.025714440271258354,0.023048318922519684,0.0027103349566459656,0.8915728330612183,1.0025434494018555,0.7690712213516235,1.074257731437683,0.506701200036332,64.0,0.11103087663650513,2.921875,0.0,0.0,0.0
160400,0.025288639590144157,0.022798679769039154,0.0028250047471374273,0.7939402461051941,1.0050601959228516,0.6152132153511047,1.0753973722457886,0.5183468000032008,64.0,0.1102166697382927,3.015625,0.0,0.0,0.0
160600,0.023521894589066505,0.021736931055784225,0.002026389352977276,0.7902518510818481,1.0022848844528198,0.79459148645401,1.0682286024093628,0.4747130998875946,64.0,0.11371293365955353,2.90625,0.0,0.0,0.0
160800,0.02426527626812458,0.021804235875606537,0.002276343759149313,0.6817408800125122,1.0029778480529785,0.7403985857963562,1.070845603942871,0.48607350001111627,64.0,0.10888197645545006,2.96875,0.0,0.0,0.0
161000,0.023517906665802002,0.021010100841522217,0.0015770263271406293,0.6621100306510925,1.0025120973587036,0.741298496723175,1.0748237371444702,0.45228139986284077,64.0,0.11437979588905971,2.84375,0.0,0.0,0.0
161200,0.024390099570155144,0.022496158257126808,0.0022260923869907856,1.0243562459945679,1.0034246444702148,0.7129894495010376,1.0764250755310059,0.5078269999939948,64.0,0.11587349027395248,2.953125,0.0,0.0,0.0
161400,0.024348145350813866,0.0221855491399765,0.0025050994008779526,0.8741573691368103,1.0047401189804077,0.6150795221328735,1.0756988525390625,0.49779110006056726,64.0,0.11082106331984203,2.953125,0.0,0.0,0.0
161600,0.025530219078063965,0.02321207895874977,0.0018960365559905767,1.2170435190200806,1.0020241737365723,0.7941443920135498,1.073570966720581,0.49693180015310645,64.0,0.11074670255184174,3.015625,0.0,0.0,0.0
161800,0.023612475022673607,0.022270534187555313,0.0025200522504746914,0.9444514513015747,1.0035645961761475,0.6641347408294678,1.0742555856704712,0.4767322998959571,64.0,0.11057387292385101,3.15625,0.0,0.0,0.0
162000,0.023624012246727943,0.021306630223989487,0.001933347899466753,0.5608608722686768,1.0055208206176758,0.4524986147880554,1.0717414617538452,0.4526694999076426,64.0,0.10641843204696973,2.8125,0.0,0.0,0.0
162200,0.024462342262268066,0.021943191066384315,0.002532252110540867,0.7923808097839355,1.0032622814178467,0.6757227778434753,1.0735960006713867,0.46793550020083785,64.0,0.11262145141760509,3.015625,0.0,0.0,0.0
162400,0.023172426968812943,0.021279869601130486,0.0024807166773825884,0.8837003707885742,1.0043044090270996,0.6516449451446533,1.0754022598266602,0.4696480000857264,64.0,0.11348662227392196,2.953125,0.0,0.0,0.0
162600,0.023958027362823486,0.022168505936861038,0.002388499677181244,0.8502396941184998,1.0029196739196777,0.6675350666046143,1.0723313093185425,0.4955466000828892,64.0,0.11674406677484513,2.96875,0.0,0.0,0.0
162800,0.025289226323366165,0.023275481536984444,0.0030613045673817396,0.7763167023658752,1.0063223838806152,0.42764392495155334,1.0744168758392334,0.5444092999678105,64.0,0.096387865287917,3.171875,0.0,0.0,0.0
163000,0.022847050800919533,0.021013565361499786,0.0035139909014105797,0.9026625156402588,1.0114386081695557,0.2706195116043091,1.0739575624465942,0.4849175999406725,64.0,0.11371571868658066,2.9375,0.0,0.0,0.0
163200,0.025665493682026863,0.023697499185800552,0.003332671010866761,0.9982182383537292,1.0047810077667236,0.5285326838493347,1.074156641960144,0.48642880003899336,64.0,0.114548259973526,3.046875,0.0,0.0,0.0
163400,0.024747511371970177,0.022517550736665726,0.00228386209346354,0.9931117296218872,1.0038962364196777,0.5978297591209412,1.0741844177246094,0.4832336998078972,64.0,0.10998544593652089,3.09375,0.0,0.0,0.0
163600,0.023791391402482986,0.021781787276268005,0.002286756644025445,0.7003236413002014,1.0035130977630615,0.6154142618179321,1.0730249881744385,0.47550960001535714,64.0,0.1065871428166117,2.875,0.0,0.0,0.0
163800,0.023767612874507904,0.022072846069931984,0.0023543972056359053,1.0757269859313965,1.0074191093444824,0.43466073274612427,1.0739476680755615,0.44807679997757077,64.0,0.11806442588567734,2.75,0.0,0.0,0.0
164000,0.023097435012459755,0.02140265330672264,0.00157586217392236,0.7482896447181702,1.0034273862838745,0.7054781913757324,1.0699732303619385,0.5829856002237648,64.0,0.11789750456809997,2.859375,0.0,0.0,0.0
164200,0.023367447778582573,0.021853545680642128,0.002117024501785636,0.8346871733665466,1.0030549764633179,0.7222342491149902,1.0719892978668213,0.4763199998997152,64.0,0.11837174743413925,3.015625,0.0,0.0,0.0
164400,0.02413034439086914,0.022242730483412743,0.0025403916370123625,0.9890933632850647,1.004848599433899,0.496132493019104,1.0724380016326904,0.47256860020570457,64.0,0.11153362939755122,2.9375,0.0,0.0,0.0
164600,0.02418608032166958,0.021656459197402,0.002284698188304901,0.8201839923858643,1.0055104494094849,0.5360215902328491,1.0756645202636719,0.5232700000051409,64.0,0.10631491882460457,2.9375,0.0,0.0,0.0
164800,0.025239696726202965,0.022924717515707016,0.002501114970073104,0.7535776495933533,1.0026354789733887,0.7399997711181641,1.073303461074829,0.49996170005761087,64.0,0.11448281854391099,3.125,0.0,0.0,0.0
165000,0.024807492271065712,0.022808119654655457,0.002171565778553486,0.7691366076469421,1.0026218891143799,0.6735880970954895,1.0757132768630981,0.5395518001168966,64.0,0.10695380965868632,3.046875,0.0,0.0,0.0
165200,0.023067794740200043,0.0211308766156435,0.0029944414272904396,0.8894796371459961,1.0103236436843872,0.2826173007488251,1.074481725692749,0.4591738998424262,64.0,0.11430852264165878,2.796875,0.0,0.0,0.0
165400,0.02479567565023899,0.023442812263965607,0.0026331469416618347,0.865447998046875,1.0038816928863525,0.5503371953964233,1.0736184120178223,0.48965499992482364,64.0,0.11450392007827759,3.125,0.0,0.0,0.0
165600,0.02381809987127781,0.02221117913722992,0.002658597193658352,0.871447741985321,1.0049011707305908,0.5106434226036072,1.075642466545105,0.47273919987492263,64.0,0.11866026669740677,2.9375,0.0,0.0,0.0
165800,0.024009117856621742,0.021612854674458504,0.0025938276667147875,1.1566537618637085,1.0043458938598633,0.6541750431060791,1.0755482912063599,0.47577690007165074,64.0,0.11230221837759018,2.828125,0.0,0.0,0.0
166000,0.02391042187809944,0.021445538848638535,0.0030915401875972748,0.8572688698768616,1.0088744163513184,0.43025803565979004,1.0758475065231323,0.5128019000403583,64.0,0.11450938284397125,2.96875,0.0,0.0,0.0
166200,0.024655355140566826,0.022576171904802322,0.0027332818135619164,0.9051204323768616,1.0051175355911255,0.5713205337524414,1.0717374086380005,0.5244956999085844,64.0,0.11898476630449295,3.046875,0.0,0.0,0.0
166400,0.023991886526346207,0.022835280746221542,0.0019199715461581945,0.9596430659294128,1.0022187232971191,0.8028219938278198,1.0726133584976196,0.4532711999490857,64.0,0.10897260457277298,3.0625,0.0,0.0,0.0
166600,0.0225063469260931,0.021121198311448097,0.0018007047474384308,0.735106885433197,1.0049020051956177,0.5818784832954407,1.0727035999298096,0.5197421000339091,64.0,0.1185088723897934,2.96875,0.0,0.0,0.0
166800,0.025093307718634605,0.02244644984602928,0.0024992264807224274,0.6880698800086975,1.003403663635254,0.6808489561080933,1.0743482112884521,0.4844595000613481,64.0,0.10473032295703888,3.046875,0.0,0.0,0.0
167000,0.02485095150768757,0.022675711661577225,0.003066243603825569,0.9416522979736328,1.0038701295852661,0.6700334548950195,1.0711833238601685,0.5236647999845445,64.0,0.10444764296213786,3.234375,0.0,0.0,0.0
167200,0.024665094912052155,0.023068297654390335,0.0019221893744543195,0.7455003261566162,1.002155065536499,0.7628352642059326,1.0706292390823364,0.5491023999638855,64.0,0.11737534701824189,3.0625,0.0,0.0,0.0
167400,0.025762328878045082,0.02388310618698597,0.002664996078237891,0.8201590180397034,1.0031261444091797,0.7144370675086975,1.073312759399414,0.4979697000235319,64.0,0.11256669213374455,3.09375,0.0,0.0,0.0
167600,0.023479552939534187,0.020952308550477028,0.002058854093775153,0.7756356000900269,1.0022542476654053,0.8092226386070251,1.0741448402404785,0.4791522999294102,64.0,0.11696945428848267,2.9375,0.0,0.0,0.0
167800,0.02404882200062275,0.021846186369657516,0.002519034082069993,0.7226855754852295,1.004731297492981,0.5736569166183472,1.0677353143692017,0.5435709999874234,64.0,0.1094311960041523,2.984375,0.0,0.0,0.0
168000,0.023137260228395462,0.02116459049284458,0.0021264797542244196,1.0420459508895874,1.0033704042434692,0.6803057789802551,1.0725171566009521,0.4673079999629408,64.0,0.11095944543679555,2.875,0.0,0.0,0.0
168200,0.026413898915052414,0.02305411361157894,0.003326233010739088,1.0817137956619263,1.007314920425415,0.4245830774307251,1.0738143920898438,0.5192748000845313,64.0,0.11332238465547562,3.15625,0.0,0.0,0.0
168400,0.024840516969561577,0.023202817887067795,0.0019251927733421326,0.7661612629890442,1.0020904541015625,0.7975486516952515,1.0723525285720825,0.46188449999317527,64.0,0.11667620092630386,3.03125,0.0,0.0,0.0
168600,0.025867844000458717,0.024135615676641464,0.0022356535773724318,0.8618395924568176,1.0017035007476807,0.7953808903694153,1.074110984802246,0.5163010999094695,64.0,0.1165303500990073,3.1875,0.0,0.0,0.0
168800,0.025280119851231575,0.02246243506669998,0.0024251441936939955,1.1458947658538818,1.0035831928253174,0.7134225368499756,1.0736874341964722,0.5018070000223815,64.0,0.10659809783101082,2.96875,0.0,0.0,0.0
169000,0.024502180516719818,0.02263144589960575,0.002421532291918993,1.0521093606948853,1.0031161308288574,0.7141261100769043,1.0715773105621338,0.5417134000454098,64.0,0.1158848226070404,3.078125,0.0,0.0,0.0
169200,0.021913062781095505,0.020360345020890236,0.0016560351941734552,0.7575176954269409,1.0050562620162964,0.535631537437439,1.0735599994659424,0.4675412999931723,64.0,0.11204846203327179,2.828125,0.0,0.0,0.0
169400,0.02472461387515068,0.022478604689240456,0.0028587819542735815,0.8277242183685303,1.0041675567626953,0.6104272603988647,1.0725200176239014,0.5363595001399517,64.0,0.111876380443573,3.140625,0.0,0.0,0.0
169600,0.02571919746696949,0.022661179304122925,0.003026531310752034,0.9419364929199219,1.0062671899795532,0.43524986505508423,1.0716605186462402,0.4985746000893414,64.0,0.11338987822333972,3.09375,0.0,0.0,0.0
169800,0.024650340899825096,0.022041145712137222,0.002485816366970539,0.8354109525680542,1.0037198066711426,0.6942555904388428,1.069506049156189,0.5185850998386741,64.0,0.11174122989177704,2.984375,0.0,0.0,0.0
170000,0.02600577101111412,0.023000143468379974,0.003456627018749714,1.0809001922607422,1.007279872894287,0.39940235018730164,1.0729087591171265,0.49560040002688766,64.0,0.10588883111874263,3.15625,0.0,0.0,0.0
170200,0.024822140112519264,0.022351663559675217,0.0018328324658796191,0.7745523452758789,1.0023865699768066,0.7202891707420349,1.0702486038208008,0.47401370014995337,64.0,0.11626608520746232,2.96875,0.0,0.0,0.0
170400,0.02579454332590103,0.023224376142024994,0.0034709982573986053,0.8358932137489319,1.0042132139205933,0.6230588555335999,1.0748786926269531,0.5054073999635875,64.0,0.11694453656673431,3.234375,0.0,0.0,0.0
170600,0.023799961432814598,0.02210494875907898,0.002178375143557787,0.8392658233642578,1.0029184818267822,0.7109148502349854,1.0684564113616943,0.5098893002141267,64.0,0.1041637547314167,2.984375,0.0,0.0,0.0
170800,0.02309873141348362,0.02117089554667473,0.002467258833348751,0.6289825439453125,1.0039513111114502,0.5600098371505737,1.0736284255981445,0.49585659988224506,64.0,0.11239630232254665,3.0,0.0,0.0,0.0
171000,0.025212625041604042,0.023382343351840973,0.0021591673139482737,0.7634453177452087,1.0019729137420654,0.7819017767906189,1.0709025859832764,0.486727099865675,64.0,0.1175031304359436,3.09375,0.0,0.0,0.0
171200,0.024789482355117798,0.02238522097468376,0.002107394626364112,0.7724546194076538,1.0036282539367676,0.6419851779937744,1.0733288526535034,0.5907447999343276,64.0,0.11081209033727646,3.046875,0.0,0.0,0.0
171400,0.02454644814133644,0.022078189998865128,0.0017801871290430427,0.6904506683349609,1.0034512281417847,0.6594095826148987,1.0749428272247314,0.47928839991800487,64.0,0.11000214889645576,2.890625,0.0,0.0,0.0
171600,0.02183797024190426,0.020048091188073158,0.002081732265651226,0.850023627281189,1.0045883655548096,0.5313308238983154,1.0767329931259155,0.48019599984399974,64.0,0.11470126956701279,2.875,0.0,0.0,0.0
171800,0.02515992894768715,0.022474752739071846,0.0028541621286422014,0.9442822337150574,1.003242015838623,0.7014991641044617,1.075957179069519,0.5179568999446929,64.0,0.09963854402303696,3.0625,0.0,0.0,0.0
172000,0.025378264486789703,0.023120470345020294,0.002577981911599636,0.731685221195221,1.003544569015503,0.6158085465431213,1.0721889734268188,0.5050433999858797,64.0,0.11093546325961749,2.96875,0.0,0.0,0.0
172200,0.023332800716161728,0.02206031046807766,0.0025614448823034763,0.7962456941604614,1.0035477876663208,0.6469545364379883,1.071646809577942,0.47639469988644123,64.0,0.11793766319751739,3.015625,0.0,0.0,0.0
172400,0.02462833561003208,0.021423084661364555,0.002609838033095002,0.7543807625770569,1.0032376050949097,0.7380865216255188,1.0720192193984985,0.5273649001028389,64.0,0.10463430484135945,3.1875,0.0,0.0,0.0
172600,0.023912338539958,0.022030748426914215,0.002371033886447549,0.8528845906257629,1.0029913187026978,0.6437410116195679,1.0725533962249756,0.5119110001251101,64.0,0.11339199244976043,3.046875,0.0,0.0,0.0
172800,0.023605352267622948,0.022065574303269386,0.0020745208021253347,0.7461304068565369,1.0059922933578491,0.4145495295524597,1.0739399194717407,0.48282000003382564,64.0,0.11693673208355904,2.875,0.0,0.0,0.0
173000,0.022790418937802315,0.02153199538588524,0.001878151437267661,0.9996215105056763,1.002690076828003,0.6692788600921631,1.0730620622634888,0.5261935000307858,64.0,0.11558471123377483,3.03125,0.0,0.0,0.0
173200,0.02543836645781994,0.023525940254330635,0.0025076083838939667,0.7253503799438477,1.001723051071167,0.8281102776527405,1.068260908126831,0.49409510008990765,64.0,0.11524852067232132,3.1875,0.0,0.0,0.0
173400,0.027442632243037224,0.02434515953063965,0.003117737825959921,0.8607068657875061,1.0065454244613647,0.4608774185180664,1.0713279247283936,0.5451716999523342,64.0,0.1092160480717818,3.203125,0.0,0.0,0.0
173600,0.02340994030237198,0.021774709224700928,0.0018314928747713566,0.8158674240112305,1.002927541732788,0.7624474763870239,1.0711584091186523,0.5048497999086976,64.0,0.11749805957078933,2.9375,0.0,0.0,0.0
173800,0.026021676138043404,0.023068197071552277,0.0021365333814173937,0.8151851296424866,1.0033650398254395,0.6810270547866821,1.07237708568573,0.47937419987283647,64.0,0.10962771375974019,3.09375,0.0,0.0,0.0
174000,0.025490835309028625,0.02289908193051815,0.0019942824728786945,0.810135543346405,1.003365159034729,0.685245931148529,1.074145793914795,0.4981275999452919,64.0,0.10390982404351234,3.015625,0.0,0.0,0.0
174200,0.026119794696569443,0.022313326597213745,0.0025294991210103035,0.9038362503051758,1.0024203062057495,0.8032007813453674,1.072995662689209,0.5076854000799358,64.0,0.10989997287591298,2.96875,0.0,0.0,0.0
174400,0.025193199515342712,0.0234393160790205,0.002043370855972171,0.848651647567749,1.0024508237838745,0.741591215133667,1.074294090270996,0.47880040016025305,64.0,0.11813007444143295,3.125,0.0,0.0,0.0
174600,0.02440047822892666,0.0223312359303236,0.00308412266895175,0.7815882563591003,1.0115926265716553,0.25160184502601624,1.073638916015625,0.5058937999419868,64.0,0.11599363833665848,2.9375,0.0,0.0,0.0
174800,0.023744484409689903,0.021705491468310356,0.001983955502510071,0.8676566481590271,1.003441333770752,0.6459177136421204,1.0710607767105103,0.4564245000947267,64.0,0.11782958855231603,2.875,0.0,0.0,0.0
175000,0.02442636713385582,0.022381149232387543,0.002141347387805581,0.8668952584266663,1.0025626420974731,0.7152612209320068,1.0727788209915161,0.5433787000365555,64.0,0.116836316883564,3.140625,0.0,0.0,0.0
175200,0.02320820465683937,0.02187478169798851,0.0019869699608534575,0.7709701061248779,1.0032124519348145,0.677449107170105,1.0722254514694214,0.48296259995549917,64.0,0.10931281621257465,3.046875,0.0,0.0,0.0
175400,0.024306805804371834,0.022646846249699593,0.00203789328224957,0.8285096287727356,1.0029959678649902,0.6351103782653809,1.0704066753387451,0.4695637999102473,64.0,0.11603283584117889,3.046875,0.0,0.0,0.0
175600,0.026039326563477516,0.023945949971675873,0.00355913070961833,1.0083457231521606,1.004786491394043,0.6817538142204285,1.0744962692260742,0.4962579000275582,64.0,0.11573256254196167,3.15625,0.0,0.0,0.0
175800,0.02596767619252205,0.023423798382282257,0.002890204079449177,0.9980186820030212,1.0093491077423096,0.3131258487701416,1.0739413499832153,0.48498650011606514,64.0,0.11261353393395741,3.0625,0.0,0.0,0.0
176000,0.02399279549717903,0.022862663492560387,0.00299649010412395,0.8816058039665222,1.0044829845428467,0.49546292424201965,1.071980357170105,0.5136745998170227,64.0,0.11424995958805084,3.25,0.0,0.0,0.0
176200,0.025449514389038086,0.02383338287472725,0.0031489459797739983,0.906213641166687,1.0037953853607178,0.6341543197631836,1.0741877555847168,0.5040372000075877,64.0,0.1114250086247921,3.34375,0.0,0.0,0.0
176400,0.024142997339367867,0.02220623567700386,0.0024265761021524668,0.8181527853012085,1.002497673034668,0.7861305475234985,1.0738544464111328,0.48302150005474687,64.0,0.11391767412424088,3.046875,0.0,0.0,0.0
176600,0.02399667352437973,0.022172683849930763,0.003060484305024147,1.193398356437683,1.0070312023162842,0.4119337499141693,1.0705540180206299,0.6374821001663804,64.0,0.11119228104750316,3.171875,0.0,0.0,0.0
176800,0.022964520379900932,0.0206956434994936,0.001825037063099444,0.9275107979774475,1.003829002380371,0.7383017539978027,1.0739235877990723,0.4808217000681907,64.0,0.11081492279966672,2.828125,0.0,0.0,0.0
177000,0.022490061819553375,0.020523637533187866,0.0018302146345376968,0.7984407544136047,1.0024703741073608,0.6952780485153198,1.073277235031128,0.44856559997424483,64.0,0.12121449286739032,2.796875,0.0,0.0,0.0
177200,0.02541619911789894,0.023025697097182274,0.0031154127791523933,0.9376274943351746,1.0038076639175415,0.5721268653869629,1.0721553564071655,0.4821039999369532,64.0,0.11154883727431297,3.0625,0.0,0.0,0.0
177400,0.024744955822825432,0.022385206073522568,0.0020553849171847105,0.6857455372810364,1.0033094882965088,0.7195443511009216,1.0739374160766602,0.5460327998735011,64.0,0.11718341559171677,3.03125,0.0,0.0,0.0
177600,0.022599734365940094,0.020723462104797363,0.0018484009196981788,0.7075294852256775,1.0048216581344604,0.5588520765304565,1.0673056840896606,0.42845399980433285,64.0,0.11385741084814072,2.859375,0.0,0.0,0.0
177800,0.023021334782242775,0.020911559462547302,0.0020278580486774445,0.7394816279411316,1.0029315948486328,0.6880294680595398,1.0736024379730225,0.45290889986790717,64.0,0.1150444969534874,2.890625,0.0,0.0,0.0
178000,0.023979969322681427,0.021976079791784286,0.002081101993098855,0.9757656455039978,1.0031028985977173,0.7092491984367371,1.0747445821762085,0.49176419991999865,64.0,0.1144368216395378,3.03125,0.0,0.0,0.0
178200,0.02371133491396904,0.022360682487487793,0.0020476195495575666,0.835485577583313,1.002124309539795,0.7891427874565125,1.073642373085022,0.48131860001012683,64.0,0.11564772129058838,3.140625,0.0,0.0,0.0
178400,0.024584650993347168,0.02200993150472641,0.003217511810362339,1.1645621061325073,1.0039623975753784,0.7020115852355957,1.0747579336166382,0.4854245998430997,64.0,0.09982963864292417,2.984375,0.0,0.0,0.0
178600,0.02285733073949814,0.02203335240483284,0.0014594418462365866,0.7496047616004944,1.001295804977417,0.8642367720603943,1.0726569890975952,0.4794123999308795,64.0,0.12118261009454727,3.0,0.0,0.0,0.0
178800,0.025118021294474602,0.022577397525310516,0.0025845046620815992,0.837453305721283,1.0032705068588257,0.6841253042221069,1.0733202695846558,0.4936134999152273,64.0,0.11823928356170654,3.15625,0.0,0.0,0.0
179000,0.024226423352956772,0.02166830562055111,0.0025654349010437727,0.8918792009353638,1.0033127069473267,0.7596811056137085,1.0714802742004395,0.48500810004770756,64.0,0.11574419140815735,3.015625,0.0,0.0,0.0
179200,0.02307162992656231,0.02180343121290207,0.001843805075623095,0.673390805721283,1.002091407775879,0.7722943425178528,1.0703991651535034,0.46462929993867874,64.0,0.11154740676283836,3.0625,0.0,0.0,0.0
179400,0.024328142404556274,0.022486047819256783,0.0024571623653173447,0.739643931388855,1.0024161338806152,0.7586314678192139,1.0707318782806396,0.4431902999058366,64.0,0.11846118420362473,2.90625,0.0,0.0,0.0
179600,0.022730108350515366,0.02049855887889862,0.002164179692044854,0.779757022857666,1.0033237934112549,0.6998208165168762,1.0743236541748047,0.4662200000602752,64.0,0.11271560316284497,2.953125,0.0,0.0,0.0
179800,0.023104386404156685,0.021695775911211967,0.0020473923068493605,0.7229768633842468,1.003995418548584,0.5335564017295837,1.0733829736709595,0.4648617000784725,64.0,0.11470809876918793,2.96875,0.0,0.0,0.0
180000,0.025074360892176628,0.022975772619247437,0.0022311131469905376,0.9198089241981506,1.002785563468933,0.6756806373596191,1.0693827867507935,0.6163451001048088,64.0,0.10965446382761002,3.125,0.0,0.0,0.0
180200,0.023438971489667892,0.021288471296429634,0.003015737282112241,0.7589874267578125,1.007948637008667,0.35755738615989685,1.0762261152267456,0.47910390002653,64.0,0.10660620778799057,2.96875,0.0,0.0,0.0
180400,0.02387150749564171,0.02234949916601181,0.0019222585251554847,1.0121448040008545,1.002573847770691,0.748942494392395,1.0738539695739746,0.4558194999117404,64.0,0.11903863698244095,2.9375,0.0,0.0,0.0
180600,0.022760547697544098,0.021433396264910698,0.0019900542683899403,0.7744128108024597,1.0028835535049438,0.7539616227149963,1.0736314058303833,0.44189959997311234,64.0,0.11664181351661682,2.90625,0.0,0.0,0.0
180800,0.024679096415638924,0.023055631667375565,0.0018990867538377643,0.6083703637123108,1.0028653144836426,0.6362083554267883,1.0730576515197754,0.43305670004338026,64.0,0.11698002368211746,2.796875,0.0,0.0,0.0
181000,0.02345636487007141,0.021574167534708977,0.0024874573573470116,1.191374659538269,1.0031204223632812,0.6391639113426208,1.0738908052444458,0.4662051999475807,64.0,0.11236350983381271,3.15625,0.0,0.0,0.0
181200,0.025854874402284622,0.02365851029753685,0.0026494802441447973,0.998741865158081,1.0059008598327637,0.4679296910762787,1.0739803314208984,0.5139218000695109,64.0,0.11285967876513799,3.296875,0.0,0.0,0.0
181400,0.025362243875861168,0.023084934800863266,0.0022037418093532324,1.0371265411376953,1.0029358863830566,0.7386156320571899,1.0726646184921265,0.46416250010952353,64.0,0.11696707457304001,2.96875,0.0,0.0,0.0
181600,0.026432231068611145,0.024354439228773117,0.0030147458892315626,0.8081024289131165,1.003887414932251,0.6290777325630188,1.067719578742981,0.4947015999350697,64.0,0.11084191004435222,3.125,0.0,0.0,0.0
181800,0.024316702038049698,0.02127828449010849,0.002926102140918374,0.8778052926063538,1.005838394165039,0.505219578742981,1.0735936164855957,0.490641999989748,64.0,0.1114395335316658,2.953125,0.0,0.0,0.0
182000,0.023556463420391083,0.021955348551273346,0.0020991386845707893,0.9891363978385925,1.0020930767059326,0.7970492839813232,1.075668454170227,0.47495229984633625,64.0,0.11606662099560101,3.125,0.0,0.0,0.0
182200,0.023780878633260727,0.02162737213075161,0.0029298407025635242,0.8342946767807007,1.0034136772155762,0.7307834625244141,1.069815993309021,0.48074809997342527,64.0,0.10997236023346584,3.046875,0.0,0.0,0.0
182400,0.022556738927960396,0.01991412788629532,0.002357581863179803,0.8582125306129456,1.007809042930603,0.48091840744018555,1.0708739757537842,0.46223030006513,64.0,0.1207055926322937,2.75,0.0,0.0,0.0
182600,0.022700296714901924,0.02048616111278534,0.0018144723726436496,0.761907160282135,1.0024770498275757,0.7588893175125122,1.0744142532348633,0.5406180999707431,64.0,0.11377036720514297,2.96875,0.0,0.0,0.0
182800,0.02456027641892433,0.022843072190880775,0.0029016269836574793,0.8686847686767578,1.0038942098617554,0.6260496377944946,1.0717452764511108,0.5263866998720914,64.0,0.11362905924518903,3.234375,0.0,0.0,0.0
183000,0.024560829624533653,0.02280804142355919,0.0023359297774732113,0.9008519649505615,1.0029925107955933,0.7418416142463684,1.0726730823516846,0.4772674001287669,64.0,0.11245530545711517,3.046875,0.0,0.0,0.0
183200,0.0236593596637249,0.0215461365878582,0.0023019553627818823,0.7875968217849731,1.0035336017608643,0.702918291091919,1.0713249444961548,0.5010247998870909,64.0,0.11371958255767822,2.90625,0.0,0.0,0.0
183400,0.025011934340000153,0.023425627499818802,0.0033688342664390802,1.033470630645752,1.00575590133667,0.47102636098861694,1.0760082006454468,0.4438841000664979,64.0,0.11425207927823067,3.109375,0.0,0.0,0.0
183600,0.024244315922260284,0.0227410476654768,0.002312687924131751,0.7287445664405823,1.003002405166626,0.6594921946525574,1.073488712310791,0.4653463000431657,64.0,0.11541471481323243,3.0,0.0,0.0,0.0
183800,0.025837766006588936,0.023423125967383385,0.0027833394706249237,1.0002613067626953,1.0038893222808838,0.6853387355804443,1.0738661289215088,0.5022613999899477,64.0,0.10598207761843999,3.25,0.0,0.0,0.0
184000,0.025352222844958305,0.02313382737338543,0.0021047305781394243,1.1770206689834595,1.0039384365081787,0.6428493857383728,1.0740958452224731,0.5146750002168119,64.0,0.10660363112886746,3.09375,0.0,0.0,0.0
184200,0.02607085555791855,0.023947441950440407,0.002194590400904417,0.7894890308380127,1.003246784210205,0.6408817768096924,1.0695801973342896,0.5195609999354929,64.0,0.1103004477918148,3.25,0.0,0.0,0.0
184400,0.023333294317126274,0.021766362711787224,0.0018547504441812634,0.6917173862457275,1.0036591291427612,0.5774748921394348,1.073144555091858,0.4997352999635041,64.0,0.11261048043767612,3.0,0.0,0.0,0.0
184600,0.023198241367936134,0.021502360701560974,0.0018474975368008018,0.6302273273468018,1.0044293403625488,0.5506173372268677,1.0705054998397827,0.4929583000484854,64.0,0.11116276308894157,2.9375,0.0,0.0,0.0
184800,0.02366514317691326,0.022416532039642334,0.002226779470220208,0.7171158194541931,1.0035555362701416,0.6442807912826538,1.0694494247436523,0.4810180999338627,64.0,0.11682793498039246,3.171875,0.0,0.0,0.0
185000,0.024901138618588448,0.022797631099820137,0.0034089635591953993,0.7428854703903198,1.002999186515808,0.7097874879837036,1.0699025392532349,0.4969105999916792,64.0,0.10806075111031532,3.25,0.0,0.0,0.0
185200,0.023476913571357727,0.021039944142103195,0.0020406763069331646,0.7964026927947998,1.0061709880828857,0.4334443509578705,1.0756889581680298,0.46693650004453957,64.0,0.10674747700492541,2.875,0.0,0.0,0.0
185400,0.024153321981430054,0.02227109856903553,0.0023172954097390175,0.86648029088974,1.0042266845703125,0.6906144022941589,1.0740872621536255,0.49125820002518594,64.0,0.10663901641964912,3.109375,0.0,0.0,0.0
185600,0.025443920865654945,0.023155901581048965,0.0021538378205150366,0.7214410901069641,1.0033817291259766,0.6869022250175476,1.0751142501831055,0.5513782000634819,64.0,0.10967852920293808,3.03125,0.0,0.0,0.0
185800,0.023386836051940918,0.021761978045105934,0.0023264545015990734,0.9897285103797913,1.0035678148269653,0.7287689447402954,1.0731743574142456,0.46375539992004633,64.0,0.11656858772039413,2.953125,0.0,0.0,0.0
186000,0.023766374215483665,0.022463254630565643,0.0019193453481420875,0.6844530701637268,1.0042107105255127,0.5959840416908264,1.073758602142334,0.46429209993220866,64.0,0.11896933615207672,3.0,0.0,0.0,0.0
186200,0.02431768923997879,0.022829219698905945,0.0028701992705464363,0.9245107173919678,1.0032871961593628,0.6751036643981934,1.0738701820373535,0.5175835001282394,64.0,0.1145368864138921,3.265625,0.0,0.0,0.0
186400,0.02557147853076458,0.023503290489315987,0.004384960979223251,0.7932693958282471,1.007289171218872,0.41111695766448975,1.0744051933288574,0.5246017000172287,64.0,0.11224594091375668,3.21875,0.0,0.0,0.0
186600,0.02407453954219818,0.021356619894504547,0.002315283054485917,0.5924124121665955,1.0033777952194214,0.7394998669624329,1.0723555088043213,0.46807519998401403,64.0,0.10841645797093709,2.9375,0.0,0.0,0.0
186800,0.026319904252886772,0.024212021380662918,0.0020864836405962706,1.1714410781860352,1.0040425062179565,0.6530187129974365,1.0736490488052368,0.47363789984956384,64.0,0.1175377681851387,3.03125,0.0,0.0,0.0
187000,0.025010839104652405,0.022550828754901886,0.0024415627121925354,0.8521153926849365,1.0025980472564697,0.7121551036834717,1.0729173421859741,0.5720299000386149,64.0,0.11104297425065722,3.140625,0.0,0.0,0.0
187200,0.025667279958724976,0.023868879303336143,0.0024688204284757376,0.6539130210876465,1.004013180732727,0.6245238184928894,1.0673975944519043,0.49833470000885427,64.0,0.11315369978547096,3.21875,0.0,0.0,0.0
187400,0.023223882541060448,0.0211934931576252,0.002281028777360916,0.7538456320762634,1.00394868850708,0.7001489400863647,1.0720176696777344,0.4800980999134481,64.0,0.11367838680744172,2.9375,0.0,0.0,0.0
187600,0.02466456964612007,0.022916413843631744,0.0035828757099807262,1.0044046640396118,1.0055698156356812,0.5099452137947083,1.0714879035949707,0.5188152999617159,64.0,0.10901230697830518,3.25,0.0,0.0,0.0
187800,0.02583496645092964,0.023193174973130226,0.0022880786564201117,0.7850174307823181,1.0036014318466187,0.6790826320648193,1.0763442516326904,0.46762359980493784,64.0,0.10941177109877269,3.015625,0.0,0.0,0.0
188000,0.024751894176006317,0.022573130205273628,0.0029504667036235332,0.8546874523162842,1.003325343132019,0.6966202259063721,1.0685714483261108,0.49210119992494583,64.0,0.10767882689833641,3.34375,0.0,0.0,0.0
188200,0.024492837488651276,0.022457992658019066,0.00249921134673059,0.8289273381233215,1.004086971282959,0.6526318788528442,1.0739237070083618,0.4830413998570293,64.0,0.11169656241933505,2.984375,0.0,0.0,0.0
188400,0.025932148098945618,0.022915057837963104,0.002336691366508603,0.690812349319458,1.004280686378479,0.6879029870033264,1.072556972503662,0.4994614999741316,64.0,0.10769074161847432,2.984375,0.0,0.0,0.0
188600,0.024769702926278114,0.022173574194312096,0.0024699519854038954,0.8146827220916748,1.0033100843429565,0.6260876059532166,1.074593186378479,0.47905880003236234,64.0,0.11427957117557526,3.09375,0.0,0.0,0.0
188800,0.02423962764441967,0.022668346762657166,0.0022653997875750065,0.8592917919158936,1.0024422407150269,0.8097736835479736,1.0689512491226196,0.45156310009770095,64.0,0.11371416598558426,2.96875,0.0,0.0,0.0
189000,0.024268032982945442,0.022528961300849915,0.0022964163217693567,0.7427821159362793,1.002959966659546,0.6674370169639587,1.0656155347824097,0.5087085000704974,64.0,0.11085440218448639,3.171875,0.0,0.0,0.0
189200,0.025167841464281082,0.0225079245865345,0.002860892564058304,0.8698384761810303,1.003121256828308,0.7037106156349182,1.0755937099456787,0.5336294998414814,64.0,0.11304223785797755,3.03125,0.0,0.0,0.0
189400,0.024597732350230217,0.022262422367930412,0.001681434572674334,0.7499499917030334,1.0025899410247803,0.7181861996650696,1.0717949867248535,0.44761910010129213,64.0,0.11337543278932571,2.875,0.0,0.0,0.0
189600,0.025103341788053513,0.023010779172182083,0.0024650830309838057,0.9215291142463684,1.003490686416626,0.6538627743721008,1.0726786851882935,0.516083899885416,64.0,0.10619000771215983,3.09375,0.0,0.0,0.0
189800,0.022704197093844414,0.0211429912596941,0.001883398275822401,0.9083397388458252,1.003825306892395,0.5771907567977905,1.072891116142273,0.43170529999770224,64.0,0.11994570642709732,2.890625,0.0,0.0,0.0
190000,0.024211185052990913,0.02274232730269432,0.0018984037451446056,0.603790819644928,1.0024322271347046,0.6719304919242859,1.062503695487976,0.48027729988098145,64.0,0.1137105479836464,3.15625,0.0,0.0,0.0
190200,0.02347375452518463,0.021793872117996216,0.002389861037954688,1.122867465019226,1.0063921213150024,0.4592856764793396,1.0729583501815796,0.44567909999750555,64.0,0.11921587437391282,2.859375,0.0,0.0,0.0
190400,0.024656545370817184,0.021987764164805412,0.00236723106354475,0.8096123933792114,1.0035884380340576,0.6133963465690613,1.074394702911377,0.5015714999753982,64.0,0.10902215788761775,3.109375,0.0,0.0,0.0
190600,0.02360188215970993,0.0221304502338171,0.0017594939563423395,0.7955625653266907,1.0033742189407349,0.6651071906089783,1.0667475461959839,0.46097439993172884,64.0,0.11828965693712234,2.875,0.0,0.0,0.0
190800,0.025128142908215523,0.02268652245402336,0.002626637928187847,0.7393807172775269,1.009308099746704,0.3244900107383728,1.0703688859939575,0.4656400999519974,64.0,0.11737212166190147,2.984375,0.0,0.0,0.0
191000,0.022394008934497833,0.02096889168024063,0.002753722947090864,0.80645751953125,1.0046418905258179,0.5880407691001892,1.0738166570663452,0.47201830008998513,64.0,0.11091569314400355,3.015625,0.0,0.0,0.0
191200,0.023898940533399582,0.02209540642797947,0.002024277113378048,0.8974484205245972,1.0043654441833496,0.5535100102424622,1.0698025226593018,0.46790040004998446,64.0,0.11913754045963287,2.953125,0.0,0.0,0.0
191400,0.025722278282046318,0.023548699915409088,0.002653724979609251,0.8003464937210083,1.003373146057129,0.7309525012969971,1.0706063508987427,0.4996452999766916,64.0,0.11230266963442166,3.203125,0.0,0.0,0.0
191600,0.022925814613699913,0.022280238568782806,0.0027439792174845934,0.9188251495361328,1.0069535970687866,0.4469904899597168,1.0713270902633667,0.46363019989803433,64.0,0.1133945569396019,3.109375,0.0,0.0,0.0
191800,0.023986224085092545,0.021795162931084633,0.002644434804096818,0.7271605134010315,1.0046113729476929,0.6035184860229492,1.0698705911636353,0.49313440010882914,64.0,0.11409291476011277,3.015625,0.0,0.0,0.0
192000,0.024697192013263702,0.02256084978580475,0.0021608066745102406,0.7268496155738831,1.0041908025741577,0.596584677696228,1.0713790655136108,0.4985326000023633,64.0,0.10784652704993884,3.125,0.0,0.0,0.0
192200,0.024506444111466408,0.023180313408374786,0.0027131715323776007,0.6605762243270874,1.0058475732803345,0.5389543771743774,1.0738787651062012,0.5160514998715371,64.0,0.10824936202594213,3.21875,0.0,0.0,0.0
192400,0.022773854434490204,0.02108386904001236,0.0031382697634398937,1.0090839862823486,1.0082974433898926,0.44502201676368713,1.073358178138733,0.4809437000658363,64.0,0.11241630961497624,2.9375,0.0,0.0,0.0
192600,0.023813117295503616,0.022102924063801765,0.0018912764498963952,0.6898769736289978,1.0029441118240356,0.7135950326919556,1.0708223581314087,0.4814077999908477,64.0,0.11322303563356399,3.078125,0.0,0.0,0.0
192800,0.025211630389094353,0.02290731854736805,0.0018690017750486732,0.7541866898536682,1.0038907527923584,0.5681965351104736,1.069445013999939,0.48388620000332594,64.0,0.10781540100773175,3.015625,0.0,0.0,0.0
193000,0.023976093158125877,0.022298982366919518,0.0017364711966365576,1.2227529287338257,1.0030477046966553,0.735384464263916,1.074671745300293,0.4753060000948608,64.0,0.1175587847828865,2.96875,0.0,0.0,0.0
193200,0.022959494963288307,0.021194705739617348,0.0019088888075202703,0.6687149405479431,1.0036273002624512,0.5739974975585938,1.0737683773040771,0.4739624001085758,64.0,0.1076820616920789,3.0,0.0,0.0,0.0
193400,0.02388283796608448,0.02217917889356613,0.0027014631778001785,0.6035903096199036,1.00630784034729,0.42448991537094116,1.0741370916366577,0.4530450999736786,64.0,0.11836055219173432,2.921875,0.0,0.0,0.0
193600,0.021160943433642387,0.01976875588297844,0.0017918766243383288,0.6534484028816223,1.0019220113754272,0.7798142433166504,1.0723440647125244,0.43951969989575446,64.0,0.11791600435972213,2.75,0.0,0.0,0.0
193800,0.023629941046237946,0.02161191590130329,0.0023507270961999893,0.9250854849815369,1.0049934387207031,0.5330841541290283,1.0733110904693604,0.45125679997727275,64.0,0.11360678523778915,3.03125,0.0,0.0,0.0
194000,0.024281980469822884,0.0222781915217638,0.002447331789880991,0.660362958908081,1.0046919584274292,0.518252432346344,1.0731569528579712,0.48559840000234544,64.0,0.11556243002414704,3.0625,0.0,0.0,0.0
194200,0.023945700377225876,0.021689578890800476,0.0018804126884788275,0.9456204175949097,1.0036590099334717,0.6646182537078857,1.0733506679534912,0.44419860001653433,64.0,0.11548774689435959,2.984375,0.0,0.0,0.0
194400,0.023618144914507866,0.021125556901097298,0.0029271941166371107,0.5819703936576843,1.0050894021987915,0.5433925986289978,1.073028564453125,0.5292589999735355,64.0,0.11564251035451889,3.03125,0.0,0.0,0.0
194600,0.02423788793385029,0.022097134962677956,0.002168326172977686,0.7163883447647095,1.0027728080749512,0.7346104383468628,1.0759835243225098,0.43947999994270504,64.0,0.1095215417444706,2.96875,0.0,0.0,0.0
194800,0.02482898347079754,0.022327277809381485,0.00245893863029778,0.7763573527336121,1.0047314167022705,0.5858320593833923,1.0717092752456665,0.4567336000036448,64.0,0.10990172997117043,2.9375,0.0,0.0,0.0
195000,0.024624085053801537,0.022556502372026443,0.0033297373447567225,0.7598953247070312,1.0041671991348267,0.606849730014801,1.073192834854126,0.4706416998524219,64.0,0.11728695929050445,3.0625,0.0,0.0,0.0
195200,0.02393169328570366,0.02096760831773281,0.0020250368397682905,0.6812150478363037,1.004335641860962,0.6495684385299683,1.0731436014175415,0.47960869991220534,64.0,0.11653882116079331,2.75,0.0,0.0,0.0
195400,0.02466987818479538,0.021737610921263695,0.0019583592656999826,0.9009304046630859,1.0023492574691772,0.8320378661155701,1.0747841596603394,0.458387800026685,64.0,0.11631144707401593,2.875,0.0,0.0,0.0
195600,0.023079203441739082,0.02140801213681698,0.0017627187771722674,0.7183152437210083,1.0026086568832397,0.6563772559165955,1.0696523189544678,0.46783980005420744,64.0,0.1171041563153267,3.0,0.0,0.0,0.0
195800,0.02508573792874813,0.022288285195827484,0.0024559746962040663,0.8918440937995911,1.0056087970733643,0.44231849908828735,1.0718921422958374,0.47890510014258325,64.0,0.11042659729719162,3.015625,0.0,0.0,0.0
196000,0.024766648188233376,0.02235287055373192,0.0026071693282574415,0.7812617421150208,1.002849817276001,0.7105095982551575,1.0755245685577393,0.4814321000594646,64.0,0.11327718049287797,3.046875,0.0,0.0,0.0
196200,0.0240401029586792,0.022414198145270348,0.0020030797459185123,0.7008394598960876,1.002406358718872,0.7325177192687988,1.072374701499939,0.47957620001398027,64.0,0.11859846115112305,3.078125,0.0,0.0,0.0
196400,0.023636754602193832,0.021828705444931984,0.00206674262881279,0.7597793936729431,1.0016403198242188,0.8344349265098572,1.0751045942306519,0.4965497001539916,64.0,0.11781463772058487,3.046875,0.0,0.0,0.0
196600,0.02452136017382145,0.022502528503537178,0.0019870921969413757,0.9010102152824402,1.0022822618484497,0.7386379241943359,1.0715672969818115,0.4531951998360455,64.0,0.11626168340444565,3.09375,0.0,0.0,0.0
196800,0.023225845769047737,0.02058790810406208,0.0018308841390535235,0.7893073558807373,1.0027278661727905,0.7210638523101807,1.0732301473617554,0.45155499991960824,64.0,0.11643542846043904,2.78125,0.0,0.0,0.0
197000,0.023599272593855858,0.02143271081149578,0.002528612734749913,0.700756311416626,1.0051101446151733,0.6407313346862793,1.0724824666976929,0.46647930005565286,64.0,0.11316519106427829,2.9375,0.0,0.0,0.0
197200,0.023070819675922394,0.021025992929935455,0.002255756640806794,0.75539630651474,1.0029702186584473,0.7136356830596924,1.0739517211914062,0.5298206999432296,64.0,0.11108054593205452,3.140625,0.0,0.0,0.0
197400,0.024100907146930695,0.022284667938947678,0.001748918672092259,0.7974464893341064,1.0027546882629395,0.6472930312156677,1.0675711631774902,0.4287177000660449,64.0,0.1168603166937828,2.828125,0.0,0.0,0.0
197600,0.024666747078299522,0.02212006039917469,0.003291144035756588,1.03839910030365,1.006624698638916,0.4081251621246338,1.0741922855377197,0.48932970012538135,64.0,0.11912207156419755,3.0,0.0,0.0,0.0
197800,0.024230657145380974,0.022482937201857567,0.0019149952568113804,0.6327435374259949,1.0031850337982178,0.7286887168884277,1.0722488164901733,0.4651534000877291,64.0,0.11879231482744217,2.9375,0.0,0.0,0.0
198000,0.026773393154144287,0.024742981418967247,0.0028121774084866047,0.9258522391319275,1.0032016038894653,0.7449417114257812,1.0723551511764526,0.5022009001113474,64.0,0.11634153748552005,3.203125,0.0,0.0,0.0
198200,0.02405322529375553,0.020672528073191643,0.0026438748463988304,0.8314836025238037,1.0037527084350586,0.6954615712165833,1.0747829675674438,0.4844001999590546,64.0,0.11526655554771423,2.84375,0.0,0.0,0.0
198400,0.023809416219592094,0.021313555538654327,0.001986818155273795,0.6935402750968933,1.0029958486557007,0.7101090550422668,1.0719051361083984,0.4561064001172781,64.0,0.11525433758894603,2.953125,0.0,0.0,0.0
198600,0.023936724290251732,0.0221069548279047,0.0019420733442530036,0.6791442632675171,1.0021361112594604,0.8117756247520447,1.0739110708236694,0.4844079001341015,64.0,0.1110116404791673,3.125,0.0,0.0,0.0
198800,0.02424493432044983,0.022094380110502243,0.0020191213116049767,0.8296215534210205,1.0050923824310303,0.5276163220405579,1.0736408233642578,0.46744289994239807,64.0,0.111003494511048,3.015625,0.0,0.0,0.0
199000,0.021910663694143295,0.02016371488571167,0.001421587192453444,0.9796793460845947,1.0039342641830444,0.6197901964187622,1.0719664096832275,0.4339505999814719,64.0,0.11794695556163788,2.8125,0.0,0.0,0.0
199200,0.022841764613986015,0.020526571199297905,0.0018559441668912768,0.9229170680046082,1.0044254064559937,0.5629643797874451,1.0711963176727295,0.4385925999376923,64.0,0.11395787745714188,2.78125,0.0,0.0,0.0
199400,0.024475006386637688,0.02170642279088497,0.0022517533507198095,0.8124080300331116,1.0025445222854614,0.8096644282341003,1.0727399587631226,0.48159570014104247,64.0,0.11319555466373761,2.859375,0.0,0.0,0.0
199600,0.02441028505563736,0.022020399570465088,0.002506918041035533,1.0331982374191284,1.0033847093582153,0.6755183339118958,1.0745550394058228,0.4826040999032557,64.0,0.10740495224793752,3.015625,0.0,0.0,0.0
199800,0.025486547499895096,0.02370983548462391,0.00216557621024549,0.6503302454948425,1.0016292333602905,0.8227091431617737,1.0762686729431152,0.5026159998960793,64.0,0.11413948833942414,3.3125,0.0,0.0,0.0
200000,0.023256048560142517,0.021461671218276024,0.0017040478996932507,0.6042098999023438,1.0024144649505615,0.7285043001174927,1.07186758518219,0.5751694000791758,64.0,0.11647658050060272,2.875,0.0,0.0,0.0
200200,0.022513817995786667,0.020952098071575165,0.0022441984619945288,0.8163097500801086,1.0036840438842773,0.6647721529006958,1.0724399089813232,0.5062084000092,64.0,0.10721936076879501,3.046875,0.0,0.0,0.0
200400,0.02148541249334812,0.019964231178164482,0.002509325509890914,0.9309410452842712,1.0091989040374756,0.3046199679374695,1.072009563446045,0.4258533997926861,64.0,0.10908304651578267,2.828125,0.0,0.0,0.0
200600,0.024291791021823883,0.021792080253362656,0.0036365166306495667,0.9498944878578186,1.0063939094543457,0.535036563873291,1.0714174509048462,0.5187720998656005,64.0,0.10561069952590126,3.34375,0.0,0.0,0.0
200800,0.02346213348209858,0.021037494763731956,0.0019461835036054254,0.6908153891563416,1.0058059692382812,0.474824458360672,1.0744634866714478,0.42545340000651777,64.0,0.11652863894899686,2.59375,0.0,0.0,0.0
201000,0.022793453186750412,0.021237194538116455,0.002758085262030363,0.8940632939338684,1.006742238998413,0.40745171904563904,1.0734175443649292,0.4492228999733925,64.0,0.12340124249458313,2.921875,0.0,0.0,0.0
201200,0.02338196523487568,0.020838430151343346,0.0024705587420612574,0.672958254814148,1.0038195848464966,0.6447737812995911,1.0731998682022095,0.4969839998520911,64.0,0.1135789230465889,3.09375,0.0,0.0,0.0
201400,0.024501249194145203,0.021945204585790634,0.003073308616876602,1.0917413234710693,1.006413459777832,0.4392477869987488,1.0728346109390259,0.5093364999629557,64.0,0.11432892084121704,3.09375,0.0,0.0,0.0
201600,0.0244230218231678,0.022174930199980736,0.0029970072209835052,0.9027698040008545,1.0081950426101685,0.37090834975242615,1.0727187395095825,0.5114253000356257,64.0,0.10985695198178291,2.984375,0.0,0.0,0.0
201800,0.022325938567519188,0.020754901692271233,0.0017800834029912949,0.6835383176803589,1.0031321048736572,0.702816903591156,1.0739023685455322,0.4620501999743283,64.0,0.10970433180530866,2.921875,0.0,0.0,0.0
202000,0.0234676506370306,0.021145815029740334,0.0021917694248259068,0.6273138523101807,1.0024974346160889,0.745414674282074,1.0747144222259521,0.4789829000364989,64.0,0.11829597949981689,3.0,0.0,0.0,0.0
202200,0.022583259269595146,0.021119488403201103,0.001651984523050487,0.6429488062858582,1.001447081565857,0.8165855407714844,1.0738199949264526,0.4743222000543028,64.0,0.11618364900350571,2.96875,0.0,0.0,0.0
202400,0.024631083011627197,0.02258565090596676,0.002824693452566862,1.1741909980773926,1.0038564205169678,0.6586461067199707,1.072468638420105,0.4868385000154376,64.0,0.10790541643897693,3.140625,0.0,0.0,0.0
202600,0.023290438577532768,0.02104996331036091,0.0024659025948494673,0.8557795286178589,1.0090503692626953,0.32267966866493225,1.0750049352645874,0.4175670000258833,64.0,0.11941728144884109,2.78125,0.0,0.0,0.0
202800,0.02284093387424946,0.020462114363908768,0.0022790604270994663,0.7460196018218994,1.0043717622756958,0.6470776796340942,1.0725425481796265,0.5372917000204325,64.0,0.11743448525667191,2.84375,0.0,0.0,0.0
203000,0.023660842329263687,0.021181106567382812,0.001806846703402698,1.212477684020996,1.0035089254379272,0.7569261193275452,1.0746686458587646,0.5031608000863343,64.0,0.11859364807605743,2.953125,0.0,0.0,0.0
203200,0.024423740804195404,0.02222992479801178,0.0031664343550801277,0.7917724251747131,1.0034706592559814,0.6727205514907837,1.0704911947250366,0.5338971000164747,64.0,0.10514687321015767,3.453125,0.0,0.0,0.0
203400,0.022897128015756607,0.02111133746802807,0.0015571569092571735,0.7197337746620178,1.0024278163909912,0.74776291847229,1.070350170135498,0.4641612998675555,64.0,0.11327621961633365,2.890625,0.0,0.0,0.0
203600,0.022549089044332504,0.02086290344595909,0.002260433742776513,0.9274272918701172,1.0037188529968262,0.6486266255378723,1.0728179216384888,0.43326890002936125,64.0,0.11674705147743225,2.796875,0.0,0.0,0.0
203800,0.024451781064271927,0.022040370851755142,0.002269031247124076,0.8310181498527527,1.003265619277954,0.7222728729248047,1.0723453760147095,0.479433799860999,64.0,0.11111617386341095,3.0625,0.0,0.0,0.0
204000,0.022944549098610878,0.02058696560561657,0.0031007907819002867,1.0978777408599854,1.006937026977539,0.5725545287132263,1.0752986669540405,0.47322480008006096,64.0,0.10944213505302157,2.9375,0.0,0.0,0.0
204200,0.022674499079585075,0.020282048732042313,0.0018359418027102947,0.8062804341316223,1.002988338470459,0.708668053150177,1.0728702545166016,0.45472829998470843,64.0,0.11867980509996415,2.875,0.0,0.0,0.0
204400,0.023611610755324364,0.0219374131411314,0.0019259755499660969,0.6528533101081848,1.0021910667419434,0.697941780090332,1.0720007419586182,0.4500323999673128,64.0,0.11856762915849686,2.9375,0.0,0.0,0.0
204600,0.023499686270952225,0.021911973133683205,0.0017217203276231885,0.641197681427002,1.0018202066421509,0.78626948595047,1.0701771974563599,0.47333579999394715,64.0,0.11939190477132797,3.0625,0.0,0.0,0.0
204800,0.024068670347332954,0.022356117144227028,0.0031977274920791388,0.7779268622398376,1.0063241720199585,0.3951432406902313,1.0709675550460815,0.5270225000567734,64.0,0.10662827747208732,3.25,0.0,0.0,0.0
205000,0.02578085847198963,0.02324293553829193,0.0027220186311751604,0.7660067081451416,1.0052837133407593,0.5409795641899109,1.0741263628005981,0.4953187999781221,64.0,0.10305137311418851,3.125,0.0,0.0,0.0
205200,0.0257208701223135,0.02293294668197632,0.0028459366876631975,0.8390350937843323,1.0032398700714111,0.6760186553001404,1.0742594003677368,0.495876100147143,64.0,0.1082507794102033,3.328125,0.0,0.0,0.0
205400,0.025167301297187805,0.02311725728213787,0.002368810586631298,0.8933692574501038,1.0059267282485962,0.4707299768924713,1.0704469680786133,0.4371235000435263,64.0,0.1143429696559906,3.0,0.0,0.0,0.0
205600,0.023384759202599525,0.021533677354454994,0.001826350693590939,0.6831796169281006,1.002667784690857,0.7484273314476013,1.0675644874572754,0.4537931999657303,64.0,0.11904369145631791,2.9375,0.0,0.0,0.0
205800,0.02239176444709301,0.021076908335089684,0.0019178158836439252,0.552801251411438,1.0036144256591797,0.5511512756347656,1.067763328552246,0.43758260016329587,64.0,0.12128757089376449,2.890625,0.0,0.0,0.0
206000,0.022453218698501587,0.021085545420646667,0.0025030600372701883,0.776052713394165,1.0044326782226562,0.5720883011817932,1.0720535516738892,0.49646349996328354,64.0,0.10829963783423106,3.09375,0.0,0.0,0.0
206200,0.023367498070001602,0.021763432770967484,0.0029050237499177456,1.2854493856430054,1.0027357339859009,0.8049676418304443,1.0728471279144287,0.5216645998880267,64.0,0.11253419394294421,3.21875,0.0,0.0,0.0
206400,0.023514611646533012,0.021392755210399628,0.0030984776094555855,0.8765122890472412,1.0066173076629639,0.4133778512477875,1.075188398361206,0.47250399994663894,64.0,0.10911139597495396,3.03125,0.0,0.0,0.0
206600,0.023233722895383835,0.02159040980041027,0.0019678552635014057,0.7314684987068176,1.0031934976577759,0.6893076300621033,1.0696454048156738,0.42365800007246435,64.0,0.11616775095462799,2.84375,0.0,0.0,0.0
206800,0.022176584228873253,0.020202867686748505,0.0018928924109786749,1.3138058185577393,1.0063095092773438,0.47708529233932495,1.0739184617996216,0.4299681999254972,64.0,0.12290069311857224,2.671875,0.0,0.0,0.0
207000,0.024091588333249092,0.022246384993195534,0.002330000279471278,0.9211018681526184,1.002505898475647,0.7036967277526855,1.0721206665039062,0.4791486000176519,64.0,0.1179477795958519,3.046875,0.0,0.0,0.0
207200,0.024057209491729736,0.0205669105052948,0.001841317629441619,0.7645463347434998,1.0030699968338013,0.6132203340530396,1.0751677751541138,0.4559598998166621,64.0,0.11914848238229751,2.828125,0.0,0.0,0.0
207400,0.023506581783294678,0.021911343559622765,0.0018541245954111218,0.9047324061393738,1.0022337436676025,0.8175106644630432,1.0714536905288696,0.4745598998852074,64.0,0.11907020583748817,3.125,0.0,0.0,0.0
207600,0.02553052455186844,0.023132532835006714,0.0023105039726942778,0.7936022877693176,1.0025215148925781,0.6522167325019836,1.0758672952651978,0.48875260003842413,64.0,0.10622179135680199,3.171875,0.0,0.0,0.0
207800,0.024337584152817726,0.021847009658813477,0.0019853434059768915,0.7686901092529297,1.0032485723495483,0.6884157061576843,1.0705260038375854,0.43249529995955527,64.0,0.11862797737121582,2.828125,0.0,0.0,0.0
208000,0.024538541212677956,0.022410057485103607,0.0023090362083166838,0.9076008200645447,1.0034642219543457,0.696394145488739,1.0747861862182617,0.47516680019907653,64.0,0.11818650066852569,2.96875,0.0,0.0,0.0
208200,0.023503927513957024,0.021304413676261902,0.002013390650972724,0.8769856691360474,1.005306601524353,0.5682198405265808,1.0738377571105957,0.4373638001270592,64.0,0.11525170654058456,2.875,0.0,0.0,0.0
208400,0.0230704452842474,0.02173488773405552,0.0021545360796153545,0.6049538254737854,1.0024210214614868,0.6973145604133606,1.0728257894515991,0.5032130000181496,64.0,0.10447681482349123,3.125,0.0,0.0,0.0
208600,0.024937396869063377,0.023673411458730698,0.0028175150509923697,1.2346301078796387,1.0041334629058838,0.5684764385223389,1.074141025543213,0.4553669998422265,64.0,0.11868082582950593,3.125,0.0,0.0,0.0
208800,0.023904914036393166,0.0219466183334589,0.0018568390514701605,0.7324041724205017,1.0032345056533813,0.6346345543861389,1.0717302560806274,0.46777350013144314,64.0,0.11379162073135377,2.96875,0.0,0.0,0.0
209000,0.024667911231517792,0.022619228810071945,0.0026553908828645945,0.7299983501434326,1.0047028064727783,0.5947276949882507,1.074093222618103,0.463272999972105,64.0,0.11909716427326203,2.953125,0.0,0.0,0.0
209200,0.02490334026515484,0.022264471277594566,0.002650483511388302,0.7345989942550659,1.0024834871292114,0.7753891348838806,1.0736942291259766,0.47601259988732636,64.0,0.11678785383701325,3.0,0.0,0.0,0.0
209400,0.023834161460399628,0.021204873919487,0.0022103418596088886,0.8853204846382141,1.0037856101989746,0.5881620645523071,1.0720893144607544,0.4657232998870313,64.0,0.11345960820714633,2.921875,0.0,0.0,0.0
209600,0.025299806147813797,0.023189309984445572,0.0020866040140390396,0.6750063300132751,1.0029666423797607,0.6273736357688904,1.0763804912567139,0.4793622998986393,64.0,0.11418170233567555,3.078125,0.0,0.0,0.0
209800,0.022799590602517128,0.02122967131435871,0.0024750761222094297,0.8234097361564636,1.0048487186431885,0.5062295794487,1.0758012533187866,0.47757779993116856,64.0,0.11159273485342662,2.875,0.0,0.0,0.0
210000,0.025504525750875473,0.023423459380865097,0.002433289773762226,0.7161032557487488,1.0029182434082031,0.6849998831748962,1.075668454170227,0.5149303998332471,64.0,0.10715423400203387,3.171875,0.0,0.0,0.0
210200,0.024531878530979156,0.021548494696617126,0.002357673132792115,0.605792760848999,1.0035442113876343,0.6495798230171204,1.0719174146652222,0.47567000007256866,64.0,0.11175094097852707,2.953125,0.0,0.0,0.0
210400,0.023048127070069313,0.021355096250772476,0.0024702732916921377,1.2018307447433472,1.0033246278762817,0.6610296368598938,1.0757559537887573,0.48794480017386377,64.0,0.12061321139335632,3.09375,0.0,0.0,0.0
210600,0.02365788072347641,0.02165468968451023,0.002245613606646657,0.740514874458313,1.0048547983169556,0.5489718317985535,1.0691776275634766,0.4859613000880927,64.0,0.10671435048182805,3.03125,0.0,0.0,0.0
210800,0.023273954167962074,0.021274713799357414,0.0021006630267947912,1.004946231842041,1.0033513307571411,0.6643855571746826,1.072551965713501,0.4645905999932438,64.0,0.10904595504204433,2.984375,0.0,0.0,0.0
211000,0.024054240435361862,0.02135339565575123,0.0019356223056092858,0.6856400370597839,1.0050777196884155,0.5453574657440186,1.075752854347229,0.4428099999204278,64.0,0.11300025433301926,2.71875,0.0,0.0,0.0
211200,0.02362208440899849,0.021945428103208542,0.003295661648735404,0.6433118581771851,1.0048860311508179,0.5048021674156189,1.0724585056304932,0.46345679997466505,64.0,0.11740122586488724,3.0625,0.0,0.0,0.0
211400,0.02385990507900715,0.02183651551604271,0.0029400992207229137,0.6576775908470154,1.0051888227462769,0.5208568572998047,1.0745586156845093,0.5038334000855684,64.0,0.11629383414983749,3.140625,0.0,0.0,0.0
211600,0.024574095383286476,0.022208521142601967,0.0028132072184234858,1.005889654159546,1.0083249807357788,0.3612858057022095,1.0742052793502808,0.47229529987089336,64.0,0.10999289651711781,3.03125,0.0,0.0,0.0
211800,0.02377992309629917,0.021615955978631973,0.0019126157276332378,0.6806414723396301,1.0037024021148682,0.5790897607803345,1.0736966133117676,0.46087089995853603,64.0,0.1104585390005793,2.984375,0.0,0.0,0.0
212000,0.023031847551465034,0.021205801516771317,0.00244025606662035,1.153066873550415,1.006040334701538,0.4822547435760498,1.0719422101974487,0.4231359001714736,64.0,0.11964416205883026,2.78125,0.0,0.0,0.0
212200,0.022884031757712364,0.02098201960325241,0.0019044054206460714,0.8950939178466797,1.0032531023025513,0.7197028398513794,1.0739377737045288,0.4695860000792891,64.0,0.12046860605478286,3.078125,0.0,0.0,0.0
212400,0.022872351109981537,0.02103748731315136,0.002604301553219557,0.8772621154785156,1.0043718814849854,0.6053093075752258,1.0717641115188599,0.4376740998122841,64.0,0.11855781972408294,2.828125,0.0,0.0,0.0
212600,0.02495669573545456,0.022269489243626595,0.0023658296559005976,0.7140820622444153,1.0034846067428589,0.6438681483268738,1.068865418434143,0.4819222998339683,64.0,0.11842824146151543,3.046875,0.0,0.0,0.0
212800,0.023516163229942322,0.022019091993570328,0.0018343246774747968,0.9139852523803711,1.004170298576355,0.572822093963623,1.074601650238037,0.4682318998966366,64.0,0.11013715714216232,2.984375,0.0,0.0,0.0
213000,0.024345284327864647,0.021766435354948044,0.002653618808835745,0.9624803066253662,1.0033283233642578,0.6977100968360901,1.0754318237304688,0.45253259991295636,64.0,0.11926949471235275,3.015625,0.0,0.0,0.0
213200,0.024785172194242477,0.022559896111488342,0.002671607071533799,0.8841071128845215,1.0050208568572998,0.4935396611690521,1.0740578174591064,0.47167810006067157,64.0,0.11809801906347275,3.03125,0.0,0.0,0.0
213400,0.022623203694820404,0.020871153101325035,0.0019184169359505177,0.6755774021148682,1.004382848739624,0.5747852921485901,1.0720685720443726,0.4708325997926295,64.0,0.11213436722755432,2.9375,0.0,0.0,0.0
213600,0.02360166795551777,0.02158726193010807,0.0024051740765571594,0.8520055413246155,1.0026664733886719,0.7348986268043518,1.0730679035186768,0.4990216000005603,64.0,0.1110790769259135,3.171875,0.0,0.0,0.0
213800,0.024565473198890686,0.022605830803513527,0.002231890568509698,0.6090099811553955,1.0026237964630127,0.7322333455085754,1.0691800117492676,0.48187420004978776,64.0,0.11593883335590363,3.09375,0.0,0.0,0.0
214000,0.022431755438447,0.020560596138238907,0.002212045481428504,0.8439291715621948,1.0038259029388428,0.6160417795181274,1.0735130310058594,0.4446689998731017,64.0,0.1149833470582962,2.84375,0.0,0.0,0.0
214200,0.023936310783028603,0.020882129669189453,0.0022672261111438274,0.8194988965988159,1.0039794445037842,0.6126876473426819,1.0737998485565186,0.4856772997882217,64.0,0.11438754325111707,2.921875,0.0,0.0,0.0
214400,0.024600064381957054,0.022677969187498093,0.001959888031706214,0.7706981301307678,1.0033050775527954,0.6234130263328552,1.0731364488601685,0.50968710007146,64.0,0.11578488349914551,3.078125,0.0,0.0,0.0
214600,0.024492232128977776,0.021830029785633087,0.003557514864951372,0.982183039188385,1.0048028230667114,0.6461727023124695,1.0717475414276123,0.49011569982394576,64.0,0.10955737637622016,3.109375,0.0,0.0,0.0
214800,0.02486461214721203,0.023189669474959373,0.0019530480494722724,0.6261776685714722,1.0020558834075928,0.7597544193267822,1.0706148147583008,0.5051768999546766,64.0,0.11299437160293262,3.046875,0.0,0.0,0.0
215000,0.02394294925034046,0.021621963009238243,0.002591965487226844,0.6364150047302246,1.0057159662246704,0.48832693696022034,1.0753793716430664,0.46785369981080294,64.0,0.11173805470267932,2.953125,0.0,0.0,0.0
215200,0.023644637316465378,0.021365489810705185,0.002188002457842231,0.8751147389411926,1.0046257972717285,0.6785534024238586,1.0723588466644287,0.4730734000913799,64.0,0.11791592538356781,2.90625,0.0,0.0,0.0
215400,0.022899288684129715,0.02079666033387184,0.0020946247968822718,1.0337486267089844,1.0030789375305176,0.698233962059021,1.0749508142471313,0.4592663000803441,64.0,0.11773689240217208,2.921875,0.0,0.0,0.0
215600,0.023289823904633522,0.020527491346001625,0.00364330830052495,0.7413933873176575,1.0052870512008667,0.6287798285484314,1.0753852128982544,0.47513070004060864,64.0,0.11140445992350578,2.90625,0.0,0.0,0.0
215800,0.02180519513785839,0.02042212150990963,0.0016213796334341168,0.629397451877594,1.0037140846252441,0.5756337642669678,1.0707874298095703,0.44171839999035,64.0,0.11951669156551362,2.859375,0.0,0.0,0.0
216000,0.025147967040538788,0.02351011522114277,0.002400157740339637,0.8300724029541016,1.0029443502426147,0.6229749321937561,1.0707660913467407,0.476940399967134,64.0,0.11549237668514252,3.1875,0.0,0.0,0.0
216200,0.023435812443494797,0.02065306343138218,0.002228886354714632,0.7402113676071167,1.0033811330795288,0.7264500856399536,1.0747442245483398,0.43673590011894703,64.0,0.11866514682769776,2.8125,0.0,0.0,0.0
216400,0.022800341248512268,0.020612793043255806,0.0015287293354049325,0.5988016724586487,1.0022802352905273,0.7081488966941833,1.0663526058197021,0.44208319997414947,64.0,0.11435592770576478,2.921875,0.0,0.0,0.0
216600,0.024141868576407433,0.022274980321526527,0.002458255272358656,0.6106706261634827,1.002360224723816,0.7456323504447937,1.0735526084899902,0.48256610007956624,64.0,0.11189050227403641,3.046875,0.0,0.0,0.0
216800,0.02501210942864418,0.02337820827960968,0.002923431107774377,1.2203377485275269,1.0026546716690063,0.7154638767242432,1.0707539319992065,0.49194390000775456,64.0,0.11522120485703151,3.265625,0.0,0.0,0.0
217000,0.023214036598801613,0.021125534549355507,0.0025944476947188377,0.9062014818191528,1.0066262483596802,0.41187992691993713,1.0727201700210571,0.44643129990436137,64.0,0.11195607483386993,2.890625,0.0,0.0,0.0
217200,0.024004559963941574,0.022358320653438568,0.0025326982140541077,0.9500373005867004,1.0033186674118042,0.6881025433540344,1.07230544090271,0.4722132000606507,64.0,0.11256976425647736,3.046875,0.0,0.0,0.0
217400,0.02222510613501072,0.02014227770268917,0.0018806172301992774,0.6698938012123108,1.002907395362854,0.6973567008972168,1.0703465938568115,0.4723247999791056,64.0,0.11383579050501187,2.859375,0.0,0.0,0.0
217600,0.022665226832032204,0.02081107906997204,0.0012521683238446712,0.6946083903312683,1.0025955438613892,0.6443705558776855,1.0691739320755005,0.4186199000105262,64.0,0.12030833065509797,2.6875,0.0,0.0,0.0
217800,0.022360140457749367,0.020453067496418953,0.0020428986754268408,0.8356316089630127,1.0052319765090942,0.47364988923072815,1.0688084363937378,0.4513727999292314,64.0,0.11539237946271896,2.859375,0.0,0.0,0.0
218000,0.024006757885217667,0.021944992244243622,0.0022827035281807184,0.6539627313613892,1.0038937330245972,0.5898120999336243,1.0707792043685913,0.5091366998385638,64.0,0.11004351327816646,3.15625,0.0,0.0,0.0
218200,0.023625710979104042,0.02126564271748066,0.0023899925872683525,0.8558887839317322,1.0033882856369019,0.7209909558296204,1.0722242593765259,0.499689299846068,64.0,0.11249629656473796,3.03125,0.0,0.0,0.0
218400,0.0225455854088068,0.021373193711042404,0.0023811303544789553,0.8275861740112305,1.0045866966247559,0.538966178894043,1.0705440044403076,0.44695879984647036,64.0,0.1192581906914711,2.890625,0.0,0.0,0.0
218600,0.022390950471162796,0.02076118066906929,0.002098513999953866,0.7882909178733826,1.003038763999939,0.6682166457176208,1.0733981132507324,0.460325000109151,64.0,0.10895859574278195,2.984375,0.0,0.0,0.0
218800,0.02247108891606331,0.020388150587677956,0.0018900627037510276,0.8514664173126221,1.0040769577026367,0.6413441896438599,1.0713485479354858,0.4421280000824481,64.0,0.11621219664812088,2.75,0.0,0.0,0.0
219000,0.023630281910300255,0.02148515358567238,0.002071776892989874,0.8453282713890076,1.0040987730026245,0.530220091342926,1.0738431215286255,0.4568811999633908,64.0,0.10973701005180676,2.96875,0.0,0.0,0.0
219200,0.024948125705122948,0.02228536643087864,0.0026382384821772575,0.6859282851219177,1.0038264989852905,0.6162281036376953,1.073257565498352,0.4758339000400156,64.0,0.11794266601403554,3.09375,0.0,0.0,0.0
219400,0.023997588083148003,0.022250181064009666,0.0019596442580223083,0.6889505386352539,1.0022720098495483,0.7986184358596802,1.065996766090393,0.48906919988803566,64.0,0.11489670599500339,3.046875,0.0,0.0,0.0
219600,0.024260280653834343,0.021698787808418274,0.0029687790665775537,0.7357664108276367,1.0051203966140747,0.5411771535873413,1.0747196674346924,0.4959052000194788,64.0,0.11271464452147484,3.09375,0.0,0.0,0.0
219800,0.024076156318187714,0.02239179238677025,0.0020447419956326485,0.6496222019195557,1.0024611949920654,0.7430146932601929,1.0708982944488525,0.47510839998722076,64.0,0.11507234101494153,3.03125,0.0,0.0,0.0
220000,0.022871579974889755,0.02141701988875866,0.002105786930769682,0.732198178768158,1.002845048904419,0.729498028755188,1.0735504627227783,0.47305990010499954,64.0,0.11202040563027064,3.046875,0.0,0.0,0.0
220200,0.025079980492591858,0.022616583853960037,0.00184380984865129,0.9322806596755981,1.0031625032424927,0.7225297689437866,1.0722265243530273,0.46161280013620853,64.0,0.11782630234956741,2.84375,0.0,0.0,0.0
220400,0.024502912536263466,0.022816041484475136,0.002647852059453726,0.8345202207565308,1.0029993057250977,0.719234049320221,1.0740997791290283,0.521823399933055,64.0,0.11249567444125812,3.25,0.0,0.0,0.0
220600,0.022653916850686073,0.021152326837182045,0.0019269292242825031,0.5926090478897095,1.0027669668197632,0.6609978675842285,1.0712075233459473,0.44052399997599423,64.0,0.12474218606948853,2.875,0.0,0.0,0.0
220800,0.02386525273323059,0.021951686590909958,0.0026140266563743353,0.8625290989875793,1.0047626495361328,0.5987377762794495,1.072184443473816,0.4832941999193281,64.0,0.10642019286751747,3.1875,0.0,0.0,0.0
221000,0.02330656349658966,0.02126704715192318,0.0029476413037627935,0.8666719794273376,1.0055780410766602,0.4699079394340515,1.0749711990356445,0.4865549001842737,64.0,0.10686877369880676,3.0625,0.0,0.0,0.0
221200,0.02354968897998333,0.021233420819044113,0.002661032136529684,0.6253068447113037,1.0104904174804688,0.26408642530441284,1.0722419023513794,0.4650961998850107,64.0,0.1166693389415741,2.9375,0.0,0.0,0.0
221400,0.02268853411078453,0.020514648407697678,0.0024117082357406616,0.9828749895095825,1.002794623374939,0.7260222434997559,1.0758848190307617,0.4757409000303596,64.0,0.11817416250705719,3.015625,0.0,0.0,0.0
221600,0.025081316009163857,0.02301933243870735,0.0022562919184565544,0.867319643497467,1.0023596286773682,0.6676942110061646,1.0740777254104614,0.48086289991624653,64.0,0.11755881706873576,3.109375,0.0,0.0,0.0
221800,0.02339675836265087,0.021370690315961838,0.002153676003217697,1.0204520225524902,1.0055606365203857,0.5795686841011047,1.07546865940094,0.45779759995639324,64.0,0.11817232966423034,2.875,0.0,0.0,0.0
222000,0.024594414979219437,0.023059412837028503,0.00227336841635406,0.9521675109863281,1.0030057430267334,0.7124575972557068,1.0741710662841797,0.5027482998557389,64.0,0.11162413035829861,3.21875,0.0,0.0,0.0
222200,0.02373655140399933,0.022314341738820076,0.002172761596739292,0.7274430394172668,1.0024491548538208,0.681582510471344,1.0709571838378906,0.4623040999285877,64.0,0.12302460372447968,3.1875,0.0,0.0,0.0
222400,0.023699471727013588,0.022011999040842056,0.0017443177057430148,0.7697045207023621,1.004291296005249,0.504612922668457,1.0748659372329712,0.4415336998645216,64.0,0.11875443011522294,3.0,0.0,0.0,0.0
222600,0.023131417110562325,0.02161913737654686,0.002020925981923938,1.0948576927185059,1.0047260522842407,0.5914062261581421,1.0741055011749268,0.475151700200513,64.0,0.11688739930589993,3.0625,0.0,0.0,0.0
222800,0.023548170924186707,0.022264372557401657,0.0030193680431693792,0.9769157767295837,1.0056380033493042,0.5105520486831665,1.0722713470458984,0.5665464999619871,64.0,0.10900968845401492,3.1875,0.0,0.0,0.0
223000,0.024706201627850533,0.023071203380823135,0.0013777702115476131,0.7411587238311768,1.0014818906784058,0.858453631401062,1.0701583623886108,0.47205530013889074,64.0,0.11881891787052154,2.953125,0.0,0.0,0.0
223200,0.025317177176475525,0.022444739937782288,0.0021245914977043867,0.9311347603797913,1.0034533739089966,0.7462227940559387,1.0722744464874268,0.481085300212726,64.0,0.10800135508179665,3.0625,0.0,0.0,0.0
223400,0.021754801273345947,0.01977655105292797,0.0021934364922344685,0.8377657532691956,1.0048162937164307,0.5083764791488647,1.0678963661193848,0.43215600005351007,64.0,0.11634895205497742,2.78125,0.0,0.0,0.0
223600,0.024848967790603638,0.02232414484024048,0.0029805516824126244,0.7306193113327026,1.006669044494629,0.5685005784034729,1.0736664533615112,0.45729569997638464,64.0,0.10844605540235837,2.984375,0.0,0.0,0.0
223800,0.02225315570831299,0.020392270758748055,0.0020724902860820293,0.6605421900749207,1.0041247606277466,0.6698830127716064,1.0704681873321533,0.4438491000328213,64.0,0.11855980008840561,2.875,0.0,0.0,0.0
224000,0.024306392297148705,0.022887876257300377,0.0028105787932872772,0.9944778084754944,1.0045822858810425,0.5585991144180298,1.0748002529144287,0.5230205999687314,64.0,0.11711048930883408,3.3125,0.0,0.0,0.0
224200,0.02438015677034855,0.022258281707763672,0.0024398639798164368,0.7962524890899658,1.0046590566635132,0.5705342888832092,1.0729706287384033,0.46806660015136003,64.0,0.1191363051533699,3.0625,0.0,0.0,0.0
224400,0.02415517531335354,0.02181389555335045,0.0021430833730846643,0.6077072024345398,1.0032992362976074,0.6934937834739685,1.0752474069595337,0.4391778998542577,64.0,0.11583793014287949,2.921875,0.0,0.0,0.0
224600,0.023200739175081253,0.021342163905501366,0.0015243241796270013,1.0684545040130615,1.0023796558380127,0.821838915348053,1.0716044902801514,0.4358947998844087,64.0,0.1176510602235794,2.875,0.0,0.0,0.0
224800,0.024421053007245064,0.02220509946346283,0.002275868086144328,1.1214327812194824,1.0032727718353271,0.6444982290267944,1.074744701385498,0.4446730997879058,64.0,0.11886787712574005,2.984375,0.0,0.0,0.0
225000,0.023809731006622314,0.02168291062116623,0.0027631742414087057,0.5823262929916382,1.0065480470657349,0.3940904438495636,1.074716329574585,0.4728910999838263,64.0,0.11923152655363083,3.109375,0.0,0.0,0.0
225200,0.025541914626955986,0.022941045463085175,0.002857187995687127,0.7985312342643738,1.0043517351150513,0.5868633985519409,1.0729279518127441,0.4780470998957753,64.0,0.11116276184717815,3.03125,0.0,0.0,0.0
225400,0.024447692558169365,0.022869298234581947,0.0022850569803267717,0.760280966758728,1.0028709173202515,0.6300719976425171,1.073548674583435,0.49226460000500083,64.0,0.11072352901101112,3.140625,0.0,0.0,0.0
225600,0.02351405657827854,0.021678781136870384,0.0018922109156847,0.8433449268341064,1.0025577545166016,0.704684853553772,1.0709314346313477,0.4696667999960482,64.0,0.11225368678569794,3.0625,0.0,0.0,0.0
225800,0.02398139052093029,0.020764721557497978,0.0030096641276031733,0.7012357711791992,1.0071600675582886,0.39130422472953796,1.0751806497573853,0.506571700097993,64.0,0.1054990610906056,2.875,0.0,0.0,0.0
226000,0.024670464918017387,0.022624842822551727,0.0020246910862624645,0.6577546000480652,1.0030924081802368,0.7059937715530396,1.0685718059539795,0.45387860015034676,64.0,0.11644032001495361,3.078125,0.0,0.0,0.0
226200,0.022242717444896698,0.02041536010801792,0.0014531995402649045,0.8484070897102356,1.0033801794052124,0.6775121688842773,1.0693786144256592,0.4608037997968495,64.0,0.11620889753103256,2.90625,0.0,0.0,0.0
226400,0.02490168996155262,0.02227681502699852,0.002385880332440138,0.9069110155105591,1.0034135580062866,0.6363641023635864,1.0756222009658813,0.5033116999547929,64.0,0.11286718895037968,3.046875,0.0,0.0,0.0
226600,0.02303154766559601,0.021153805777430534,0.002069941721856594,0.7254339456558228,1.0026198625564575,0.7549833059310913,1.0743478536605835,0.5037833000533283,64.0,0.11429917280163084,3.234375,0.0,0.0,0.0
226800,0.026769224554300308,0.024691633880138397,0.002302816603332758,0.7270143032073975,1.002138614654541,0.7181717157363892,1.0751968622207642,0.47821400011889637,64.0,0.11315327261885007,3.265625,0.0,0.0,0.0
227000,0.022755078971385956,0.02070736698806286,0.0015910890651866794,0.9857030510902405,1.0035125017166138,0.7295781373977661,1.0732781887054443,0.4271013999823481,64.0,0.12284660935401917,2.8125,0.0,0.0,0.0
227200,0.024058427661657333,0.02162581868469715,0.001998353283852339,0.891886830329895,1.0038902759552002,0.6838964223861694,1.0702329874038696,0.4334517999086529,64.0,0.11930698603391647,2.875,0.0,0.0,0.0
227400,0.023698728531599045,0.022114994004368782,0.0023772558197379112,0.715989351272583,1.0015997886657715,0.8354579210281372,1.072170376777649,0.48249930003657937,64.0,0.12000288665294648,3.15625,0.0,0.0,0.0
227600,0.024145012721419334,0.02161119133234024,0.002991392742842436,1.0764532089233398,1.0053006410598755,0.6051693558692932,1.0749043226242065,0.4395514000207186,64.0,0.12096947133541107,2.953125,0.0,0.0,0.0
227800,0.02369297668337822,0.02177528850734234,0.002274757716804743,0.8012285232543945,1.0032235383987427,0.6661674380302429,1.0754835605621338,0.46184929995797575,64.0,0.11288600787520409,3.078125,0.0,0.0,0.0
228000,0.022480132058262825,0.021245786920189857,0.0016012296546250582,0.6590103507041931,1.0027916431427002,0.6919785141944885,1.0692415237426758,0.454563400009647,64.0,0.11615405480066936,2.96875,0.0,0.0,0.0
228200,0.023945152759552002,0.02186913788318634,0.0025437199510633945,0.7798352837562561,1.0064496994018555,0.4148770868778229,1.0702481269836426,0.4600695997942239,64.0,0.1148050680756569,2.953125,0.0,0.0,0.0
228400,0.022806396707892418,0.02112787961959839,0.002263600705191493,0.7496460676193237,1.0024068355560303,0.7869454622268677,1.0709009170532227,0.43968189996667206,64.0,0.11803442239761353,3.0,0.0,0.0,0.0
228600,0.02304890938103199,0.020758090540766716,0.002075023716315627,0.9077277779579163,1.0026456117630005,0.764609694480896,1.0714669227600098,0.430437000002712,64.0,0.12353343218564987,2.859375,0.0,0.0,0.0
228800,0.02386500872671604,0.021181639283895493,0.0022327834740281105,0.8385226726531982,1.002454161643982,0.8245662450790405,1.0748088359832764,0.4869019000325352,64.0,0.11124600966771443,3.125,0.0,0.0,0.0
229000,0.023740891367197037,0.021911658346652985,0.002292182296514511,0.8471641540527344,1.0028517246246338,0.6935587525367737,1.0706793069839478,0.45246340008452535,64.0,0.10830160602927208,3.078125,0.0,0.0,0.0
229200,0.023330707103013992,0.021276265382766724,0.001499368343502283,0.9235100150108337,1.0025579929351807,0.7530588507652283,1.0745946168899536,0.4265771999489516,64.0,0.11992087215185165,2.90625,0.0,0.0,0.0
229400,0.02329045720398426,0.021047310903668404,0.002142086625099182,1.0190670490264893,1.0049190521240234,0.5258293747901917,1.0744787454605103,0.42868480016477406,64.0,0.11822725087404251,2.953125,0.0,0.0,0.0
229600,0.022489136084914207,0.020804326981306076,0.0019342617597430944,0.8290035724639893,1.0035090446472168,0.6504209637641907,1.0716800689697266,0.4231304000131786,64.0,0.11597138941287995,2.828125,0.0,0.0,0.0
229800,0.022693606093525887,0.020955052226781845,0.001460688654333353,0.8136845827102661,1.0017571449279785,0.8159685730934143,1.0703407526016235,0.44270009989850223,64.0,0.10645886386434238,2.90625,0.0,0.0,0.0
230000,0.023609701544046402,0.021401528269052505,0.003043508855625987,0.651920735836029,1.0074573755264282,0.36196669936180115,1.0737147331237793,0.45766970003023744,64.0,0.1122143988807996,2.96875,0.0,0.0,0.0
230200,0.024233443662524223,0.021951904520392418,0.0016976157203316689,0.6816624402999878,1.0024816989898682,0.7238227128982544,1.0755438804626465,0.4614132000133395,64.0,0.11032027254501979,3.03125,0.0,0.0,0.0
230400,0.02316957525908947,0.021578576415777206,0.002138786017894745,0.8505975008010864,1.0048820972442627,0.49464863538742065,1.0742889642715454,0.4795181001536548,64.0,0.12110661715269089,2.953125,0.0,0.0,0.0
230600,0.023251036182045937,0.02187521383166313,0.0029448631685227156,0.8158391714096069,1.0030463933944702,0.7546360492706299,1.0735588073730469,0.4445315001066774,64.0,0.11952202469110489,3.28125,0.0,0.0,0.0
230800,0.02454412542283535,0.022254176437854767,0.002249359153211117,0.5568455457687378,1.0031546354293823,0.65915846824646,1.0717639923095703,0.4865248999558389,64.0,0.1164121150970459,3.03125,0.0,0.0,0.0
231000,0.022593999281525612,0.021170515567064285,0.0020756530575454235,0.7713031768798828,1.0031160116195679,0.7075150012969971,1.0746487379074097,0.43406160012818873,64.0,0.11901481747627259,3.046875,0.0,0.0,0.0
231200,0.022764569148421288,0.020789798349142075,0.0018158403690904379,0.7616544365882874,1.0030862092971802,0.6747328639030457,1.0716372728347778,0.46167939994484186,64.0,0.11612599641084671,2.890625,0.0,0.0,0.0
231400,0.022752387449145317,0.020788803696632385,0.0022078854963183403,0.9092534184455872,1.0048956871032715,0.6310105919837952,1.0746474266052246,0.4292246999684721,64.0,0.11677825450897217,2.859375,0.0,0.0,0.0
231600,0.023663826286792755,0.02194446697831154,0.0025699653197079897,0.9413155317306519,1.0047321319580078,0.6211869716644287,1.0722832679748535,0.46870589978061616,64.0,0.11385979801416397,3.140625,0.0,0.0,0.0
231800,0.022990211844444275,0.020869655534625053,0.0017209532670676708,1.1416054964065552,1.0027168989181519,0.7731615900993347,1.0757166147232056,0.40264780004508793,64.0,0.11733707636594773,2.890625,0.0,0.0,0.0
232000,0.023733677342534065,0.021849529817700386,0.0018191947601735592,0.9067338109016418,1.0035560131072998,0.6342553496360779,1.0756829977035522,0.4477399999741465,64.0,0.11861397176980973,3.015625,0.0,0.0,0.0
232200,0.02416808344423771,0.02185484766960144,0.0023160791024565697,0.7378329038619995,1.0028959512710571,0.6540848016738892,1.0737570524215698,0.49432340008206666,64.0,0.1076345257461071,3.09375,0.0,0.0,0.0
232400,0.02388228476047516,0.022256959229707718,0.0019149830332025886,0.8031913042068481,1.005711317062378,0.45769941806793213,1.0734211206436157,0.41437830007635057,64.0,0.1179637759923935,2.90625,0.0,0.0,0.0
232600,0.02328910306096077,0.02138558402657509,0.0016554627800360322,1.0383434295654297,1.0035914182662964,0.5880814790725708,1.0729414224624634,0.4716800998430699,64.0,0.11678002625703812,3.03125,0.0,0.0,0.0
232800,0.022693097591400146,0.020430494099855423,0.002446772065013647,0.6215997338294983,1.0063014030456543,0.44529473781585693,1.071479082107544,0.45269439998082817,64.0,0.11855195462703705,2.875,0.0,0.0,0.0
233000,0.025469211861491203,0.022500017657876015,0.0030167698860168457,0.8291535973548889,1.005465030670166,0.555634617805481,1.0755635499954224,0.480123900109902,64.0,0.10438254794904164,3.09375,0.0,0.0,0.0
233200,0.02376668155193329,0.02188396453857422,0.002406199462711811,1.0592702627182007,1.0062981843948364,0.43338391184806824,1.0728890895843506,0.45182659989222884,64.0,0.11373020211855571,3.015625,0.0,0.0,0.0
233400,0.02398844249546528,0.0213352981954813,0.002128066262230277,1.1851087808609009,1.0054198503494263,0.5954979658126831,1.0738457441329956,0.46917570009827614,64.0,0.10789100949962933,2.890625,0.0,0.0,0.0
233600,0.02594713494181633,0.02321500889956951,0.002552257850766182,0.9404022693634033,1.0034971237182617,0.7355236411094666,1.0751757621765137,0.44304440007545054,64.0,0.11303202311197917,3.078125,0.0,0.0,0.0
233800,0.02231871895492077,0.0201717596501112,0.0017045545391738415,0.9625197649002075,1.0033888816833496,0.6355823874473572,1.070924162864685,0.42721869982779026,64.0,0.11735739409923554,2.8125,0.0,0.0,0.0
234000,0.023865090683102608,0.021820880472660065,0.002770635299384594,0.7798624038696289,1.0046550035476685,0.5505256652832031,1.074636697769165,0.4413043998647481,64.0,0.11673648655414581,3.21875,0.0,0.0,0.0
234200,0.023829473182559013,0.021580003201961517,0.0027071943040937185,0.6739622354507446,1.0032473802566528,0.6051998734474182,1.0724760293960571,0.4796179998666048,64.0,0.11293378472328186,3.25,0.0,0.0,0.0
234400,0.023282883688807487,0.02133898437023163,0.0022351210936903954,0.7093862295150757,1.0034916400909424,0.6158369183540344,1.070513129234314,0.45403619995340705,64.0,0.11389287809530894,3.0625,0.0,0.0,0.0
234600,0.02188996598124504,0.01968163251876831,0.0018276950577273965,1.0488815307617188,1.0034841299057007,0.7111847996711731,1.0734039545059204,0.41234089992940426,64.0,0.12429713159799576,2.75,0.0,0.0,0.0
234800,0.02360823005437851,0.020993996411561966,0.0030809014569967985,0.8852017521858215,1.0096536874771118,0.31443357467651367,1.0728917121887207,0.4333498999476433,64.0,0.11135137205322583,2.9375,0.0,0.0,0.0
235000,0.024686159566044807,0.022376783192157745,0.0024963505566120148,0.873968243598938,1.0049375295639038,0.5914050936698914,1.0707420110702515,0.4716058000922203,64.0,0.11531119669477145,3.03125,0.0,0.0,0.0
235200,0.025049956515431404,0.022231917828321457,0.0024389263708144426,0.755380392074585,1.003869891166687,0.6908968091011047,1.0713355541229248,0.42935920017771423,64.0,0.10544704024990399,3.015625,0.0,0.0,0.0
235400,0.0214061476290226,0.01976219192147255,0.0014138224069029093,0.7396668195724487,1.003879427909851,0.5662388205528259,1.0722984075546265,0.4194224998354912,64.0,0.11715463101863861,2.8125,0.0,0.0,0.0
235600,0.023388344794511795,0.021598611027002335,0.0014781560748815536,0.6718119978904724,1.0030678510665894,0.6591536998748779,1.0711771249771118,0.4192623000126332,64.0,0.11740504801273347,2.921875,0.0,0.0,0.0
235800,0.023579716682434082,0.02170955203473568,0.0020792847499251366,0.5882847905158997,1.004213809967041,0.6135006546974182,1.071258783340454,0.43662150017917156,64.0,0.12051674425601959,3.015625,0.0,0.0,0.0
236000,0.022685598582029343,0.02165793627500534,0.0021800238173455,0.8775469064712524,1.001844048500061,0.7954686880111694,1.0706740617752075,0.4372958999592811,64.0,0.11448908845583598,3.25,0.0,0.0,0.0
236200,0.024433733895421028,0.02264353632926941,0.0018972489051520824,0.7382022142410278,1.0030847787857056,0.676161527633667,1.0687484741210938,0.47711310000158846,64.0,0.11109177519877751,2.9375,0.0,0.0,0.0
236400,0.024214962497353554,0.022864969447255135,0.0017090172041207552,0.9066048860549927,1.005458116531372,0.4862484633922577,1.069140911102295,0.4145055999979377,64.0,0.1125204786658287,2.96875,0.0,0.0,0.0
236600,0.024218935519456863,0.022030651569366455,0.0031647083815187216,0.9529957175254822,1.0060012340545654,0.43392783403396606,1.0710113048553467,0.45936429989524186,64.0,0.10440640896558762,3.09375,0.0,0.0,0.0
236800,0.023635050281882286,0.021449537947773933,0.002002066932618618,0.8036819696426392,1.0029877424240112,0.7098976373672485,1.0696303844451904,0.4302763999439776,64.0,0.11775597780942917,2.984375,0.0,0.0,0.0
237000,0.023123156279325485,0.021324604749679565,0.0017693978734314442,0.8026453852653503,1.0030885934829712,0.7076933979988098,1.0750070810317993,0.4382852001581341,64.0,0.11779899001121522,2.90625,0.0,0.0,0.0
237200,0.024553900584578514,0.022678477689623833,0.001958040753379464,0.8168084621429443,1.0033318996429443,0.6855847835540771,1.0695552825927734,0.4388115999754518,64.0,0.11790696680545806,3.125,0.0,0.0,0.0
237400,0.023052267730236053,0.021058987826108932,0.0025661438703536987,0.7585130333900452,1.0028886795043945,0.7743154168128967,1.0735552310943604,0.4509990999940783,64.0,0.11656173939506213,3.046875,0.0,0.0,0.0
237600,0.02359459176659584,0.0212238859385252,0.0030155866406857967,0.982050895690918,1.0062541961669922,0.47399407625198364,1.0750292539596558,0.4790223001036793,64.0,0.11598655084768932,3.125,0.0,0.0,0.0
237800,0.021945593878626823,0.02069150283932686,0.0015681947115808725,0.7465206980705261,1.0031458139419556,0.6541309952735901,1.0661667585372925,0.424624300096184,64.0,0.11899803429841996,2.90625,0.0,0.0,0.0
238000,0.024235283955931664,0.022055910900235176,0.001978884683921933,0.8612906336784363,1.0042948722839355,0.6707083582878113,1.0742273330688477,0.44126540003344417,64.0,0.09892768519265312,2.921875,0.0,0.0,0.0
238200,0.02449033409357071,0.02229171246290207,0.00282194372266531,0.7300608158111572,1.009284257888794,0.32799503207206726,1.072437047958374,0.47748550004325807,64.0,0.11083882195608956,3.046875,0.0,0.0,0.0
238400,0.02502071112394333,0.022625068202614784,0.002405882114544511,0.8566359877586365,1.0035896301269531,0.7003999352455139,1.0748298168182373,0.4376282000448555,64.0,0.11326876133680344,3.109375,0.0,0.0,0.0
238600,0.020736658945679665,0.019435567781329155,0.001961308531463146,0.8949434757232666,1.002884864807129,0.7252540588378906,1.06714928150177,0.42806200007908046,64.0,0.11621134355664253,2.921875,0.0,0.0,0.0
238800,0.02543659694492817,0.02287684939801693,0.002352816052734852,0.9914851784706116,1.0030585527420044,0.7375977039337158,1.073927879333496,0.48005970008671284,64.0,0.10903304442763329,3.125,0.0,0.0,0.0
239000,0.024094153195619583,0.021996723487973213,0.0018202672945335507,0.7120935916900635,1.0033230781555176,0.6614984273910522,1.0740442276000977,0.40928030014038086,64.0,0.11778019815683365,2.890625,0.0,0.0,0.0
239200,0.0245358943939209,0.022171538323163986,0.003280304605141282,0.931254506111145,1.0074846744537354,0.4329261779785156,1.0745434761047363,0.44484669994562864,64.0,0.10952291389306386,3.09375,0.0,0.0,0.0
239400,0.024971185252070427,0.022610746324062347,0.001859049778431654,0.6490517258644104,1.0022621154785156,0.7840023636817932,1.0716651678085327,0.4853980999905616,64.0,0.10633934910098712,3.046875,0.0,0.0,0.0
239600,0.021109510213136673,0.01997314766049385,0.0016858596354722977,0.8155816197395325,1.002753734588623,0.709271252155304,1.0747075080871582,0.38812949997372925,64.0,0.12211586236953735,2.75,0.0,0.0,0.0
239800,0.024200038984417915,0.021721072494983673,0.0017900674138218164,0.8527358770370483,1.0045348405838013,0.5541731119155884,1.0757789611816406,0.4227185999043286,64.0,0.11822968274354935,2.75,0.0,0.0,0.0
240000,0.02336343564093113,0.021813729777932167,0.0015954422997310758,0.8683587312698364,1.0030827522277832,0.6453655958175659,1.0703798532485962,0.3969338000752032,64.0,0.11360792517662048,2.875,0.0,0.0,0.0
240200,0.02326563186943531,0.020347172394394875,0.002481750212609768,0.9332544803619385,1.0053499937057495,0.6296245455741882,1.0743145942687988,0.44149890006519854,64.0,0.11398639529943466,2.8125,0.0,0.0,0.0
240400,0.02322789840400219,0.02125786803662777,0.0020395275205373764,0.7732421159744263,1.003358244895935,0.6874939799308777,1.0723143815994263,0.43125469982624054,64.0,0.11362047642469406,2.890625,0.0,0.0,0.0
240600,0.024111200124025345,0.021490376442670822,0.0023347288370132446,0.8213418126106262,1.003625512123108,0.5904878377914429,1.0737956762313843,0.47073790011927485,64.0,0.11171891664465268,3.140625,0.0,0.0,0.0
240800,0.0216916985809803,0.02005322091281414,0.0017789253033697605,0.7945809364318848,1.0054309368133545,0.5186757445335388,1.0744763612747192,0.3775547998957336,64.0,0.12245753109455108,2.6875,0.0,0.0,0.0
241000,0.023364122956991196,0.021234972402453423,0.002433035522699356,0.6668529510498047,1.0061383247375488,0.45718830823898315,1.0727092027664185,0.44892029999755323,64.0,0.11740408837795258,2.84375,0.0,0.0,0.0
241200,0.022817183285951614,0.02139667049050331,0.0018318756483495235,0.7170935273170471,1.002820611000061,0.6278651356697083,1.072776436805725,0.40751779987476766,64.0,0.12200035005807877,2.8125,0.0,0.0,0.0
241400,0.023183008655905724,0.021182956174016,0.0017003185348585248,0.8399510383605957,1.002173900604248,0.8247585296630859,1.0705277919769287,0.4185306001454592,64.0,0.11734282821416855,2.921875,0.0,0.0,0.0
241600,0.0237348061054945,0.02233234979212284,0.0021043680608272552,1.2810308933258057,1.0047112703323364,0.6176508665084839,1.0698782205581665,0.43052320019342005,64.0,0.11862013339996338,3.078125,0.0,0.0,0.0
241800,0.023376382887363434,0.020900923758745193,0.0025859507732093334,0.7612599730491638,1.004120945930481,0.694317102432251,1.0743597745895386,0.4468759000301361,64.0,0.11352746188640594,2.890625,0.0,0.0,0.0
242000,0.022379649803042412,0.020754138007760048,0.0016011504922062159,0.9297332763671875,1.00296950340271,0.736879825592041,1.0660347938537598,0.42505180020816624,64.0,0.11898276209831238,2.90625,0.0,0.0,0.0
242200,0.0225465577095747,0.020195553079247475,0.0023002868983894587,0.6015154123306274,1.0072063207626343,0.5030696988105774,1.069592833518982,0.40966979996301234,64.0,0.11813514828681945,2.734375,0.0,0.0,0.0
242400,0.02250281721353531,0.020581867545843124,0.0018024030141532421,0.5518016815185547,1.0028183460235596,0.6775967478752136,1.073827862739563,0.4330135998316109,64.0,0.1209841713309288,2.9375,0.0,0.0,0.0
242600,0.02359086275100708,0.021366631612181664,0.0022444776259362698,0.8323421478271484,1.0032634735107422,0.6577683687210083,1.0723637342453003,0.4772930999752134,64.0,0.11018090943495433,3.171875,0.0,0.0,0.0
242800,0.023391040042042732,0.020994998514652252,0.0022909408435225487,0.7135291695594788,1.0034879446029663,0.6889758110046387,1.0699193477630615,0.4090404000598937,64.0,0.11265947048862775,2.890625,0.0,0.0,0.0
243000,0.0237444918602705,0.02136050909757614,0.0022567983251065016,0.9207388758659363,1.0045548677444458,0.594799280166626,1.074236512184143,0.4294421998783946,64.0,0.11729865074157715,2.796875,0.0,0.0,0.0
243200,0.02431177906692028,0.021947067230939865,0.0033926661126315594,0.6142008304595947,1.0089459419250488,0.31970643997192383,1.0744863748550415,0.4560064000543207,64.0,0.11058054119348526,3.046875,0.0,0.0,0.0
243400,0.023439038544893265,0.020974377170205116,0.001852255780249834,0.8456758856773376,1.003148078918457,0.6283886432647705,1.0735150575637817,0.4589966998901218,64.0,0.11285444969932239,2.984375,0.0,0.0,0.0
243600,0.0224845502525568,0.02068381756544113,0.0019808029755949974,0.9106534123420715,1.0038502216339111,0.7016923427581787,1.073082447052002,0.47723700013011694,64.0,0.12006420344114303,2.9375,0.0,0.0,0.0
243800,0.0222785621881485,0.020219752565026283,0.0020265942439436913,0.942078709602356,1.0056850910186768,0.5136881470680237,1.0741747617721558,0.44358840002678335,64.0,0.11188654725750287,2.921875,0.0,0.0,0.0
244000,0.024466540664434433,0.022359391674399376,0.002491133054718375,0.752126932144165,1.0054752826690674,0.46525850892066956,1.0709882974624634,0.43019960005767643,64.0,0.11237890024979909,2.953125,0.0,0.0,0.0
244200,0.024614401161670685,0.02238885685801506,0.0031717459205538034,1.0221620798110962,1.0051991939544678,0.5618637800216675,1.073062777519226,0.46803719992749393,64.0,0.11267327070236206,3.265625,0.0,0.0,0.0
244400,0.021626869216561317,0.019317159429192543,0.0020096641965210438,0.8005154132843018,1.003694772720337,0.7097952365875244,1.0721254348754883,0.451575200073421,64.0,0.11311372245351474,2.890625,0.0,0.0,0.0
244600,0.023931274190545082,0.022680137306451797,0.0031804617028683424,0.8296736478805542,1.003178596496582,0.6648982763290405,1.072263240814209,0.4642807999625802,64.0,0.11385549604892731,3.390625,0.0,0.0,0.0
244800,0.022147485986351967,0.020792590454220772,0.0018773539923131466,0.7599613666534424,1.0018380880355835,0.820056140422821,1.0719273090362549,0.45628869999200106,64.0,0.11984377056360244,3.109375,0.0,0.0,0.0
245000,0.023328399285674095,0.021502012386918068,0.0023831790313124657,0.857769250869751,1.0039887428283691,0.6242694854736328,1.0753262042999268,0.45927240001037717,64.0,0.11358754017523356,3.125,0.0,0.0,0.0
245200,0.02196701616048813,0.020744938403367996,0.0018407010938972235,0.8576496839523315,1.0022600889205933,0.7446179986000061,1.073502779006958,0.4414777001366019,64.0,0.11552297323942184,2.984375,0.0,0.0,0.0
245400,0.024667153134942055,0.02267400734126568,0.0032102104742079973,1.0876142978668213,1.0056596994400024,0.5594348311424255,1.076570987701416,0.45762620004825294,64.0,0.1214395302037398,3.140625,0.0,0.0,0.0
245600,0.025459760800004005,0.022660108283162117,0.002194521017372608,0.6916462779045105,1.0023479461669922,0.7743633389472961,1.0735628604888916,0.4796935999765992,64.0,0.11232379078865051,3.078125,0.0,0.0,0.0
245800,0.024136515334248543,0.022212035953998566,0.0022826772183179855,0.7497470378875732,1.002747893333435,0.7057468891143799,1.0715612173080444,0.44538679998368025,64.0,0.11714116483926773,3.0,0.0,0.0,0.0
246000,0.023601386696100235,0.020446661859750748,0.0017121140845119953,0.768708348274231,1.0036389827728271,0.6298390626907349,1.073613166809082,0.4373322001192719,64.0,0.10847883919874828,2.921875,0.0,0.0,0.0
246200,0.024031125009059906,0.022404178977012634,0.0020320864859968424,0.7664271593093872,1.0019012689590454,0.8205605745315552,1.0734187364578247,0.4689609999768436,64.0,0.1217690110206604,3.125,0.0,0.0,0.0
246400,0.023916995152831078,0.021776674315333366,0.0023266237694770098,0.7943747043609619,1.004503846168518,0.6053704619407654,1.0684285163879395,0.45752679998986423,64.0,0.10958848893642426,2.984375,0.0,0.0,0.0
246600,0.025013811886310577,0.022643879055976868,0.0030033912044018507,0.6614105105400085,1.007178544998169,0.411503404378891,1.072476863861084,0.45570829999633133,64.0,0.11262534807125728,3.125,0.0,0.0,0.0
246800,0.025890639051795006,0.023001287132501602,0.002346639521420002,0.6326339840888977,1.0051583051681519,0.6225724220275879,1.0741472244262695,0.47054239991120994,64.0,0.10465834821973528,3.203125,0.0,0.0,0.0
247000,0.022908035665750504,0.020676489919424057,0.001763651380315423,0.7647621035575867,1.0042153596878052,0.6186040639877319,1.0755518674850464,0.5275608000811189,64.0,0.11587999140222867,2.859375,0.0,0.0,0.0
247200,0.023070843890309334,0.020758213475346565,0.0022125188261270523,0.7484036684036255,1.0045706033706665,0.6038340330123901,1.0722259283065796,0.4541891000699252,64.0,0.11368188882867496,2.875,0.0,0.0,0.0
247400,0.0225893072783947,0.02022622711956501,0.002058478072285652,0.701947808265686,1.003433346748352,0.717451810836792,1.0740649700164795,0.45104070007801056,64.0,0.11380952596664429,2.875,0.0,0.0,0.0
247600,0.022999200969934464,0.02143651619553566,0.002319376915693283,0.6842966079711914,1.0032637119293213,0.6691089868545532,1.0719890594482422,0.4663092000409961,64.0,0.1247307613492012,2.984375,0.0,0.0,0.0
247800,0.024568021297454834,0.02212699130177498,0.00234589702449739,0.8132363557815552,1.0030503273010254,0.6863277554512024,1.0695065259933472,0.5046240000519902,64.0,0.11030314366022746,3.15625,0.0,0.0,0.0
248000,0.02348049357533455,0.021149441599845886,0.0019790949299931526,0.7892752885818481,1.0034815073013306,0.7301734685897827,1.076938509941101,0.47116509987972677,64.0,0.11579445376992226,3.140625,0.0,0.0,0.0
248200,0.02652941457927227,0.024491338059306145,0.003326617181301117,0.688300371170044,1.0053316354751587,0.5237370133399963,1.07301926612854,0.49291639984585345,64.0,0.11629532650113106,3.265625,0.0,0.0,0.0
248400,0.0232092197984457,0.021231556311249733,0.0021274425089359283,0.7695004343986511,1.0031334161758423,0.6739654541015625,1.071610927581787,0.44234209996648133,64.0,0.1198936089873314,2.984375,0.0,0.0,0.0
248600,0.0225251242518425,0.02106529474258423,0.0020379580091685057,0.6759305596351624,1.003653645515442,0.7304145693778992,1.0716952085494995,0.43174979998730123,64.0,0.11462701708078385,2.921875,0.0,0.0,0.0
248800,0.02542695589363575,0.023350827395915985,0.0029183635488152504,1.228188157081604,1.0035769939422607,0.704232394695282,1.071897029876709,0.4954101999755949,64.0,0.1197551429271698,3.265625,0.0,0.0,0.0
249000,0.023417005315423012,0.021311935037374496,0.0027550661470741034,0.8188921213150024,1.0058928728103638,0.5380616784095764,1.0737330913543701,0.49653650005348027,64.0,0.10932100244930812,2.984375,0.0,0.0,0.0
249200,0.02489941380918026,0.02290182188153267,0.003118532942607999,0.9814983010292053,1.0057605504989624,0.4580172598361969,1.0748560428619385,0.47679740004241467,64.0,0.11125269283850987,3.125,0.0,0.0,0.0
249400,0.023934856057167053,0.022024277597665787,0.0025335794780403376,0.7341853380203247,1.0036815404891968,0.6310458183288574,1.0726282596588135,0.4607710998971015,64.0,0.11581778675317764,3.03125,0.0,0.0,0.0
249600,0.023421403020620346,0.021669818088412285,0.0024952280800789595,0.8021316528320312,1.0035003423690796,0.6907698512077332,1.0699281692504883,0.45962630002759397,64.0,0.1186525026957194,3.078125,0.0,0.0,0.0
249800,0.02302354946732521,0.02043953165411949,0.0022532613947987556,0.660506546497345,1.0029053688049316,0.7542667984962463,1.07356858253479,0.4545952999033034,64.0,0.10798091547829765,2.890625,0.0,0.0,0.0
250000,0.022499242797493935,0.02065333165228367,0.002767600119113922,0.8305568695068359,1.0044631958007812,0.5613221526145935,1.07515549659729,0.47423269995488226,64.0,0.11218927924831708,3.140625,0.0,0.0,0.0
250200,0.023442508652806282,0.02180223912000656,0.0017004443798214197,1.050230860710144,1.0024700164794922,0.7866007089614868,1.0698362588882446,0.45619009993970394,64.0,0.11159292484323184,2.984375,0.0,0.0,0.0
250400,0.02296660654246807,0.021101422607898712,0.0023728162050247192,0.7367428541183472,1.0047855377197266,0.5237798690795898,1.0718542337417603,0.4542622999288142,64.0,0.12546654641628266,3.09375,0.0,0.0,0.0
250600,0.025298820808529854,0.023099400103092194,0.0029614653903990984,0.9265410304069519,1.0051989555358887,0.5867152810096741,1.0717036724090576,0.48366069979965687,64.0,0.11686693131923676,3.359375,0.0,0.0,0.0
250800,0.02289411425590515,0.021784625947475433,0.002183755161240697,0.5966906547546387,1.002563238143921,0.7606090903282166,1.070351004600525,0.49321150011382997,64.0,0.11750118558605512,3.15625,0.0,0.0,0.0
251000,0.023407872766256332,0.021814655512571335,0.002250314923003316,0.7219489812850952,1.0027754306793213,0.6998924016952515,1.0712703466415405,0.4859515998978168,64.0,0.11922143846750259,3.078125,0.0,0.0,0.0
251200,0.024540066719055176,0.022220734506845474,0.001747041940689087,0.5507546067237854,1.0031262636184692,0.7047283053398132,1.0725597143173218,0.43722239998169243,64.0,0.11636604070663452,2.921875,0.0,0.0,0.0
251400,0.024267004802823067,0.021412421017885208,0.001187636167742312,0.8678245544433594,1.0028759241104126,0.7501108050346375,1.0746315717697144,0.44485800014808774,64.0,0.1213767722249031,2.796875,0.0,0.0,0.0
251600,0.02446555532515049,0.022292034700512886,0.0023523459676653147,0.8651798963546753,1.0028446912765503,0.7433726191520691,1.0743589401245117,0.48320660018362105,64.0,0.11598694945375125,3.15625,0.0,0.0,0.0
251800,0.02297842688858509,0.02154107205569744,0.00201603677123785,0.8024464845657349,1.0031280517578125,0.6343079805374146,1.0708847045898438,0.47631199983879924,64.0,0.12250770032405853,3.09375,0.0,0.0,0.0
252000,0.022087419405579567,0.02063760906457901,0.0015019204001873732,1.0950766801834106,1.0033276081085205,0.6697053909301758,1.0752962827682495,0.4448693001177162,64.0,0.11823043351372083,2.859375,0.0,0.0,0.0
252200,0.023539666086435318,0.021824482828378677,0.002219425281509757,0.6872357726097107,1.0036249160766602,0.7190104126930237,1.0712887048721313,0.4929408999159932,64.0,0.10984534273544948,3.171875,0.0,0.0,0.0
252400,0.023742562159895897,0.021068695932626724,0.002849013777449727,1.1020973920822144,1.004480004310608,0.547458827495575,1.0729286670684814,0.45830820011906326,64.0,0.11244777341683705,3.015625,0.0,0.0,0.0
252600,0.021880963817238808,0.020575957372784615,0.0018129824893549085,0.7785676121711731,1.0031390190124512,0.6547729969024658,1.0729317665100098,0.46650180011056364,64.0,0.11884970838824908,3.03125,0.0,0.0,0.0
252800,0.02395782247185707,0.022183366119861603,0.0023408804554492235,0.9759241938591003,1.0065462589263916,0.44203484058380127,1.0694489479064941,0.4690072999801487,64.0,0.1208698347210884,3.0625,0.0,0.0,0.0
253000,0.025453750044107437,0.022299310192465782,0.0021423790603876114,0.635501503944397,1.003176212310791,0.6769891977310181,1.072329044342041,0.470887899864465,64.0,0.11330889537930489,2.953125,0.0,0.0,0.0
253200,0.022585539147257805,0.021044161170721054,0.0018853520741686225,0.6833805441856384,1.006827712059021,0.41628676652908325,1.0683199167251587,0.4423794997856021,64.0,0.1208491489291191,2.828125,0.0,0.0,0.0
253400,0.02347441576421261,0.020311497151851654,0.0025799956638365984,1.1047155857086182,1.0077288150787354,0.5357868075370789,1.0760691165924072,0.45100610004737973,64.0,0.11524439603090286,2.875,0.0,0.0,0.0
253600,0.025574710220098495,0.023465244099497795,0.002911708317697048,0.9071637392044067,1.0032132863998413,0.6700828075408936,1.0748754739761353,0.46475149993784726,64.0,0.12108830362558365,3.109375,0.0,0.0,0.0
253800,0.02561948262155056,0.022940896451473236,0.0023392783477902412,0.7117752432823181,1.0027742385864258,0.7623721957206726,1.0729756355285645,0.48279200005345047,64.0,0.10846841335296631,3.125,0.0,0.0,0.0
254000,0.02307603321969509,0.021972239017486572,0.0021769069135189056,0.9232194423675537,1.0025761127471924,0.6903667449951172,1.07414972782135,0.45557400002144277,64.0,0.11744809150695801,3.078125,0.0,0.0,0.0
254200,0.024238010868430138,0.02264506183564663,0.0021665061358362436,0.717228889465332,1.0028842687606812,0.745759129524231,1.0737364292144775,0.48874029982835054,64.0,0.1214050903916359,3.21875,0.0,0.0,0.0
254400,0.023908210918307304,0.021722126752138138,0.002080925041809678,0.9193480610847473,1.0047162771224976,0.5227683782577515,1.072824239730835,0.4653721998911351,64.0,0.11596515476703644,3.0,0.0,0.0,0.0
254600,0.024048026651144028,0.02178284339606762,0.001963888294994831,1.1190699338912964,1.0063245296478271,0.4828506112098694,1.07518470287323,0.4863317001145333,64.0,0.11811579763889313,3.09375,0.0,0.0,0.0
254800,0.02557557448744774,0.022723644971847534,0.0021785355638712645,0.699390709400177,1.002231478691101,0.7552087306976318,1.0723977088928223,0.4546321998350322,64.0,0.11850443035364151,3.015625,0.0,0.0,0.0
255000,0.022282559424638748,0.02043646015226841,0.0018916933331638575,0.6665116548538208,1.0031049251556396,0.7341065406799316,1.0670690536499023,0.44302080012857914,64.0,0.11694877296686172,2.96875,0.0,0.0,0.0
255200,0.022332461550831795,0.0208914615213871,0.0030783964321017265,0.6566113233566284,1.0077658891677856,0.5044007301330566,1.066831111907959,0.4522716000210494,64.0,0.10774878909190495,2.890625,0.0,0.0,0.0
255400,0.02448979765176773,0.02315637841820717,0.0026772543787956238,0.8155036568641663,1.0035011768341064,0.6469264626502991,1.0759328603744507,0.47304309997707605,64.0,0.11775587499141693,3.0625,0.0,0.0,0.0
255600,0.023677216842770576,0.021510165184736252,0.002035080222412944,0.8131005764007568,1.0034741163253784,0.6191560626029968,1.074633002281189,0.48767670011147857,64.0,0.11355193207661311,3.21875,0.0,0.0,0.0
255800,0.023427000269293785,0.021425092592835426,0.002358024939894676,0.7364403605461121,1.0048295259475708,0.5941810607910156,1.0694217681884766,0.47295459988527,64.0,0.11774868965148926,3.09375,0.0,0.0,0.0
256000,0.02191285789012909,0.019720712676644325,0.0016477076569572091,0.809045135974884,1.0022103786468506,0.7595029473304749,1.0744398832321167,0.46228939993306994,64.0,0.11920226961374283,2.8125,0.0,0.0,0.0
256200,0.022786226123571396,0.020679736509919167,0.0014882641844451427,0.7890183925628662,1.0025365352630615,0.7837886214256287,1.0699363946914673,0.45670210011303425,64.0,0.11048214385906856,2.875,0.0,0.0,0.0
256400,0.021887119859457016,0.02025848999619484,0.0021733338944613934,0.7462193369865417,1.0054614543914795,0.5922543406486511,1.0740212202072144,0.4430428999476135,64.0,0.12308124005794525,2.984375,0.0,0.0,0.0
256600,0.0255946796387434,0.022493993863463402,0.0027428145986050367,0.8282511830329895,1.0064172744750977,0.44755685329437256,1.0743056535720825,0.5052013001404703,64.0,0.10066325323922294,3.046875,0.0,0.0,0.0
256800,0.023795701563358307,0.02141311578452587,0.0018516323762014508,0.732255220413208,1.0031609535217285,0.6612032651901245,1.0685547590255737,0.44111599982716143,64.0,0.1208147220313549,2.921875,0.0,0.0,0.0
257000,0.02310473471879959,0.021854426711797714,0.0021525865886360407,0.6248714923858643,1.0027869939804077,0.7218027114868164,1.0675498247146606,0.466081699822098,64.0,0.11289307475090027,3.1875,0.0,0.0,0.0
257200,0.02293582446873188,0.021106906235218048,0.0020399466156959534,0.6638439297676086,1.0032293796539307,0.6559143662452698,1.0718528032302856,0.4533571999054402,64.0,0.11873078346252441,2.953125,0.0,0.0,0.0
257400,0.022448338568210602,0.020549021661281586,0.002071018097922206,0.8140362501144409,1.0019336938858032,0.7662326693534851,1.0732674598693848,0.4629347000736743,64.0,0.12069497108459473,3.125,0.0,0.0,0.0
257600,0.021724596619606018,0.01973208412528038,0.002191804349422455,0.6867566108703613,1.0038648843765259,0.6382838487625122,1.0751047134399414,0.4705997998826206,64.0,0.11495093628764153,2.984375,0.0,0.0,0.0
257800,0.02264666184782982,0.02051946334540844,0.0019251762423664331,1.0015019178390503,1.002777099609375,0.7530860900878906,1.0746160745620728,0.4706209001597017,64.0,0.12590027352174124,2.796875,0.0,0.0,0.0
258000,0.02349039725959301,0.020941445603966713,0.002116922754794359,0.7833176851272583,1.0053492784500122,0.4978754222393036,1.0748441219329834,0.46284940000623465,64.0,0.11672962084412575,2.890625,0.0,0.0,0.0
258200,0.023736555129289627,0.02107132412493229,0.002400877419859171,1.0535651445388794,1.0028901100158691,0.7532082796096802,1.0749735832214355,0.4383296000305563,64.0,0.11767842248082161,3.03125,0.0,0.0,0.0
258400,0.024125007912516594,0.02227579616010189,0.0021102246828377247,0.7959107160568237,1.002547264099121,0.7288093566894531,1.070391058921814,0.4699820000678301,64.0,0.1099819466471672,3.125,0.0,0.0,0.0
258600,0.023315459489822388,0.020640458911657333,0.0019670117180794477,0.7858014106750488,1.0045225620269775,0.5256677269935608,1.0691732168197632,0.4787737999577075,64.0,0.1071610865848405,2.921875,0.0,0.0,0.0
258800,0.023224681615829468,0.021006813272833824,0.0033033036161214113,0.708271324634552,1.008448839187622,0.45029762387275696,1.0743240118026733,0.4635445000603795,64.0,0.11914560794830323,2.953125,0.0,0.0,0.0
259000,0.023990703746676445,0.021624935790896416,0.002325456589460373,0.7794301509857178,1.0032951831817627,0.6701111197471619,1.0697277784347534,0.4566965999547392,64.0,0.11568811163306236,3.0,0.0,0.0,0.0
259200,0.022844968363642693,0.02022688463330269,0.0020359728951007128,1.0975979566574097,1.0030956268310547,0.7766498327255249,1.0733767747879028,0.45296550006605685,64.0,0.1161875307559967,2.828125,0.0,0.0,0.0
259400,0.023782338947057724,0.021898314356803894,0.0022514706943184137,0.8167194724082947,1.0039068460464478,0.6285732388496399,1.0731122493743896,0.4946955000050366,64.0,0.11461317290862401,3.015625,0.0,0.0,0.0
259600,0.02486559934914112,0.02266055904328823,0.002177686430513859,0.8088909983634949,1.0034281015396118,0.7046775221824646,1.0745505094528198,0.47099020006135106,64.0,0.10891770198941231,3.21875,0.0,0.0,0.0
259800,0.023074155673384666,0.020537007600069046,0.0021969808731228113,0.7788566946983337,1.0044819116592407,0.6412702798843384,1.0729488134384155,0.4267192000988871,64.0,0.11617784351110458,2.78125,0.0,0.0,0.0
260000,0.02414376102387905,0.021675074473023415,0.0026125565636903048,0.7533007860183716,1.0039799213409424,0.6714291572570801,1.0759061574935913,0.4694362001027912,64.0,0.11221139505505562,2.953125,0.0,0.0,0.0
260200,0.022668464109301567,0.020993750542402267,0.002530182944610715,1.0883668661117554,1.0058377981185913,0.4842711389064789,1.0743212699890137,0.46219420013949275,64.0,0.11399468332529068,3.125,0.0,0.0,0.0
260400,0.023514524102211,0.021001119166612625,0.0020659761503338814,0.7221735715866089,1.0052210092544556,0.565414547920227,1.0661885738372803,0.4645802001468837,64.0,0.11366663873195648,2.921875,0.0,0.0,0.0
260600,0.02267998456954956,0.020509056746959686,0.0014733413700014353,0.7198842167854309,1.0023460388183594,0.80243980884552,1.0698778629302979,0.4392875998746604,64.0,0.11647045910358429,2.84375,0.0,0.0,0.0
260800,0.02369161695241928,0.02158815786242485,0.00322221708483994,0.7562347054481506,1.0037524700164795,0.7012528777122498,1.0708646774291992,0.508127500070259,64.0,0.1101598230501016,3.328125,0.0,0.0,0.0
261000,0.02457013539969921,0.02253834530711174,0.002756304806098342,1.065915584564209,1.0044920444488525,0.6814283728599548,1.0730993747711182,0.5022448000963777,64.0,0.10795815714768,3.125,0.0,0.0,0.0
261200,0.022657526656985283,0.02038293145596981,0.0018604625947773457,0.8240536451339722,1.0046905279159546,0.5439146757125854,1.0730249881744385,0.4487304000649601,64.0,0.11218424886465073,2.890625,0.0,0.0,0.0
261400,0.024114804342389107,0.021405380219221115,0.002692393958568573,0.6316556334495544,1.0059993267059326,0.47124361991882324,1.074802279472351,0.47488699993118644,64.0,0.11053381860256195,3.046875,0.0,0.0,0.0
261600,0.024940013885498047,0.022201376035809517,0.0022281117271631956,1.0488932132720947,1.003275752067566,0.723739504814148,1.0696656703948975,0.45692069991491735,64.0,0.1198237493634224,3.0625,0.0,0.0,0.0
261800,0.02475137449800968,0.02259291149675846,0.0036512103397399187,0.8861324191093445,1.0046000480651855,0.653109073638916,1.0755163431167603,0.49626309983432293,64.0,0.1069019300242265,3.3125,0.0,0.0,0.0
262000,0.02283807471394539,0.020547788590192795,0.002774412278085947,0.994968831539154,1.0060803890228271,0.5320190787315369,1.0741896629333496,0.47828150005079806,64.0,0.11414053440093994,3.078125,0.0,0.0,0.0
262200,0.02202136628329754,0.020453160628676414,0.0017085394356399775,0.6647272109985352,1.002510905265808,0.7594737410545349,1.07302987575531,0.45731929992325604,64.0,0.12085502296686172,3.046875,0.0,0.0,0.0
262400,0.023153724148869514,0.020443042740225792,0.0023097300436347723,0.8616514205932617,1.0046128034591675,0.542435884475708,1.0713189840316772,0.44185770000331104,64.0,0.12074986100196838,2.984375,0.0,0.0,0.0
262600,0.023780586197972298,0.021081726998090744,0.0021986751817166805,0.9723541736602783,1.0076758861541748,0.38861900568008423,1.0758260488510132,0.46010960009880364,64.0,0.11422463382283847,2.78125,0.0,0.0,0.0
262800,0.023382989689707756,0.020989011973142624,0.002569221192970872,0.7878794074058533,1.0051594972610474,0.5283721089363098,1.0739535093307495,0.48369799996726215,64.0,0.12152867466211319,3.09375,0.0,0.0,0.0
263000,0.022650299593806267,0.02095906250178814,0.0020620215218514204,0.5812892913818359,1.003340482711792,0.7049939036369324,1.0744848251342773,0.44374029990285635,64.0,0.1131822516520818,2.921875,0.0,0.0,0.0
263200,0.024190176278352737,0.021787673234939575,0.0030457195825874805,0.7564353942871094,1.0073963403701782,0.3949727714061737,1.0756169557571411,0.5162669999990612,64.0,0.10843763926199504,3.171875,0.0,0.0,0.0
263400,0.02371308021247387,0.021676775068044662,0.002222004346549511,0.7146125435829163,1.0027294158935547,0.6569706201553345,1.075141191482544,0.49546529981307685,64.0,0.11377374952038129,3.265625,0.0,0.0,0.0
263600,0.023830166086554527,0.02222413197159767,0.0021920904982835054,0.7273612022399902,1.0031914710998535,0.6503109931945801,1.074783205986023,0.4997495000716299,64.0,0.11609156131744384,3.1875,0.0,0.0,0.0
263800,0.02536609023809433,0.022211825475096703,0.002003162167966366,0.7341432571411133,1.0032426118850708,0.7214013934135437,1.0744831562042236,0.4551711999811232,64.0,0.11031044150392215,2.921875,0.0,0.0,0.0
264000,0.025142649188637733,0.02293502353131771,0.0029808382969349623,1.1311111450195312,1.0033754110336304,0.7705274224281311,1.0728588104248047,0.4821983000729233,64.0,0.1124254750708739,3.171875,0.0,0.0,0.0
264200,0.022305672988295555,0.020837081596255302,0.0028279649559408426,0.7168175578117371,1.009422779083252,0.2935837507247925,1.0739039182662964,0.456858400022611,64.0,0.11370920389890671,2.9375,0.0,0.0,0.0
264400,0.023656858131289482,0.02169041708111763,0.0020558303222060204,0.6409194469451904,1.0033260583877563,0.6175403594970703,1.073132038116455,0.481924100080505,64.0,0.11545363565286,3.0,0.0,0.0,0.0
264600,0.021956436336040497,0.020561855286359787,0.001495350617915392,0.7614710330963135,1.0028258562088013,0.7162721157073975,1.0650393962860107,0.45729719987139106,64.0,0.1160866990685463,2.953125,0.0,0.0,0.0
264800,0.022882407531142235,0.021326491609215736,0.0026028079446405172,0.9113379716873169,1.0037728548049927,0.6773872971534729,1.0707828998565674,0.5336894998326898,64.0,0.11327880372603734,3.03125,0.0,0.0,0.0
265000,0.021600233390927315,0.019509656354784966,0.0016252064378932118,1.399292230606079,1.0045324563980103,0.5713189840316772,1.0704433917999268,0.44408950000070035,64.0,0.12450567483901978,2.875,0.0,0.0,0.0
265200,0.024276159703731537,0.02299658954143524,0.00235228193923831,0.8280035257339478,1.0035604238510132,0.5479820370674133,1.073061466217041,0.4839700001757592,64.0,0.11692680418491364,3.234375,0.0,0.0,0.0
265400,0.022997213527560234,0.020836159586906433,0.0015791656915098429,0.8225753307342529,1.0021940469741821,0.7516372799873352,1.072813868522644,0.4451277998741716,64.0,0.11939619779586792,2.953125,0.0,0.0,0.0
265600,0.024750709533691406,0.02274651639163494,0.002735818736255169,0.8561400175094604,1.004117727279663,0.6702904105186462,1.074175477027893,0.4552172999829054,64.0,0.11620367467403411,3.0,0.0,0.0,0.0
265800,0.02395416982471943,0.02186218649148941,0.0029988561291247606,0.7846100926399231,1.0059843063354492,0.5074506402015686,1.0714566707611084,0.48452920001000166,64.0,0.11461953446269035,3.046875,0.0,0.0,0.0
266000,0.02201491966843605,0.020070815458893776,0.0020873802714049816,0.8626943230628967,1.0038541555404663,0.5752198100090027,1.075191855430603,0.449839600129053,64.0,0.11957638089855512,2.921875,0.0,0.0,0.0
266200,0.023319393396377563,0.021116893738508224,0.0014946887968108058,0.7864160537719727,1.0021892786026,0.8203890919685364,1.0751237869262695,0.4476912000682205,64.0,0.11578633015354474,2.8125,0.0,0.0,0.0
266400,0.022553185001015663,0.02084137685596943,0.0015340471873059869,0.7065717577934265,1.0027238130569458,0.6913688778877258,1.0749109983444214,0.44979580002836883,64.0,0.11918721050024032,2.984375,0.0,0.0,0.0
266600,0.021909834817051888,0.01966315321624279,0.001838170806877315,0.8162167072296143,1.0044384002685547,0.5469268560409546,1.0727390050888062,0.4462129999883473,64.0,0.12201361507177352,2.84375,0.0,0.0,0.0
266800,0.022708211094141006,0.020973775535821915,0.0026527673471719027,0.9378588199615479,1.0045300722122192,0.5993863940238953,1.0718402862548828,0.47065909998491406,64.0,0.11710742264986038,3.078125,0.0,0.0,0.0
267000,0.024364082142710686,0.022328931838274002,0.002087037544697523,0.6659277677536011,1.0025078058242798,0.7998679876327515,1.0721182823181152,0.4710667000617832,64.0,0.11823368196686108,3.125,0.0,0.0,0.0
267200,0.021043457090854645,0.019318101927638054,0.0020953775383532047,0.828970730304718,1.0077077150344849,0.43237751722335815,1.071201205253601,0.44646590016782284,64.0,0.11094224080443382,2.890625,0.0,0.0,0.0
267400,0.025209546089172363,0.023744579404592514,0.003537304699420929,1.0195255279541016,1.0056427717208862,0.5857406854629517,1.07431161403656,0.4973107997793704,64.0,0.11282747611403465,3.265625,0.0,0.0,0.0
267600,0.022756243124604225,0.02152170240879059,0.0016361299203708768,0.9065133333206177,1.0036970376968384,0.6638305187225342,1.070265531539917,0.4462292999960482,64.0,0.12499061971902847,2.921875,0.0,0.0,0.0
267800,0.023884763941168785,0.021642059087753296,0.001942956238053739,0.7573676705360413,1.0034817457199097,0.6300731301307678,1.0710394382476807,0.44407139997929335,64.0,0.12288596779108048,2.953125,0.0,0.0,0.0
268000,0.02216247096657753,0.020427018404006958,0.0016684012953191996,0.767158031463623,1.0024385452270508,0.7246285676956177,1.074483036994934,0.42495020013302565,64.0,0.12345805019140244,2.8125,0.0,0.0,0.0
268200,0.022447887808084488,0.021047111600637436,0.0022350819781422615,0.730872392654419,1.0039708614349365,0.6328997611999512,1.0709770917892456,0.4780395000707358,64.0,0.11949631422758103,3.140625,0.0,0.0,0.0
268400,0.02339528314769268,0.021805092692375183,0.00205830205231905,1.0531373023986816,1.0028656721115112,0.7480143904685974,1.0712013244628906,0.4507402000017464,64.0,0.11927555501461029,3.03125,0.0,0.0,0.0
268600,0.022567041218280792,0.019131597131490707,0.002578756771981716,0.9690375924110413,1.007179856300354,0.43021249771118164,1.0734959840774536,0.43276860006153584,64.0,0.11580965667963028,2.71875,0.0,0.0,0.0
268800,0.023305969312787056,0.02159695513546467,0.0021564592607319355,0.7994794845581055,1.002744436264038,0.7481117248535156,1.0708361864089966,0.4753755999263376,64.0,0.11146581048766772,3.15625,0.0,0.0,0.0
269000,0.023152243345975876,0.021907588467001915,0.0025830736849457026,1.000750184059143,1.0033503770828247,0.7518376111984253,1.0706593990325928,0.49478939990513027,64.0,0.11325124949216843,3.25,0.0,0.0,0.0
269200,0.022630589082837105,0.020517099648714066,0.0018179942853748798,0.8625762462615967,1.003497838973999,0.7325109243392944,1.067888855934143,0.46377249993383884,64.0,0.11109681303302447,2.96875,0.0,0.0,0.0
269400,0.023112159222364426,0.021684767678380013,0.002476927125826478,0.7778294682502747,1.002758264541626,0.7216134667396545,1.0732377767562866,0.46126959985122085,64.0,0.11862175166606903,3.0625,0.0,0.0,0.0
269600,0.024209121242165565,0.02178776264190674,0.0033240909688174725,0.841346025466919,1.0035871267318726,0.7035561800003052,1.0731788873672485,0.5048781998921186,64.0,0.11438920348882675,3.390625,0.0,0.0,0.0
269800,0.021908558905124664,0.02057577297091484,0.0017256175633519888,0.828612208366394,1.0018126964569092,0.8293280005455017,1.0655485391616821,0.4464146001264453,64.0,0.12098128348588943,2.96875,0.0,0.0,0.0
270000,0.023674212396144867,0.021588265895843506,0.0031641090754419565,0.7737271785736084,1.0070486068725586,0.37481269240379333,1.0732821226119995,0.47413260000757873,64.0,0.1110249583919843,3.15625,0.0,0.0,0.0
270200,0.024872969835996628,0.023522406816482544,0.0021875621750950813,0.8232519626617432,1.0028588771820068,0.7304773926734924,1.0709102153778076,0.45512149995192885,64.0,0.11892038136720658,3.0625,0.0,0.0,0.0
270400,0.0224685687571764,0.020497867837548256,0.0017463676631450653,0.6125186681747437,1.0041199922561646,0.5694948434829712,1.0699470043182373,0.43605559994466603,64.0,0.11922597885131836,2.8125,0.0,0.0,0.0
270600,0.02330874465405941,0.021322451531887054,0.0025314672384411097,0.8064953684806824,1.0068906545639038,0.448607861995697,1.0715597867965698,0.47981519997119904,64.0,0.11197654157876968,3.015625,0.0,0.0,0.0
270800,0.02335621975362301,0.021215254440903664,0.0028046127408742905,0.736104428768158,1.0039522647857666,0.6846438050270081,1.0738810300827026,0.5092079001478851,64.0,0.11050776072910853,3.171875,0.0,0.0,0.0
271000,0.02492174319922924,0.02271588146686554,0.0019346694462001324,0.8507715463638306,1.0030405521392822,0.6468064785003662,1.0726170539855957,0.47155799996107817,64.0,0.11787976920604706,3.15625,0.0,0.0,0.0
271200,0.023952310904860497,0.0221615731716156,0.002028359565883875,0.8295771479606628,1.005326747894287,0.5606051683425903,1.0721027851104736,0.46920179994776845,64.0,0.11866859942674637,3.109375,0.0,0.0,0.0
271400,0.022998040542006493,0.020498350262641907,0.001961574424058199,0.7787147164344788,1.0044033527374268,0.5938577651977539,1.0721261501312256,0.4641992999240756,64.0,0.11717626452445984,2.90625,0.0,0.0,0.0
271600,0.022721273824572563,0.021254897117614746,0.0017452016472816467,0.7531033754348755,1.0040826797485352,0.6204957365989685,1.0743037462234497,0.46828039991669357,64.0,0.11258650571107864,3.0625,0.0,0.0,0.0
271800,0.022896667942404747,0.02074567787349224,0.002021343680098653,0.7311561107635498,1.003859281539917,0.5975599884986877,1.073556900024414,0.4503897000104189,64.0,0.11077819392085075,2.859375,0.0,0.0,0.0
272000,0.024210143834352493,0.022465679794549942,0.0023316482547670603,0.7843710780143738,1.0029823780059814,0.7307417392730713,1.0752499103546143,0.4612045001704246,64.0,0.1166105717420578,3.078125,0.0,0.0,0.0
272200,0.022938596084713936,0.02032538503408432,0.001846577157266438,0.6307983994483948,1.0041269063949585,0.640545666217804,1.0754247903823853,0.4419319999869913,64.0,0.10746682311097781,2.875,0.0,0.0,0.0
272400,0.022010821849107742,0.0201721228659153,0.0017147260950878263,0.6236063241958618,1.0038487911224365,0.6358627080917358,1.0725364685058594,0.44421240012161434,64.0,0.1138094129661719,2.75,0.0,0.0,0.0
272600,0.023740636184811592,0.021269463002681732,0.0034796015825122595,1.231001377105713,1.0061595439910889,0.4835250973701477,1.0753685235977173,0.4652975001372397,64.0,0.11613422259688377,3.109375,0.0,0.0,0.0
272800,0.023018553853034973,0.021038027480244637,0.0021284958347678185,0.567337691783905,1.003291368484497,0.7281843423843384,1.0720579624176025,0.48977799993008375,64.0,0.11205883945027988,3.15625,0.0,0.0,0.0
273000,0.022911492735147476,0.02034509740769863,0.0018584536155685782,0.8611246943473816,1.0072875022888184,0.3844802975654602,1.0743286609649658,0.4480331998784095,64.0,0.11224247887730598,2.828125,0.0,0.0,0.0
273200,0.023232853040099144,0.021514352411031723,0.00200127181597054,0.7464708089828491,1.0032120943069458,0.7019810676574707,1.0743393898010254,0.45142300007864833,64.0,0.12286461293697357,3.078125,0.0,0.0,0.0
273400,0.023937596008181572,0.02095029503107071,0.0022610665764659643,0.7607364058494568,1.0029687881469727,0.7670687437057495,1.0740073919296265,0.45543889980763197,64.0,0.11520365501443545,2.96875,0.0,0.0,0.0
273600,0.024000653997063637,0.02201145887374878,0.002913809148594737,0.9027790427207947,1.0040311813354492,0.6377306580543518,1.0745993852615356,0.4698051998857409,64.0,0.12004286497831344,3.109375,0.0,0.0,0.0
273800,0.022602636367082596,0.021131368353962898,0.0018736895872280002,0.8517073392868042,1.0026884078979492,0.7631276845932007,1.0722594261169434,0.4555748999118805,64.0,0.1194942906498909,3.046875,0.0,0.0,0.0
274000,0.022353757172822952,0.020080681890249252,0.0019383339677006006,0.9201950430870056,1.005624771118164,0.6007509827613831,1.0731141567230225,0.43715470004826784,64.0,0.12254909127950668,2.8125,0.0,0.0,0.0
274200,0.02434038743376732,0.021955352276563644,0.002465813420712948,1.1026712656021118,1.00419020652771,0.7030154466629028,1.075373888015747,0.46617519995197654,64.0,0.11006392414371173,2.953125,0.0,0.0,0.0
274400,0.02480863220989704,0.02257692441344261,0.0028956234455108643,0.8002104163169861,1.0023874044418335,0.729686975479126,1.0749930143356323,0.5125205998774618,64.0,0.1152857318520546,3.328125,0.0,0.0,0.0
274600,0.023344840854406357,0.021293487399816513,0.0024721648078411818,0.8326811194419861,1.0035032033920288,0.616294801235199,1.0706734657287598,0.5233067001681775,64.0,0.10904322883912496,3.265625,0.0,0.0,0.0
274800,0.02420908771455288,0.021171988919377327,0.002259175293147564,1.014278531074524,1.0053181648254395,0.4966847598552704,1.074708104133606,0.44209309993311763,64.0,0.12036482691764831,2.96875,0.0,0.0,0.0
275000,0.02264484018087387,0.020517941564321518,0.002176831942051649,0.8263364434242249,1.0034124851226807,0.687075674533844,1.074737310409546,0.46600180002860725,64.0,0.11962803602218627,3.015625,0.0,0.0,0.0
275200,0.024236587807536125,0.022234424948692322,0.0018838250543922186,0.8013646006584167,1.0017902851104736,0.7961344718933105,1.0693682432174683,0.5012436001561582,64.0,0.1126707171400388,3.125,0.0,0.0,0.0
275400,0.023738127201795578,0.021529490128159523,0.0023048995062708855,0.7595690488815308,1.0042437314987183,0.6554604768753052,1.0737226009368896,0.4940194000955671,64.0,0.11317421620090802,2.921875,0.0,0.0,0.0
275600,0.02437489852309227,0.02229142002761364,0.0027466327883303165,0.8383074998855591,1.0048294067382812,0.5334845185279846,1.0733987092971802,0.47254569991491735,64.0,0.11407244354486465,3.0625,0.0,0.0,0.0
275800,0.022291937842965126,0.020726773887872696,0.0021521335002034903,0.7070369720458984,1.005800724029541,0.4338257610797882,1.0731940269470215,0.47029159986414015,64.0,0.12122995257377625,3.03125,0.0,0.0,0.0
276000,0.023497873917222023,0.021375931799411774,0.0019980850629508495,1.0851953029632568,1.0046809911727905,0.5563052296638489,1.0729320049285889,0.4417600000742823,64.0,0.11756875365972519,2.828125,0.0,0.0,0.0
276200,0.02289869636297226,0.020798904821276665,0.0020587206818163395,0.6657412648200989,1.003387451171875,0.6749210357666016,1.0741052627563477,0.46997279999777675,64.0,0.11591780334711074,2.96875,0.0,0.0,0.0
276400,0.02253912389278412,0.020602963864803314,0.0014509494649246335,0.6701599955558777,1.00264310836792,0.7263308167457581,1.0718793869018555,0.425469399895519,64.0,0.11529957751433055,2.890625,0.0,0.0,0.0
276600,0.023255137726664543,0.021165644749999046,0.0017624596366658807,0.7731389999389648,1.0029544830322266,0.7315294742584229,1.0721999406814575,0.41501829982735217,64.0,0.12258230894804001,2.828125,0.0,0.0,0.0
276800,0.022846991196274757,0.021371940150856972,0.002194833243265748,0.8887055516242981,1.0034358501434326,0.6862998008728027,1.0753233432769775,0.4810791998170316,64.0,0.11851405203342438,3.125,0.0,0.0,0.0
277000,0.02286245860159397,0.021378088742494583,0.001859725802205503,0.7040367126464844,1.0020830631256104,0.7489891052246094,1.0738613605499268,0.4704512997996062,64.0,0.11939371824264526,3.125,0.0,0.0,0.0
277200,0.02270815707743168,0.02002546191215515,0.0017327842069789767,0.759028971195221,1.0072053670883179,0.4764256179332733,1.0740805864334106,0.4093847000040114,64.0,0.11826245486736298,2.703125,0.0,0.0,0.0
277400,0.022788550704717636,0.020111417397856712,0.002393966307863593,0.7327104806900024,1.0047250986099243,0.5778262615203857,1.072102427482605,0.4886604999192059,64.0,0.12093149622281392,3.046875,0.0,0.0,0.0
277600,0.023322759196162224,0.02136063762009144,0.002550239907577634,0.8851338624954224,1.00614333152771,0.4538624584674835,1.0744651556015015,0.46007669996470213,64.0,0.11930730193853378,3.171875,0.0,0.0,0.0
277800,0.023022485896945,0.020888006314635277,0.0018351759063079953,0.8761839270591736,1.0042107105255127,0.6610960960388184,1.0752605199813843,0.46813259995542467,64.0,0.11729861920078595,2.96875,0.0,0.0,0.0
278000,0.022965144366025925,0.021122751757502556,0.001685542520135641,0.7553843259811401,1.003706455230713,0.6978268027305603,1.0726581811904907,0.4200975000858307,64.0,0.12170977741479874,2.8125,0.0,0.0,0.0
278200,0.024899158626794815,0.023896198719739914,0.002472563413903117,0.9838639497756958,1.0100319385528564,0.26986566185951233,1.0702990293502808,0.46165680000558496,64.0,0.1142529807984829,3.203125,0.0,0.0,0.0
278400,0.023471537977457047,0.022283650934696198,0.002761476906016469,0.9031999111175537,1.0051121711730957,0.611746609210968,1.072906494140625,0.4783415999263525,64.0,0.11521166563034058,3.109375,0.0,0.0,0.0
278600,0.022956330329179764,0.020929411053657532,0.0017277697334066033,0.6987382173538208,1.0029641389846802,0.6711750030517578,1.0748461484909058,0.41978619992733,64.0,0.1162896990776062,2.859375,0.0,0.0,0.0
278800,0.024332983419299126,0.021977953612804413,0.003129444317892194,0.9489386677742004,1.0034711360931396,0.7739521861076355,1.0733952522277832,0.486043400131166,64.0,0.12003400474786759,3.140625,0.0,0.0,0.0
279000,0.022281289100646973,0.020307812839746475,0.0016744387103244662,0.7512929439544678,1.0025197267532349,0.6885198354721069,1.0710945129394531,0.42135750013403594,64.0,0.12097097188234329,2.796875,0.0,0.0,0.0
279200,0.024169407784938812,0.023074425756931305,0.0020606713369488716,0.6098099946975708,1.0032240152359009,0.7075936198234558,1.0700944662094116,0.46428660000674427,64.0,0.11682331711053848,3.1875,0.0,0.0,0.0
279400,0.02415083907544613,0.021911457180976868,0.0019986096303910017,0.7411414384841919,1.0037896633148193,0.6903355121612549,1.0722841024398804,0.48001480009406805,64.0,0.11449746539195378,3.234375,0.0,0.0,0.0
279600,0.024522054940462112,0.02189207263290882,0.003360125469043851,0.8838536143302917,1.0059118270874023,0.5604898929595947,1.0722215175628662,0.5013455001171678,64.0,0.11050728602068764,3.109375,0.0,0.0,0.0
279800,0.023194238543510437,0.021395614370703697,0.0022853678092360497,0.7721298336982727,1.0033142566680908,0.7259906530380249,1.075396180152893,0.5131959998980165,64.0,0.11523061692714691,3.03125,0.0,0.0,0.0
280000,0.023507455363869667,0.021843990311026573,0.003029339015483856,1.0010204315185547,1.0078916549682617,0.3605584502220154,1.0742433071136475,0.4940184000879526,64.0,0.11216403543949127,3.265625,0.0,0.0,0.0
280200,0.021736420691013336,0.02005639858543873,0.0016695341328158975,0.6733052134513855,1.0030425786972046,0.6504528522491455,1.0727794170379639,0.4795323999132961,64.0,0.11824871897697449,3.03125,0.0,0.0,0.0
280400,0.0229225791990757,0.020717838779091835,0.002448882209137082,0.8195845484733582,1.0054268836975098,0.5507000088691711,1.0716099739074707,0.461957500083372,64.0,0.11477134625116985,2.953125,0.0,0.0,0.0
280600,0.02412388101220131,0.022109344601631165,0.002226489596068859,0.8018897175788879,1.0022395849227905,0.700289785861969,1.072826862335205,0.5049270000308752,64.0,0.11099740614493687,3.296875,0.0,0.0,0.0
280800,0.02321343868970871,0.021193940192461014,0.0023456609342247248,0.9837666749954224,1.0030994415283203,0.7500677108764648,1.0727660655975342,0.5028776000253856,64.0,0.11608216539025307,3.15625,0.0,0.0,0.0
281000,0.023519322276115417,0.02169955149292946,0.0016696148086339235,0.6648219227790833,1.0051988363265991,0.4726482629776001,1.068549394607544,0.4498048999812454,64.0,0.11256892358263333,2.96875,0.0,0.0,0.0
281200,0.024363717064261436,0.022218845784664154,0.0021246271207928658,0.9975137710571289,1.0026239156723022,0.7338486313819885,1.0720683336257935,0.490282200044021,64.0,0.11381508409976959,3.078125,0.0,0.0,0.0
281400,0.02323666587471962,0.021130811423063278,0.002461779396981001,0.9590617418289185,1.0056517124176025,0.5391704440116882,1.0754486322402954,0.4532646001316607,64.0,0.11533106615146001,2.984375,0.0,0.0,0.0
281600,0.023747825995087624,0.0216678474098444,0.002328269649296999,0.799580454826355,1.0040345191955566,0.5581891536712646,1.0729715824127197,0.48843899997882545,64.0,0.11051371941963832,3.0625,0.0,0.0,0.0
281800,0.021535765379667282,0.020109262317419052,0.002220677677541971,0.6986458897590637,1.0090347528457642,0.3088516891002655,1.0734666585922241,0.45099059981293976,64.0,0.12477186620235443,2.953125,0.0,0.0,0.0
282000,0.023175043985247612,0.02089274674654007,0.003195015946403146,0.662047266960144,1.006523847579956,0.4260830283164978,1.074358582496643,0.48241610010154545,64.0,0.11005321145057678,3.109375,0.0,0.0,0.0
282200,0.02282089553773403,0.021001653745770454,0.0017955522052943707,0.6313599348068237,1.003706455230713,0.6336790323257446,1.0750917196273804,0.45164750004187226,64.0,0.12429141700267791,3.015625,0.0,0.0,0.0
282400,0.022921374067664146,0.021641680970788002,0.002049648202955723,0.7422229647636414,1.003198504447937,0.677746057510376,1.0721299648284912,0.48065820010378957,64.0,0.12024713009595871,3.0625,0.0,0.0,0.0
282600,0.022179393097758293,0.020348621532320976,0.0021420607808977365,0.7011893391609192,1.0042294263839722,0.5961939096450806,1.0729838609695435,0.4740260001271963,64.0,0.10960345715284348,3.015625,0.0,0.0,0.0
282800,0.021858341991901398,0.019661372527480125,0.0014483107952401042,0.7536341547966003,1.0030261278152466,0.6866722106933594,1.07230544090271,0.4293333999812603,64.0,0.11655306220054626,2.640625,0.0,0.0,0.0
283000,0.022880475968122482,0.021216079592704773,0.00242305314168334,0.9820274710655212,1.0042942762374878,0.5373825430870056,1.0756274461746216,0.44024819997139275,64.0,0.1210563451051712,3.078125,0.0,0.0,0.0
283200,0.02423744648694992,0.022291550412774086,0.0029300041496753693,0.6883093118667603,1.003556489944458,0.6933222413063049,1.0747706890106201,0.4693396999500692,64.0,0.11886234134435654,3.109375,0.0,0.0,0.0
283400,0.02322300709784031,0.02110554650425911,0.0026218986604362726,0.7097626328468323,1.0038601160049438,0.6168126463890076,1.0742671489715576,0.5001509999856353,64.0,0.11309917892018954,3.1875,0.0,0.0,0.0
283600,0.022984812036156654,0.021263103932142258,0.0017168625490739942,0.7249228358268738,1.003296136856079,0.5846143364906311,1.0751030445098877,0.43363860016688704,64.0,0.12461511790752411,2.9375,0.0,0.0,0.0
283800,0.022936619818210602,0.02119671180844307,0.0022346090991050005,0.7288092970848083,1.0078409910202026,0.34146854281425476,1.0714839696884155,0.43780519999563694,64.0,0.11620637327432633,2.953125,0.0,0.0,0.0
284000,0.02421143651008606,0.021344013512134552,0.0022739400155842304,0.6963566541671753,1.0062627792358398,0.44392716884613037,1.0736793279647827,0.472420800011605,64.0,0.11560803055763244,3.015625,0.0,0.0,0.0
284200,0.022314947098493576,0.021144922822713852,0.0015746610006317496,0.5994567275047302,1.0030500888824463,0.6794635653495789,1.075344204902649,0.4472123999148607,64.0,0.12257221043109894,2.9375,0.0,0.0,0.0
284400,0.022830955684185028,0.02087004855275154,0.0016161800595000386,0.7252706289291382,1.0043307542800903,0.5277172923088074,1.074344277381897,0.4530564001761377,64.0,0.12064567506313324,2.96875,0.0,0.0,0.0
284600,0.023453697562217712,0.02148909494280815,0.002250133780762553,0.7858092188835144,1.00417959690094,0.5995359420776367,1.0734769105911255,0.4428642999846488,64.0,0.11009482045968373,2.984375,0.0,0.0,0.0
284800,0.020916147157549858,0.019368214532732964,0.002031905809417367,0.7064943909645081,1.0045807361602783,0.5741018652915955,1.0736395120620728,0.4469700001645833,64.0,0.11997683048248291,2.8125,0.0,0.0,0.0
285000,0.02192641794681549,0.020434290170669556,0.0016874107532203197,0.7447013258934021,1.0069576501846313,0.4460955262184143,1.0687037706375122,0.4267567000351846,64.0,0.12354545891284943,2.75,0.0,0.0,0.0
285200,0.02135348506271839,0.01918693631887436,0.0018677067710086703,0.6532348990440369,1.0059949159622192,0.3973095417022705,1.0724799633026123,0.441762899979949,64.0,0.1049495158450944,2.8125,0.0,0.0,0.0
285400,0.024453451856970787,0.0214786808937788,0.00239495444111526,0.947444498538971,1.0051370859146118,0.5269079804420471,1.0742220878601074,0.4516103998757899,64.0,0.10662032787998517,2.921875,0.0,0.0,0.0
285600,0.02156808227300644,0.019325636327266693,0.0014044796116650105,1.131629467010498,1.004075527191162,0.6372700929641724,1.0749502182006836,0.4344762999098748,64.0,0.10963007807731628,2.734375,0.0,0.0,0.0
285800,0.021963749080896378,0.020472919568419456,0.0016552913002669811,0.6563548445701599,1.002345323562622,0.6820935606956482,1.0741064548492432,0.473891899921,64.0,0.11383603637417157,3.015625,0.0,0.0,0.0
286000,0.023174235597252846,0.02069287933409214,0.0020703384652733803,0.9765869975090027,1.0062965154647827,0.4155990779399872,1.0727524757385254,0.490165599854663,64.0,0.11740922182798386,3.015625,0.0,0.0,0.0
286200,0.02355276048183441,0.02191924676299095,0.0020687340293079615,0.8916770219802856,1.003472089767456,0.6624873876571655,1.0715349912643433,0.5034443000331521,64.0,0.1076882854104042,3.109375,0.0,0.0,0.0
286400,0.024158354848623276,0.02214958332479,0.0026113903149962425,0.7920284271240234,1.0033881664276123,0.7300936579704285,1.072096824645996,0.49017539992928505,64.0,0.11398017530639966,3.21875,0.0,0.0,0.0
286600,0.02452545054256916,0.02216123789548874,0.002477452624589205,0.8031448721885681,1.0039068460464478,0.5713497996330261,1.0747649669647217,0.4981821998953819,64.0,0.11915669838587443,3.140625,0.0,0.0,0.0
286800,0.021931326016783714,0.02052740752696991,0.001938341767527163,0.7412594556808472,1.0033903121948242,0.6564130187034607,1.074410080909729,0.4457157999277115,64.0,0.12769075483083725,2.90625,0.0,0.0,0.0
287000,0.022954335436224937,0.020986013114452362,0.002349198330193758,0.8511372804641724,1.004343032836914,0.5877708196640015,1.0748021602630615,0.45028229989111423,64.0,0.11908947676420212,3.015625,0.0,0.0,0.0
287200,0.02185954712331295,0.020405979827046394,0.0016174697084352374,0.7112926244735718,1.002203106880188,0.7575188279151917,1.0713305473327637,0.4555816000793129,64.0,0.11542491465806962,3.015625,0.0,0.0,0.0
287400,0.023420890793204308,0.021015729755163193,0.0019209211459383368,0.6586424708366394,1.0030940771102905,0.6555949449539185,1.067291498184204,0.4573380001820624,64.0,0.11860225846370061,2.984375,0.0,0.0,0.0
287600,0.023363778367638588,0.021014824509620667,0.00250252871774137,0.9232450127601624,1.003705620765686,0.7418270111083984,1.07367742061615,0.5017615000251681,64.0,0.11315686504046123,2.96875,0.0,0.0,0.0
287800,0.0234228428453207,0.02140616439282894,0.0024164707865566015,0.6630454659461975,1.0038853883743286,0.6755474805831909,1.0730466842651367,0.49357450008392334,64.0,0.1173456038037936,3.109375,0.0,0.0,0.0
288000,0.022663136944174767,0.02057144045829773,0.0018594483844935894,0.5737755298614502,1.005480170249939,0.5519638657569885,1.0735543966293335,0.4610470999032259,64.0,0.11432388052344322,2.890625,0.0,0.0,0.0
288200,0.02245481126010418,0.020310496911406517,0.003926567733287811,0.7824923396110535,1.0054900646209717,0.5417822599411011,1.075718641281128,0.4660272002220154,64.0,0.1131431981921196,3.046875,0.0,0.0,0.0
288400,0.023597290739417076,0.02144833654165268,0.002569695236161351,0.6253382563591003,1.0033742189407349,0.6572007536888123,1.0761783123016357,0.49626930011436343,64.0,0.1140349917113781,3.109375,0.0,0.0,0.0
288600,0.02479417994618416,0.02220912091434002,0.0019114704336971045,0.8260238170623779,1.004341959953308,0.5387289524078369,1.0730818510055542,0.4520614000502974,64.0,0.1190294623374939,2.953125,0.0,0.0,0.0
288800,0.022564178332686424,0.02045033685863018,0.0024464288726449013,0.8193943500518799,1.0035661458969116,0.6888132691383362,1.0718327760696411,0.4810036001726985,64.0,0.12072299718856812,3.03125,0.0,0.0,0.0
289000,0.022191382944583893,0.019988054409623146,0.001798656303435564,0.6118116974830627,1.006258487701416,0.4771391749382019,1.0740461349487305,0.4577301999088377,64.0,0.11359726016720136,2.84375,0.0,0.0,0.0
289200,0.022484656423330307,0.020753363147377968,0.001699616084806621,0.5434057712554932,1.0023878812789917,0.7189181447029114,1.070708990097046,0.4470567998941988,64.0,0.11833949983119965,2.921875,0.0,0.0,0.0
289400,0.02298509143292904,0.020790699869394302,0.002410403685644269,1.6824084520339966,1.0072526931762695,0.43057000637054443,1.07540762424469,0.5028897000011057,64.0,0.11403738831480344,3.09375,0.0,0.0,0.0
289600,0.022037837654352188,0.020024219527840614,0.0016784750623628497,0.6079694628715515,1.0064409971237183,0.4375823438167572,1.0690374374389648,0.45762740005739033,64.0,0.11081928759813309,2.71875,0.0,0.0,0.0
289800,0.022810136899352074,0.021010609343647957,0.0026215265970677137,0.7998497486114502,1.0060691833496094,0.5175075531005859,1.0709314346313477,0.44287260016426444,64.0,0.12224365770816803,2.890625,0.0,0.0,0.0
290000,0.023243805393576622,0.02134431153535843,0.0019627856090664864,0.8610386252403259,1.0033372640609741,0.6888940930366516,1.0720309019088745,0.5022462999913841,64.0,0.11232993255058925,3.15625,0.0,0.0,0.0
290200,0.02389664389193058,0.0212582778185606,0.002100851386785507,0.8953865766525269,1.0032562017440796,0.6497395038604736,1.0714666843414307,0.5004801999311894,64.0,0.10371630545705557,2.984375,0.0,0.0,0.0
290400,0.024632468819618225,0.02246999181807041,0.0020510659087449312,0.7889438271522522,1.0035563707351685,0.7289817929267883,1.0748071670532227,0.475461799884215,64.0,0.1109740287065506,3.015625,0.0,0.0,0.0
290600,0.026052365079522133,0.023618992418050766,0.0022209896706044674,0.7890620827674866,1.0026187896728516,0.7759798169136047,1.0724183320999146,0.4997922999318689,64.0,0.11516693110267322,3.203125,0.0,0.0,0.0
290800,0.022067448124289513,0.02030273526906967,0.002146660815924406,0.7431298494338989,1.0030686855316162,0.7184929847717285,1.0738775730133057,0.45180820021778345,64.0,0.12297343015670777,2.9375,0.0,0.0,0.0
291000,0.023454397916793823,0.021526139229536057,0.002204091288149357,0.7532753348350525,1.0027467012405396,0.7680041193962097,1.0727710723876953,0.4785407001618296,64.0,0.12121138473351796,3.15625,0.0,0.0,0.0
291200,0.023537928238511086,0.021166985854506493,0.002157808281481266,0.9324459433555603,1.0027484893798828,0.689510703086853,1.0718389749526978,0.4719944999087602,64.0,0.11202061797181766,3.109375,0.0,0.0,0.0
291400,0.023161232471466064,0.021229609847068787,0.0022988575510680676,0.8979673385620117,1.0027207136154175,0.7646948099136353,1.0731778144836426,0.45662529999390244,64.0,0.1197669083873431,3.015625,0.0,0.0,0.0
291600,0.023679213598370552,0.02260325476527214,0.002395262708887458,0.8175898194313049,1.0037652254104614,0.6728463172912598,1.071834921836853,0.48982089990749955,64.0,0.11585198044776916,3.09375,0.0,0.0,0.0
291800,0.02307923510670662,0.021563377231359482,0.0022297301329672337,0.781015932559967,1.001962423324585,0.7505717873573303,1.0745823383331299,0.524130699923262,64.0,0.11296125004688899,3.25,0.0,0.0,0.0
292000,0.02481280080974102,0.02245922200381756,0.002530043013393879,0.7741507291793823,1.0045220851898193,0.6244721412658691,1.0724154710769653,0.47753849998116493,64.0,0.11199513201912244,3.046875,0.0,0.0,0.0
292200,0.023218287155032158,0.021350113674998283,0.002194017171859741,0.9240118861198425,1.003093957901001,0.7205795645713806,1.0726568698883057,0.45131770009174943,64.0,0.11904826611280442,2.984375,0.0,0.0,0.0
292400,0.02342280000448227,0.02153332717716694,0.0029972929041832685,1.0684335231781006,1.0067403316497803,0.4670470356941223,1.075578212738037,0.465806300053373,64.0,0.11698998759190242,3.015625,0.0,0.0,0.0
292600,0.023452620953321457,0.02111808955669403,0.0022149067372083664,0.9902979731559753,1.0090991258621216,0.32675930857658386,1.076169490814209,0.4683775999583304,64.0,0.11125468711058299,3.03125,0.0,0.0,0.0
292800,0.025361809879541397,0.023016827180981636,0.0034897385630756617,0.8910868167877197,1.0039485692977905,0.5709788203239441,1.0744080543518066,0.5014698000159115,64.0,0.11181567502873284,3.140625,0.0,0.0,0.0
293000,0.022853348404169083,0.020954519510269165,0.0015701808733865619,0.7076954245567322,1.0035792589187622,0.6443317532539368,1.069310188293457,0.46674940013326705,64.0,0.11917330622673035,2.890625,0.0,0.0,0.0
293200,0.023831604048609734,0.021552568301558495,0.001848106738179922,0.83028244972229,1.0038871765136719,0.6652719974517822,1.0731703042984009,0.46669390005990863,64.0,0.12056394666433334,2.953125,0.0,0.0,0.0
293400,0.023311642929911613,0.021412255242466927,0.0020669912919402122,0.7374283075332642,1.0048223733901978,0.5726814866065979,1.0741058588027954,0.44979469990357757,64.0,0.11909210383892059,2.859375,0.0,0.0,0.0
293600,0.022563699632883072,0.021024614572525024,0.0030521489679813385,0.6443704962730408,1.004713773727417,0.5837467908859253,1.0718885660171509,0.48367220000363886,64.0,0.11603320837020874,3.171875,0.0,0.0,0.0
293800,0.024717742577195168,0.021659957244992256,0.0026656584814190865,1.117544412612915,1.0056530237197876,0.5018630623817444,1.0753142833709717,0.49692349997349083,64.0,0.11804639548063278,3.0,0.0,0.0,0.0
294000,0.022503677755594254,0.02121242694556713,0.0018320238450542092,0.7223947048187256,1.002644419670105,0.6479061841964722,1.0706499814987183,0.5063467998988926,64.0,0.12037260085344315,3.0625,0.0,0.0,0.0
294200,0.022938568145036697,0.020886054262518883,0.002718825824558735,0.8047948479652405,1.008363127708435,0.33263465762138367,1.0754880905151367,0.4796862001530826,64.0,0.12077942341566086,3.015625,0.0,0.0,0.0
294400,0.02456214651465416,0.022214945405721664,0.0025714437942951918,0.7607653141021729,1.0028318166732788,0.7672230005264282,1.073520541191101,0.4796654998790473,64.0,0.10964156314730644,3.21875,0.0,0.0,0.0
294600,0.023449596017599106,0.02156839147210121,0.0026374217122793198,0.8549680709838867,1.0050649642944336,0.556863009929657,1.0703396797180176,0.4599975999444723,64.0,0.11595890919367473,3.03125,0.0,0.0,0.0
294800,0.024782253429293633,0.022723514586687088,0.004035130143165588,0.6049525141716003,1.0171165466308594,0.155015766620636,1.075434923171997,0.4786869001109153,64.0,0.11357160160938899,2.984375,0.0,0.0,0.0
295000,0.02473527193069458,0.02203684113919735,0.004613248631358147,0.8934767246246338,1.0106170177459717,0.3843386471271515,1.0766112804412842,0.49901609984226525,64.0,0.10945949597018105,3.140625,0.0,0.0,0.0
295200,0.022987375035881996,0.02101232297718525,0.0024110961239784956,0.5514197945594788,1.002864122390747,0.7625628709793091,1.070460319519043,0.49019799986854196,64.0,0.11742992326617241,3.03125,0.0,0.0,0.0
295400,0.023463614284992218,0.02146521583199501,0.0020368786063045263,1.0355652570724487,1.0038021802902222,0.6692072749137878,1.0751243829727173,0.5030836001969874,64.0,0.11322532147169113,3.078125,0.0,0.0,0.0
295600,0.02498573809862137,0.02193361520767212,0.002061727223917842,0.7154107689857483,1.003402829170227,0.7049784064292908,1.0729185342788696,0.49289600015617907,64.0,0.112415611743927,2.984375,0.0,0.0,0.0
295800,0.025045739486813545,0.02296583727002144,0.0023193114902824163,0.8184528946876526,1.0031259059906006,0.7438226342201233,1.0698614120483398,0.501218699850142,64.0,0.12034410362442334,3.09375,0.0,0.0,0.0
296000,0.022461626678705215,0.020488280802965164,0.0020413892343640327,0.8189959526062012,1.0045616626739502,0.549701988697052,1.0729340314865112,0.4723236998543143,64.0,0.1130385013918082,2.953125,0.0,0.0,0.0
296200,0.02288699708878994,0.02051626332104206,0.002724554156884551,0.8608279824256897,1.0053867101669312,0.4492362439632416,1.0737488269805908,0.46698110015131533,64.0,0.12097423523664474,3.03125,0.0,0.0,0.0
296400,0.02140439674258232,0.018934395164251328,0.0017952413763850927,0.7772813439369202,1.003280758857727,0.7222177386283875,1.0748041868209839,0.478330000070855,64.0,0.11960934475064278,2.8125,0.0,0.0,0.0
296600,0.02371250092983246,0.02153514139354229,0.002046066801995039,1.0513759851455688,1.0022804737091064,0.777032196521759,1.0723451375961304,0.4739339000079781,64.0,0.11040525510907173,3.0625,0.0,0.0,0.0
296800,0.02333727665245533,0.0204793531447649,0.0019894682336598635,0.6556381583213806,1.0035597085952759,0.6148905754089355,1.0753116607666016,0.5004265001043677,64.0,0.11480605478088061,3.125,0.0,0.0,0.0
297000,0.023377053439617157,0.021035725250840187,0.002145185135304928,0.8763824105262756,1.0047305822372437,0.5619886517524719,1.076263189315796,0.4585321999620646,64.0,0.1191116285820802,2.859375,0.0,0.0,0.0
297200,0.02400791086256504,0.021636418998241425,0.0024520065635442734,0.8551295399665833,1.0034124851226807,0.6963887214660645,1.0700708627700806,0.4728572000749409,64.0,0.12139552533626556,3.015625,0.0,0.0,0.0
297400,0.023791547864675522,0.022766221314668655,0.002343523083254695,0.7153148055076599,1.0052711963653564,0.47063055634498596,1.070418119430542,0.49030119995586574,64.0,0.11114912728468578,3.171875,0.0,0.0,0.0
297600,0.025087416172027588,0.022276993840932846,0.002988742431625724,0.759440004825592,1.0031101703643799,0.7385576367378235,1.0712999105453491,0.4898130998481065,64.0,0.10954182346661885,3.109375,0.0,0.0,0.0
297800,0.02213839441537857,0.02052539587020874,0.002448083134368062,0.8368988037109375,1.0045759677886963,0.5458820462226868,1.0744473934173584,0.5008823999669403,64.0,0.11220853899916013,3.171875,0.0,0.0,0.0
298000,0.022951172664761543,0.02110437862575054,0.0017619648715481162,0.5519669651985168,1.0022190809249878,0.7639028429985046,1.0729830265045166,0.46241299994289875,64.0,0.12372441589832306,3.015625,0.0,0.0,0.0
298200,0.023478498682379723,0.021834328770637512,0.002086819149553776,0.5704660415649414,1.0037882328033447,0.6526175737380981,1.0681192874908447,0.471661499934271,64.0,0.11505308126409848,2.96875,0.0,0.0,0.0
298400,0.021957172080874443,0.019258080050349236,0.001351812737993896,0.7573077082633972,1.003267765045166,0.6718597412109375,1.0742218494415283,0.42345259990543127,64.0,0.12116790190339088,2.703125,0.0,0.0,0.0
298600,0.02012573555111885,0.01833558827638626,0.0013108397834002972,0.5229354500770569,1.0036745071411133,0.6848984360694885,1.0729683637619019,0.4231068000663072,64.0,0.12401219010353089,2.671875,0.0,0.0,0.0
298800,0.023844154551625252,0.021691877394914627,0.0014600887661799788,0.8096733093261719,1.0027402639389038,0.682622492313385,1.0727814435958862,0.42880110000260174,64.0,0.12030490239461263,2.875,0.0,0.0,0.0
299000,0.025064589455723763,0.023220164701342583,0.0023847247939556837,0.7747781276702881,1.002103328704834,0.799565315246582,1.0680795907974243,0.5099493998568505,64.0,0.11880702972412109,3.3125,0.0,0.0,0.0
299200,0.02335110679268837,0.021169232204556465,0.0021264671813696623,0.7940542697906494,1.0033749341964722,0.7563666701316833,1.0743238925933838,0.4790526998694986,64.0,0.12055933624505996,2.984375,0.0,0.0,0.0
299400,0.021564112976193428,0.020005404949188232,0.0017066241707652807,1.3104021549224854,1.0056596994400024,0.503136396408081,1.0729362964630127,0.4781736000441015,64.0,0.12157308459281921,3.03125,0.0,0.0,0.0
299600,0.02425566501915455,0.021648328751325607,0.002257346408441663,1.3718585968017578,1.0062049627304077,0.4897179901599884,1.074954628944397,0.5097254998981953,64.0,0.11269366989533107,3.046875,0.0,0.0,0.0
299800,0.02275899238884449,0.020691122859716415,0.0016839036252349615,0.9640029072761536,1.003875970840454,0.6917661428451538,1.0731825828552246,0.41940000001341105,64.0,0.1212753638625145,2.765625,0.0,0.0,0.0
300000,0.023652056232094765,0.021068014204502106,0.0025460580363869667,1.0396273136138916,1.0038951635360718,0.6103575825691223,1.0735769271850586,0.5062339999713004,64.0,0.10698287827627999,3.140625,0.0,0.0,0.0
300200,0.022814681753516197,0.021071581169962883,0.002114047296345234,0.6791452765464783,1.001953363418579,0.7870405912399292,1.07047438621521,0.4924564000684768,64.0,0.11840444803237915,3.125,0.0,0.0,0.0
300400,0.02205945923924446,0.02024686709046364,0.0015607064124196768,0.7070690989494324,1.002579689025879,0.7525790929794312,1.073641300201416,0.4386603001039475,64.0,0.12103870362043381,2.78125,0.0,0.0,0.0
300600,0.024098413065075874,0.021673014387488365,0.002138848416507244,0.807565450668335,1.0053339004516602,0.511275053024292,1.0758734941482544,0.47913059988059103,64.0,0.11921501532196999,2.984375,0.0,0.0,0.0
300800,0.023137439042329788,0.021377291530370712,0.0017558381659910083,0.6643407344818115,1.001920461654663,0.8136242628097534,1.0713309049606323,0.48135290015488863,64.0,0.11837061047554016,3.125,0.0,0.0,0.0
301000,0.02379930205643177,0.021666038781404495,0.0017871049931272864,0.4401414096355438,1.0041831731796265,0.6529327034950256,1.068535327911377,0.46257480001077056,64.0,0.12374584500988324,2.984375,0.0,0.0,0.0
301200,0.024117542430758476,0.0223714429885149,0.0020365770906209946,0.9322460889816284,1.0085499286651611,0.3395982086658478,1.072831630706787,0.47677730000577867,64.0,0.11737323428193729,2.953125,0.0,0.0,0.0
301400,0.023342793807387352,0.021767720580101013,0.00207709101960063,0.7053744792938232,1.0033124685287476,0.6250947117805481,1.06935453414917,0.4757138001732528,64.0,0.12286274880170822,3.15625,0.0,0.0,0.0
301600,0.02424628660082817,0.021949101239442825,0.002795627573505044,0.774715781211853,1.0056763887405396,0.5180890560150146,1.072295904159546,0.5062360998708755,64.0,0.11903363913297653,3.140625,0.0,0.0,0.0
301800,0.02402338758111,0.022379450500011444,0.002489055274054408,0.8800615668296814,1.0037763118743896,0.6212353110313416,1.071271538734436,0.5038407000247389,64.0,0.1252411872148514,3.28125,0.0,0.0,0.0
302000,0.0216201301664114,0.020163778215646744,0.0014749252004548907,0.6798216700553894,1.0013211965560913,0.8311324715614319,1.066463589668274,0.46627949993126094,64.0,0.11473694890737533,3.046875,0.0,0.0,0.0
302200,0.020773032680153847,0.019959691911935806,0.001875735237263143,0.7860055565834045,1.0028772354125977,0.6877102255821228,1.0712528228759766,0.44681600015610456,64.0,0.12576292753219603,2.96875,0.0,0.0,0.0
302400,0.02289845049381256,0.02034330554306507,0.002058175625279546,0.6893474459648132,1.0033401250839233,0.7311378717422485,1.0724170207977295,0.5074847000651062,64.0,0.11752165555953979,3.140625,0.0,0.0,0.0
302600,0.023055795580148697,0.020667357370257378,0.001833959948271513,0.9369990825653076,1.003552794456482,0.6737045645713806,1.0753471851348877,0.4784226999618113,64.0,0.11711205666263898,2.953125,0.0,0.0,0.0
302800,0.02209295704960823,0.020540563389658928,0.0016905255615711212,0.8885493278503418,1.0022612810134888,0.705564022064209,1.0728198289871216,0.4594381998758763,64.0,0.1195823147892952,2.96875,0.0,0.0,0.0
303000,0.022350747138261795,0.020667754113674164,0.0018975581042468548,0.7660667896270752,1.0034393072128296,0.6667096018791199,1.0678154230117798,0.4884260999970138,64.0,0.1118054911494255,3.125,0.0,0.0,0.0
303200,0.02484106458723545,0.022284939885139465,0.001982693560421467,0.6333339214324951,1.0044052600860596,0.5827072262763977,1.0742050409317017,0.4475338999181986,64.0,0.1218180313706398,2.921875,0.0,0.0,0.0
303400,0.02367103472352028,0.021139364689588547,0.0030900801066309214,0.5259969830513,1.0085996389389038,0.34557995200157166,1.0748099088668823,0.48835190013051033,64.0,0.1182673027118047,3.109375,0.0,0.0,0.0
303600,0.021692005917429924,0.020295051857829094,0.00142352853436023,0.6314905881881714,1.0047144889831543,0.5133343935012817,1.070207953453064,0.4230726999230683,64.0,0.12283696383237838,2.765625,0.0,0.0,0.0
303800,0.021042507141828537,0.018632519990205765,0.0015225143870338798,0.7492899298667908,1.0031161308288574,0.7344732880592346,1.0732181072235107,0.4157398999668658,64.0,0.1242771491408348,2.8125,0.0,0.0,0.0
304000,0.022945689037442207,0.021606262773275375,0.002564022084698081,0.7295359373092651,1.0049240589141846,0.5656505227088928,1.0749093294143677,0.4731995000038296,64.0,0.11792630255222321,3.03125,0.0,0.0,0.0
304200,0.023297077044844627,0.021099455654621124,0.0024879907723516226,0.7702547907829285,1.002698302268982,0.6800517439842224,1.0757027864456177,0.5080933999270201,64.0,0.11241761098305385,3.203125,0.0,0.0,0.0
304400,0.023141225799918175,0.02133524790406227,0.0018770508468151093,0.7457637786865234,1.0031224489212036,0.7271796464920044,1.068973183631897,0.47792860004119575,64.0,0.11936910003423691,2.96875,0.0,0.0,0.0
304600,0.023508667945861816,0.021033888682723045,0.0017360200872644782,1.03992760181427,1.0041959285736084,0.6743110418319702,1.0716793537139893,0.45100490003824234,64.0,0.11573470383882523,2.953125,0.0,0.0,0.0
304800,0.02367098443210125,0.021578261628746986,0.0017809553537517786,0.5828007459640503,1.00301992893219,0.688823938369751,1.0721633434295654,0.47256170003674924,64.0,0.11974870711565018,2.921875,0.0,0.0,0.0
305000,0.024998215958476067,0.02237306721508503,0.0019016521982848644,0.6234666705131531,1.0035136938095093,0.6272761225700378,1.074170708656311,0.48907340015284717,64.0,0.11333778997262318,3.0,0.0,0.0,0.0
305200,0.02423657663166523,0.021930353716015816,0.0021373708732426167,0.8314265012741089,1.0030455589294434,0.7802831530570984,1.0710138082504272,0.49961769999936223,64.0,0.11694684500495593,3.03125,0.0,0.0,0.0
305400,0.02365993522107601,0.02197873778641224,0.0025084244552999735,0.8529788255691528,1.0041247606277466,0.584124743938446,1.0744218826293945,0.48384130001068115,64.0,0.11188558340072632,3.046875,0.0,0.0,0.0
305600,0.02282075211405754,0.020939107984304428,0.0020959118846803904,0.5727384686470032,1.0024855136871338,0.7319302558898926,1.0766242742538452,0.4491334999911487,64.0,0.12024378329515457,2.96875,0.0,0.0,0.0
305800,0.02198333479464054,0.0202900692820549,0.0018719788640737534,0.8702107071876526,1.0042169094085693,0.5768280029296875,1.075369119644165,0.4888224999886006,64.0,0.11848676328857739,2.9375,0.0,0.0,0.0
306000,0.021936196833848953,0.020302414894104004,0.0018204754451289773,0.8315860629081726,1.0066444873809814,0.3967517912387848,1.065769076347351,0.433946100063622,64.0,0.11976910531520843,2.890625,0.0,0.0,0.0
306200,0.02301901765167713,0.02096240408718586,0.002078102668747306,0.6290494203567505,1.0044447183609009,0.5683518052101135,1.0757534503936768,0.4895453001372516,64.0,0.1166456254820029,2.984375,0.0,0.0,0.0
306400,0.023051373660564423,0.020756686106324196,0.0026359029579907656,0.8887896537780762,1.0049867630004883,0.5868310332298279,1.0688533782958984,0.47320590005256236,64.0,0.1151687316596508,3.15625,0.0,0.0,0.0
306600,0.022062726318836212,0.020162448287010193,0.001830534776672721,0.6906802654266357,1.0024914741516113,0.8038903474807739,1.0709117650985718,0.4783570000436157,64.0,0.12202927619218826,2.96875,0.0,0.0,0.0
306800,0.022462232038378716,0.020610837265849113,0.0021504603791981936,0.6605126261711121,1.0063390731811523,0.40207788348197937,1.0733919143676758,0.46283269999548793,64.0,0.11207088083028793,3.0625,0.0,0.0,0.0
307000,0.023565897718071938,0.02198285236954689,0.0023971295449882746,0.653919517993927,1.0034101009368896,0.6081881523132324,1.0749292373657227,0.5221049000974745,64.0,0.12180420160293579,3.234375,0.0,0.0,0.0
307200,0.022184330970048904,0.020188333466649055,0.0020960611291229725,0.6132569909095764,1.0030792951583862,0.7110516428947449,1.073219656944275,0.4810610997956246,64.0,0.109082892537117,2.921875,0.0,0.0,0.0
307400,0.02339908666908741,0.02126489207148552,0.0031647300347685814,0.8052644729614258,1.0066242218017578,0.41829654574394226,1.069550633430481,0.474566999822855,64.0,0.1199586346745491,2.96875,0.0,0.0,0.0
307600,0.023181984201073647,0.021010728552937508,0.0027414867654442787,0.9080665111541748,1.009990930557251,0.284879595041275,1.07338285446167,0.5189837000798434,64.0,0.11164405622652598,3.03125,0.0,0.0,0.0
307800,0.023377522826194763,0.021464232355356216,0.0020835965406149626,1.3877958059310913,1.0035455226898193,0.6481419205665588,1.0768585205078125,0.47141799982637167,64.0,0.11737845838069916,3.015625,0.0,0.0,0.0
308000,0.02212751843035221,0.02012649178504944,0.0015339325182139874,0.7615094780921936,1.0027530193328857,0.6782214045524597,1.0757542848587036,0.43368729995563626,64.0,0.1225163996219635,2.765625,0.0,0.0,0.0
308200,0.022457454353570938,0.020417368039488792,0.0018713846802711487,0.7091494798660278,1.0030254125595093,0.6819937229156494,1.0733294486999512,0.5172367999330163,64.0,0.11656611561775207,2.921875,0.0,0.0,0.0
308400,0.02365647815167904,0.021999023854732513,0.002505066804587841,0.6562526226043701,1.0034873485565186,0.715318500995636,1.075141191482544,0.4994410998187959,64.0,0.11590813969572385,3.203125,0.0,0.0,0.0
308600,0.022401895374059677,0.01986820064485073,0.0020384069066494703,0.7589977979660034,1.003996729850769,0.6547257900238037,1.0706572532653809,0.4615430999547243,64.0,0.11891144812107086,2.890625,0.0,0.0,0.0
308800,0.02446955069899559,0.02205183543264866,0.0024026180617511272,0.8790072202682495,1.0032602548599243,0.7307554483413696,1.0717008113861084,0.5305157999973744,64.0,0.1068673889551844,3.0625,0.0,0.0,0.0
309000,0.02339717373251915,0.02053522691130638,0.003032543696463108,0.7163249254226685,1.004600167274475,0.6402903199195862,1.075197458267212,0.47205640003085136,64.0,0.11877736300230027,2.96875,0.0,0.0,0.0
309200,0.022759299725294113,0.020519038662314415,0.001885549514554441,0.7293722629547119,1.004393219947815,0.6002047061920166,1.0754244327545166,0.4476443000603467,64.0,0.11845490336418152,2.8125,0.0,0.0,0.0
309400,0.023820016533136368,0.022087622433900833,0.0018777056830003858,0.8306261897087097,1.0030584335327148,0.7408378720283508,1.0719269514083862,0.5036222999915481,64.0,0.10685849509068898,3.140625,0.0,0.0,0.0
309600,0.022986294701695442,0.020949406549334526,0.0014064940623939037,0.715814471244812,1.0028347969055176,0.6924238801002502,1.0709904432296753,0.41242050006985664,64.0,0.12089221179485321,2.71875,0.0,0.0,0.0
309800,0.02263450436294079,0.02034575119614601,0.002654845593497157,0.8921298980712891,1.005580186843872,0.5824354887008667,1.0759276151657104,0.4503522999584675,64.0,0.11967021077871323,3.015625,0.0,0.0,0.0
310000,0.023628756403923035,0.02100667729973793,0.002575828693807125,0.6632205843925476,1.0043985843658447,0.6530918478965759,1.0714062452316284,0.48648730013519526,64.0,0.11458802595734596,2.984375,0.0,0.0,0.0
310200,0.023929018527269363,0.021441178396344185,0.0024833506904542446,0.9036470055580139,1.0041742324829102,0.6517331600189209,1.0721919536590576,0.48712090007029474,64.0,0.11220762754480045,3.09375,0.0,0.0,0.0
310400,0.020605048164725304,0.01929311454296112,0.0012470459332689643,0.6129083633422852,1.0030683279037476,0.7124829292297363,1.071004867553711,0.4290880998596549,64.0,0.12026900500059128,2.734375,0.0,0.0,0.0
310600,0.021933147683739662,0.019384073093533516,0.0021272478625178337,0.966210663318634,1.0046049356460571,0.6199819445610046,1.0749163627624512,0.4684373999480158,64.0,0.12017311900854111,2.90625,0.0,0.0,0.0
310800,0.022703731432557106,0.020496472716331482,0.001931512146256864,0.8758317232131958,1.0032318830490112,0.7591661214828491,1.075426697731018,0.5855856998823583,64.0,0.11497142165899277,2.9375,0.0,0.0,0.0
311000,0.021605655550956726,0.019810831174254417,0.0019214890198782086,0.7890287637710571,1.00430166721344,0.6635386347770691,1.0742063522338867,0.43854659982025623,64.0,0.12112100273370743,2.8125,0.0,0.0,0.0
311200,0.023432979360222816,0.021577289327979088,0.002214015694335103,0.7023778557777405,1.0049972534179688,0.4707130491733551,1.073934555053711,0.49497599992901087,64.0,0.11020238449176152,3.0625,0.0,0.0,0.0
311400,0.021960357204079628,0.019907185807824135,0.002305083442479372,0.7400496006011963,1.0039540529251099,0.6701777577400208,1.0752179622650146,0.44116559997200966,64.0,0.11976519972085953,2.859375,0.0,0.0,0.0
311600,0.023137379437685013,0.021152591332793236,0.002582348883152008,0.9324486255645752,1.0030542612075806,0.7601436972618103,1.0736982822418213,0.5005024999845773,64.0,0.11628531068563461,3.125,0.0,0.0,0.0
311800,0.022037195041775703,0.02049390785396099,0.0022241869010031223,0.7797327041625977,1.0039924383163452,0.5635804533958435,1.071913242340088,0.4918165998533368,64.0,0.11412085468570392,3.109375,0.0,0.0,0.0
312000,0.023301662877202034,0.021135982125997543,0.00287707825191319,0.7976499199867249,1.0049089193344116,0.6763432621955872,1.0693608522415161,0.464169800048694,64.0,0.11721713840961456,2.953125,0.0,0.0,0.0
312200,0.02315564639866352,0.021223673596978188,0.0017733079148456454,0.6867357492446899,1.002698302268982,0.7937927842140198,1.0717239379882812,0.44681479991413653,64.0,0.12461587488651275,2.953125,0.0,0.0,0.0
312400,0.024250132963061333,0.021576905623078346,0.002146142302080989,0.9440767765045166,1.0050114393234253,0.5408475995063782,1.067849040031433,0.4886639998294413,64.0,0.11116165046890576,3.046875,0.0,0.0,0.0
312600,0.02255115658044815,0.020335713401436806,0.002889346331357956,0.6889791488647461,1.004728078842163,0.5553406476974487,1.073542833328247,0.5515734998043627,64.0,0.11130183935165405,3.015625,0.0,0.0,0.0
312800,0.02122744917869568,0.019714945927262306,0.0015719669172540307,0.6587315797805786,1.0031235218048096,0.6783481240272522,1.0729129314422607,0.44602650008164346,64.0,0.11236726616819699,2.859375,0.0,0.0,0.0
313000,0.021309902891516685,0.019507993012666702,0.0012867017649114132,1.1383956670761108,1.0029513835906982,0.728086531162262,1.070742130279541,0.44960909988731146,64.0,0.12110413908958435,2.84375,0.0,0.0,0.0
313200,0.024408899247646332,0.022047802805900574,0.002214464358985424,0.8153496980667114,1.0042431354522705,0.5463953614234924,1.073113203048706,0.4800860001705587,64.0,0.10825499519705772,3.15625,0.0,0.0,0.0
313400,0.023503240197896957,0.021723128855228424,0.0017456412315368652,0.84865802526474,1.002832055091858,0.7238413095474243,1.072644591331482,0.4561249997932464,64.0,0.11836064159870148,3.046875,0.0,0.0,0.0
313600,0.0234950240701437,0.020945927128195763,0.002264945534989238,0.882594883441925,1.0082899332046509,0.33373674750328064,1.0747941732406616,0.4476503999903798,64.0,0.12174502611160279,2.765625,0.0,0.0,0.0
313800,0.02264268323779106,0.019844399765133858,0.0023001478984951973,0.6524571180343628,1.00674569606781,0.5185273885726929,1.0712157487869263,0.48498840001411736,64.0,0.10723057389259338,2.84375,0.0,0.0,0.0
314000,0.023094767704606056,0.02157464809715748,0.0017813765443861485,0.9351626634597778,1.0023037195205688,0.7863522171974182,1.070854902267456,0.43733910005539656,64.0,0.12551359385251998,2.96875,0.0,0.0,0.0
314200,0.021973006427288055,0.020143726840615273,0.0017721290932968259,0.8125905990600586,1.004401683807373,0.6483087539672852,1.0736441612243652,0.4588760999031365,64.0,0.11666379123926163,2.875,0.0,0.0,0.0
314400,0.021927544847130775,0.02014128863811493,0.002590190153568983,0.6265350580215454,1.0047805309295654,0.597500205039978,1.0761356353759766,0.4498980001080781,64.0,0.11030212789773941,2.984375,0.0,0.0,0.0
314600,0.02234072983264923,0.02029631845653057,0.0018169819377362728,0.5529853105545044,1.0029983520507812,0.6812592148780823,1.0747225284576416,0.5086840000003576,64.0,0.11790213361382484,3.015625,0.0,0.0,0.0
314800,0.022708376869559288,0.02026810310781002,0.0017288480885326862,0.810373067855835,1.0035933256149292,0.6615292429924011,1.073925256729126,0.4823215000797063,64.0,0.11649264767765999,3.03125,0.0,0.0,0.0
315000,0.023913683369755745,0.020968560129404068,0.0019484327640384436,1.0128854513168335,1.0062068700790405,0.5287407636642456,1.0723330974578857,0.500183500116691,64.0,0.10756003359953563,2.890625,0.0,0.0,0.0
315200,0.022801700979471207,0.02118510939180851,0.0013888152316212654,0.671935498714447,1.001392126083374,0.8567079901695251,1.0688766241073608,0.46269900002516806,64.0,0.11755192428827285,2.984375,0.0,0.0,0.0
315400,0.023144293576478958,0.0213827695697546,0.0020920324604958296,0.7407207489013672,1.0030152797698975,0.6862499713897705,1.0730938911437988,0.48964620009064674,64.0,0.11920603513717651,3.109375,0.0,0.0,0.0
315600,0.022711025550961494,0.02058788575232029,0.001686495146714151,1.311755895614624,1.0062713623046875,0.5141376256942749,1.0744621753692627,0.47496929997578263,64.0,0.12174089252948761,2.90625,0.0,0.0,0.0
315800,0.024556897580623627,0.022453932091593742,0.002490702085196972,0.7159600853919983,1.002903938293457,0.7407600283622742,1.0732250213623047,0.5155479998793453,64.0,0.11376717314124107,3.140625,0.0,0.0,0.0
316000,0.02330281399190426,0.021243903785943985,0.0019705696031451225,0.7172667384147644,1.0024256706237793,0.7600165605545044,1.0735435485839844,0.4822490999940783,64.0,0.11314191793402036,3.078125,0.0,0.0,0.0
316200,0.020803138613700867,0.018789350986480713,0.001684041926637292,1.0859203338623047,1.003126859664917,0.7280086874961853,1.0703184604644775,0.4967827999498695,64.0,0.11389226963122685,2.875,0.0,0.0,0.0
316400,0.02182437852025032,0.020457733422517776,0.002264768350869417,0.8009730577468872,1.0039561986923218,0.6936693787574768,1.070630431175232,0.46888449997641146,64.0,0.11902722865343093,3.078125,0.0,0.0,0.0
316600,0.02266114205121994,0.02033158577978611,0.0019989297725260258,0.6700050234794617,1.004510521888733,0.645548403263092,1.073856234550476,0.5429423998575658,64.0,0.11390520880619685,3.015625,0.0,0.0,0.0
316800,0.02394520677626133,0.021541956812143326,0.0023543862625956535,1.237866759300232,1.0036534070968628,0.6773368120193481,1.0730352401733398,0.4565685000270605,64.0,0.11635841305057208,3.046875,0.0,0.0,0.0
317000,0.022820284590125084,0.021052248775959015,0.0021787090227007866,0.7206716537475586,1.0040159225463867,0.7086597681045532,1.0734786987304688,0.4651554999873042,64.0,0.11832599093516667,2.921875,0.0,0.0,0.0
317200,0.024787569418549538,0.02217096835374832,0.002670751651749015,0.8877128958702087,1.0057896375656128,0.48993781208992004,1.0724128484725952,0.5312641998752952,64.0,0.11700624227523804,3.171875,0.0,0.0,0.0
317400,0.022177040576934814,0.020401380956172943,0.0021808685269206762,1.0035755634307861,1.0037648677825928,0.7423069477081299,1.072437047958374,0.47912649996578693,64.0,0.11925740092992783,3.0,0.0,0.0,0.0
317600,0.024014156311750412,0.02110208384692669,0.0018192664720118046,0.9423922300338745,1.0040112733840942,0.6529044508934021,1.0726698637008667,0.48338350001722574,64.0,0.11047143382685524,3.03125,0.0,0.0,0.0
317800,0.024041615426540375,0.022254474461078644,0.002822763053700328,1.0764514207839966,1.0035260915756226,0.6611902713775635,1.07511568069458,0.5050737001001835,64.0,0.12059001624584198,3.328125,0.0,0.0,0.0
318000,0.0236061904579401,0.021471567451953888,0.002212066436186433,0.8268360495567322,1.0024548768997192,0.7498230338096619,1.0729644298553467,0.4823926999233663,64.0,0.1242336630821228,3.0625,0.0,0.0,0.0
318200,0.02252969890832901,0.020505480468273163,0.001585541758686304,0.8272815942764282,1.005538821220398,0.482043594121933,1.0726428031921387,0.4643168000038713,64.0,0.12116613363226254,2.765625,0.0,0.0,0.0
318400,0.023555656895041466,0.02147545851767063,0.002636841032654047,0.6566849946975708,1.0077053308486938,0.3972788453102112,1.0735386610031128,0.5011915001086891,64.0,0.116531187047561,3.0,0.0,0.0,0.0
318600,0.023476190865039825,0.02135816588997841,0.002062712563201785,0.687274694442749,1.0035275220870972,0.6184330582618713,1.0726916790008545,0.5395895999390632,64.0,0.1090573954085509,3.015625,0.0,0.0,0.0
318800,0.02554132044315338,0.023790555074810982,0.003216755809262395,0.9880907535552979,1.0057203769683838,0.4770238399505615,1.0720953941345215,0.4892200999893248,64.0,0.1116210309167703,3.1875,0.0,0.0,0.0
319000,0.02352883480489254,0.02105819247663021,0.0023618692066520452,0.7659891843795776,1.0037974119186401,0.7256300449371338,1.073063611984253,0.5217221998609602,64.0,0.11799167096614838,3.078125,0.0,0.0,0.0
319200,0.02189827710390091,0.02042428031563759,0.002152693457901478,0.7257960438728333,1.003502368927002,0.7170664072036743,1.072797417640686,0.43162359995767474,64.0,0.12643378973007202,2.828125,0.0,0.0,0.0
319400,0.02382541261613369,0.022040562704205513,0.0029163816943764687,0.7535781860351562,1.0055392980575562,0.5095895528793335,1.0714977979660034,0.47613200009800494,64.0,0.11754832789301872,3.015625,0.0,0.0,0.0
319600,0.02448454312980175,0.021772965788841248,0.0034906482324004173,0.8214836120605469,1.003748893737793,0.7240030169487,1.0755385160446167,0.5079803001135588,64.0,0.11447463805476825,3.171875,0.0,0.0,0.0
319800,0.023127248510718346,0.02135707065463066,0.0019386083586141467,0.8201963901519775,1.0039873123168945,0.6677405834197998,1.0720471143722534,0.4789265999570489,64.0,0.11887273788452149,3.0,0.0,0.0,0.0
320000,0.02248433232307434,0.020498566329479218,0.001907873316667974,0.6822168827056885,1.003212809562683,0.5976365804672241,1.0658116340637207,0.5312128998339176,64.0,0.1191883698105812,3.015625,0.0,0.0,0.0
320200,0.022751502692699432,0.02143043465912342,0.002165719633921981,0.7885957360267639,1.0026495456695557,0.7329479455947876,1.0734741687774658,0.46684239991009235,64.0,0.11801892668008804,3.046875,0.0,0.0,0.0
320400,0.023088239133358,0.021637331694364548,0.0018489733338356018,0.6713780760765076,1.0030828714370728,0.6701735258102417,1.0740629434585571,0.4781482999678701,64.0,0.10980432054826192,3.0625,0.0,0.0,0.0
320600,0.022855645045638084,0.020377831533551216,0.0018690464785322547,0.9363806247711182,1.0042954683303833,0.6330251693725586,1.0737732648849487,0.4210775000974536,64.0,0.12062838077545165,2.734375,0.0,0.0,0.0
320800,0.022508181631565094,0.02060399390757084,0.0021843297872692347,0.7035794854164124,1.0031639337539673,0.658381998538971,1.0741475820541382,0.47948529990389943,64.0,0.10907868828092303,2.984375,0.0,0.0,0.0
321000,0.024339383468031883,0.021490562707185745,0.003086918033659458,1.2384203672409058,1.0037527084350586,0.6528222560882568,1.076166033744812,0.5405013000126928,64.0,0.11357218027114868,3.0625,0.0,0.0,0.0
321200,0.023113515228033066,0.021327227354049683,0.0017570571508258581,0.7008360624313354,1.0016471147537231,0.8165225982666016,1.0676705837249756,0.46298029995523393,64.0,0.1193816140294075,3.109375,0.0,0.0,0.0
321400,0.023817582055926323,0.021694457158446312,0.002608254551887512,0.9745864868164062,1.0052117109298706,0.5017421841621399,1.0699697732925415,0.47283499990589917,64.0,0.1136170153816541,2.96875,0.0,0.0,0.0
321600,0.024231577292084694,0.02200954593718052,0.002302669920027256,0.8082481026649475,1.0048596858978271,0.5688419938087463,1.0735512971878052,0.5054478999227285,64.0,0.11215464025735855,3.125,0.0,0.0,0.0
321800,0.022326385602355003,0.020832911133766174,0.0019084931118413806,0.8853795528411865,1.0025300979614258,0.694394588470459,1.0731970071792603,0.4575263001024723,64.0,0.1198398619890213,2.859375,0.0,0.0,0.0
322000,0.022826751694083214,0.02094140276312828,0.003046429017558694,0.8121678233146667,1.014042854309082,0.20470449328422546,1.074435830116272,0.4759087001439184,64.0,0.11598048110802968,3.0625,0.0,0.0,0.0
322200,0.02409551478922367,0.021719660609960556,0.0024849390611052513,0.7336839437484741,1.0035182237625122,0.6045408248901367,1.0752850770950317,0.5500761999282986,64.0,0.10769863923390706,3.140625,0.0,0.0,0.0
322400,0.0226485263556242,0.020788660272955894,0.001606884878128767,0.831481397151947,1.0036414861679077,0.6557533740997314,1.070419430732727,0.49531659996137023,64.0,0.11860676482319832,3.0,0.0,0.0,0.0
322600,0.026009907945990562,0.022746890783309937,0.003142951289191842,0.8968505859375,1.003965973854065,0.6902967691421509,1.0758521556854248,0.5271553001366556,64.0,0.11337882528702418,3.234375,0.0,0.0,0.0
322800,0.02208254672586918,0.019369088113307953,0.0025713983923196793,0.9494048357009888,1.011486291885376,0.4296695291996002,1.0753892660140991,0.46798740001395345,64.0,0.11977109064658482,2.8125,0.0,0.0,0.0
323000,0.021713726222515106,0.020053014159202576,0.001983851194381714,0.6992895007133484,1.0036957263946533,0.5644167065620422,1.0744328498840332,0.4609053998719901,64.0,0.11983208507299423,2.953125,0.0,0.0,0.0
323200,0.02377406321465969,0.0202715415507555,0.0027456681709736586,0.9150875806808472,1.0091391801834106,0.4035230278968811,1.0752395391464233,0.5030531999655068,64.0,0.11094986115183149,2.921875,0.0,0.0,0.0
323400,0.022460278123617172,0.02082507498562336,0.0018239213386550546,0.8520182967185974,1.002782940864563,0.7176826000213623,1.0723390579223633,0.4733623000793159,64.0,0.10991497958699863,3.015625,0.0,0.0,0.0
323600,0.023150242865085602,0.02100866474211216,0.0026978496462106705,1.3276187181472778,1.0056172609329224,0.6003908514976501,1.0752344131469727,0.5063485000282526,64.0,0.1110917292535305,3.125,0.0,0.0,0.0
323800,0.02294769696891308,0.021369248628616333,0.002157485345378518,0.9146321415901184,1.0043952465057373,0.5080237984657288,1.0711687803268433,0.48075960017740726,64.0,0.11779075612624486,3.078125,0.0,0.0,0.0
324000,0.02437683567404747,0.022219061851501465,0.002060388447716832,0.8443081974983215,1.0037864446640015,0.6203502416610718,1.072129487991333,0.49405470001511276,64.0,0.11572150439023972,3.1875,0.0,0.0,0.0
324200,0.023123154416680336,0.020367290824651718,0.002094368217512965,0.8696470260620117,1.0032689571380615,0.7338871955871582,1.0719915628433228,0.4791064001619816,64.0,0.11317503949006398,2.96875,0.0,0.0,0.0
324400,0.022864552214741707,0.021302100270986557,0.0019289744086563587,0.8971936702728271,1.002206802368164,0.818630039691925,1.0696216821670532,0.4664737000130117,64.0,0.12164135426282882,3.03125,0.0,0.0,0.0
324600,0.022343896329402924,0.020296700298786163,0.0019356831908226013,0.672173261642456,1.0028650760650635,0.6507095098495483,1.074639081954956,0.49756950000301003,64.0,0.11494073122739792,3.078125,0.0,0.0,0.0
324800,0.024571210145950317,0.022664042189717293,0.002405438106507063,0.6641720533370972,1.003166913986206,0.7117296457290649,1.0728516578674316,0.49673240003176033,64.0,0.11601950228214264,3.0625,0.0,0.0,0.0
325000,0.023112213239073753,0.02067435346543789,0.0018043688032776117,0.6763840913772583,1.0040714740753174,0.6230228543281555,1.0715875625610352,0.4537567999213934,64.0,0.1195853516459465,2.828125,0.0,0.0,0.0
325200,0.023621119558811188,0.02154630422592163,0.0032694737892597914,0.5775587558746338,1.0082406997680664,0.5045561790466309,1.0753817558288574,0.49906560010276735,64.0,0.11382561425367992,3.0625,0.0,0.0,0.0
325400,0.02148468606173992,0.019012030214071274,0.003374342806637287,0.9055712223052979,1.0103577375411987,0.2879372239112854,1.0752817392349243,0.48492700001224875,64.0,0.10944223723241261,2.78125,0.0,0.0,0.0
325600,0.022896593436598778,0.02076292410492897,0.001838233321905136,0.587496280670166,1.0049666166305542,0.5465538501739502,1.0747504234313965,0.4476948999799788,64.0,0.12104262113571167,2.84375,0.0,0.0,0.0
325800,0.02228815108537674,0.020769350230693817,0.0015195653541013598,0.796217679977417,1.0023221969604492,0.7108052372932434,1.073765516281128,0.5354830999858677,64.0,0.11081469058990479,2.953125,0.0,0.0,0.0
326000,0.024457864463329315,0.02299460954964161,0.0017287044320255518,0.7389454245567322,1.0022944211959839,0.7305359840393066,1.0757030248641968,0.484288000036031,64.0,0.1170955702662468,3.140625,0.0,0.0,0.0
326200,0.021814025938510895,0.01992575079202652,0.0017273268895223737,0.6790739297866821,1.003654956817627,0.570472002029419,1.0731124877929688,0.45278889988549054,64.0,0.12549190372228622,2.921875,0.0,0.0,0.0
326400,0.02385685034096241,0.021928513422608376,0.0019595588091760874,0.6962462663650513,1.0028897523880005,0.7385212182998657,1.0695956945419312,0.492243500193581,64.0,0.11589196200172107,3.046875,0.0,0.0,0.0
326600,0.023864205926656723,0.02176494710147381,0.0028160689398646355,0.8970764875411987,1.0031819343566895,0.7750745415687561,1.071671485900879,0.49997000000439584,64.0,0.11613150238990784,3.3125,0.0,0.0,0.0
326800,0.023157525807619095,0.02170802466571331,0.001788211171515286,1.0219532251358032,1.0029969215393066,0.6949998736381531,1.072371006011963,0.47499169991351664,64.0,0.12237997353076935,2.984375,0.0,0.0,0.0
327000,0.02449909783899784,0.021299708634614944,0.004577573388814926,1.0616729259490967,1.0098799467086792,0.375131219625473,1.0752230882644653,0.5215068999677896,64.0,0.10564003246171134,3.296875,0.0,0.0,0.0
327200,0.024329761043190956,0.021985357627272606,0.0024321163073182106,0.7095790505409241,1.0046637058258057,0.598031222820282,1.0717428922653198,0.5458080000244081,64.0,0.10864138479034106,3.140625,0.0,0.0,0.0
327400,0.0216929130256176,0.019854417070746422,0.001557007897645235,0.7115250825881958,1.0029383897781372,0.6575232148170471,1.067627191543579,0.4678519999142736,64.0,0.11007220173875491,2.859375,0.0,0.0,0.0
327600,0.023008570075035095,0.019984019920229912,0.0022052344866096973,0.8375816345214844,1.0070236921310425,0.5205504298210144,1.0747096538543701,0.45666479994542897,64.0,0.11499735837181409,2.765625,0.0,0.0,0.0
327800,0.022282717749476433,0.020247364416718483,0.001646131742745638,0.6918942332267761,1.0029520988464355,0.6615738272666931,1.0739803314208984,0.4699468999169767,64.0,0.11246619373559952,2.9375,0.0,0.0,0.0
328000,0.022602815181016922,0.020730625838041306,0.001794331008568406,0.7798399329185486,1.0039385557174683,0.6991986632347107,1.0696836709976196,0.47170550003647804,64.0,0.11755015403032303,2.921875,0.0,0.0,0.0
328200,0.02476387284696102,0.02267015539109707,0.0023408671841025352,0.6964321136474609,1.0033481121063232,0.5955849885940552,1.0743199586868286,0.49878209992311895,64.0,0.10691053668657939,3.15625,0.0,0.0,0.0
328400,0.02079835534095764,0.018881913274526596,0.0017995552625507116,0.7766829133033752,1.0049538612365723,0.5954468846321106,1.0730202198028564,0.43532179994508624,64.0,0.1116270882387956,2.796875,0.0,0.0,0.0
328600,0.023399483412504196,0.021214935928583145,0.0014510309556499124,0.8808118104934692,1.0022387504577637,0.7445289492607117,1.0711662769317627,0.4790315998252481,64.0,0.12116116732358932,2.96875,0.0,0.0,0.0
328800,0.023248549550771713,0.020234977826476097,0.0029825258534401655,0.6748904585838318,1.0066959857940674,0.484336793422699,1.07466721534729,0.4695449999999255,64.0,0.11261608451604843,2.984375,0.0,0.0,0.0
329000,0.025144120678305626,0.02226535975933075,0.003152735996991396,0.847351610660553,1.0040119886398315,0.662308931350708,1.0732492208480835,0.5384908001869917,64.0,0.1143282705119678,3.15625,0.0,0.0,0.0
329200,0.023686891421675682,0.021182721480727196,0.0015077994903549552,0.7472757697105408,1.0027984380722046,0.6729757785797119,1.0756498575210571,0.4784930997993797,64.0,0.11851515769958496,2.9375,0.0,0.0,0.0
329400,0.022880863398313522,0.020314659923315048,0.0018127281218767166,0.9264833927154541,1.0036444664001465,0.672888457775116,1.0753074884414673,0.4559934998396784,64.0,0.1218911737203598,2.9375,0.0,0.0,0.0
329600,0.021970750764012337,0.019855614751577377,0.002032219897955656,0.786543607711792,1.003525972366333,0.6852043271064758,1.0698316097259521,0.48524049995467067,64.0,0.11376046140988667,2.875,0.0,0.0,0.0
329800,0.02368750236928463,0.021161071956157684,0.0027145585045218468,0.9407427310943604,1.0078976154327393,0.5149019956588745,1.0764970779418945,0.503137500025332,64.0,0.1117695818344752,2.9375,0.0,0.0,0.0
330000,0.022889290004968643,0.020067455247044563,0.0021649464033544064,0.9573506116867065,1.0036677122116089,0.7066230177879333,1.0742844343185425,0.4718037999700755,64.0,0.11607252930601437,2.84375,0.0,0.0,0.0
330200,0.024705594405531883,0.02265283279120922,0.0027920312713831663,1.0680060386657715,1.0077259540557861,0.35735419392585754,1.075419306755066,0.4997707000002265,64.0,0.11601823071638744,3.28125,0.0,0.0,0.0
330400,0.021708857268095016,0.02032523974776268,0.0023013597819954157,0.8652964234352112,1.0033961534500122,0.7177549600601196,1.0735706090927124,0.4600597999524325,64.0,0.12321275770664215,2.96875,0.0,0.0,0.0
330600,0.02343633957207203,0.021730221807956696,0.0018652437720447779,0.7325879335403442,1.0026026964187622,0.7057644128799438,1.0754506587982178,0.472358200000599,64.0,0.11939376592636108,3.140625,0.0,0.0,0.0
330800,0.022532399743795395,0.020959414541721344,0.001583068398758769,0.7398545742034912,1.0038779973983765,0.6316824555397034,1.0729950666427612,0.4417429999448359,64.0,0.12339629232883453,2.8125,0.0,0.0,0.0
331000,0.021624304354190826,0.02017991617321968,0.001349444966763258,0.5994049906730652,1.0024068355560303,0.7689521312713623,1.0694584846496582,0.41490230010822415,64.0,0.1209880456328392,2.734375,0.0,0.0,0.0
331200,0.023623237386345863,0.021929683163762093,0.0024765911512076855,0.7828465700149536,1.0039740800857544,0.6323245167732239,1.0719506740570068,0.5117577998898923,64.0,0.11500692243377368,3.15625,0.0,0.0,0.0
331400,0.0223366841673851,0.020955998450517654,0.0016618181252852082,0.8925483226776123,1.0025501251220703,0.6996464133262634,1.0695546865463257,0.488629300147295,64.0,0.1169403704504172,2.953125,0.0,0.0,0.0
331600,0.022817309945821762,0.02064945362508297,0.0023192439693957567,0.7713682651519775,1.00807785987854,0.4454609155654907,1.072218656539917,0.4823184998240322,64.0,0.11367594823241234,2.90625,0.0,0.0,0.0
331800,0.024401666596531868,0.02167290821671486,0.0026218777056783438,0.8014872670173645,1.0039234161376953,0.6948148012161255,1.0736786127090454,0.47611419996246696,64.0,0.12038001045584679,3.046875,0.0,0.0,0.0
332000,0.024624496698379517,0.022690311074256897,0.003432547440752387,0.7475681900978088,1.0053738355636597,0.5653466582298279,1.0746734142303467,0.6121222998481244,64.0,0.11292717233300209,3.515625,0.0,0.0,0.0
332200,0.02451913245022297,0.022328125312924385,0.002822836395353079,0.7455716729164124,1.0080492496490479,0.35736796259880066,1.07359778881073,0.5008119998965412,64.0,0.11827751845121384,3.25,0.0,0.0,0.0
332400,0.023417111486196518,0.021694734692573547,0.0022844006307423115,0.9562233686447144,1.005185842514038,0.5092999339103699,1.0742136240005493,0.4742095998954028,64.0,0.11973549127578735,3.078125,0.0,0.0,0.0
332600,0.02185874991118908,0.01927282102406025,0.002085884567350149,0.7127693891525269,1.0055934190750122,0.5951237082481384,1.0726879835128784,0.4870068000163883,64.0,0.11636071776350339,2.859375,0.0,0.0,0.0
332800,0.02275787852704525,0.02036227658390999,0.002070454880595207,0.7069286704063416,1.0043545961380005,0.6226131319999695,1.0706413984298706,0.47092330013401806,64.0,0.1146202323337396,2.9375,0.0,0.0,0.0
333000,0.021801866590976715,0.020382583141326904,0.0025662125553935766,0.6328728199005127,1.004119634628296,0.6181833744049072,1.0713005065917969,0.4692974998615682,64.0,0.12109186798334122,3.0,0.0,0.0,0.0
333200,0.022670473903417587,0.021210968494415283,0.0018555402057245374,0.7451818585395813,1.0025384426116943,0.6987338662147522,1.07125985622406,0.4850810000207275,64.0,0.11561086401343346,3.03125,0.0,0.0,0.0
333400,0.023762358352541924,0.02226702868938446,0.002097995253279805,0.5543087720870972,1.003113031387329,0.7109971046447754,1.0698542594909668,0.49772669980302453,64.0,0.11526959513624509,3.109375,0.0,0.0,0.0
333600,0.023271530866622925,0.02107667736709118,0.001981450943276286,0.6717250347137451,1.0058791637420654,0.4169512689113617,1.070369839668274,0.5205520999152213,64.0,0.12141453921794891,3.015625,0.0,0.0,0.0
333800,0.024841738864779472,0.023291343823075294,0.002567958552390337,0.6172997951507568,1.0019079446792603,0.7954719066619873,1.0749949216842651,0.5331095000728965,64.0,0.11277734736601512,3.375,0.0,0.0,0.0
334000,0.023082304745912552,0.02013239823281765,0.0021184163633733988,0.9949920177459717,1.0040849447250366,0.6347209811210632,1.0717662572860718,0.5378362000919878,64.0,0.11285219465692838,2.96875,0.0,0.0,0.0
334200,0.02381349541246891,0.022308101877570152,0.0026039539370685816,0.8175543546676636,1.0045948028564453,0.6224383115768433,1.0686134099960327,0.4966398999094963,64.0,0.11507510145505269,3.125,0.0,0.0,0.0
334400,0.022927742451429367,0.02113024704158306,0.0027296789921820164,0.7041937708854675,1.0051730871200562,0.5043743848800659,1.0735684633255005,0.48006609990261495,64.0,0.119351564347744,3.09375,0.0,0.0,0.0
334600,0.02463214471936226,0.022603778168559074,0.0028580427169799805,0.7084792852401733,1.0060851573944092,0.4683203101158142,1.0742602348327637,0.5008725998923182,64.0,0.11754113733768463,3.15625,0.0,0.0,0.0
334800,0.02430805005133152,0.022820953279733658,0.0020873439498245716,0.8104296326637268,1.0030686855316162,0.6829655766487122,1.074020266532898,0.4553939998149872,64.0,0.12349024266004563,3.078125,0.0,0.0,0.0
335000,0.022601965814828873,0.02050020918250084,0.0018770997412502766,0.661895751953125,1.0046184062957764,0.5625778436660767,1.073348879814148,0.44942859979346395,64.0,0.12347960323095322,2.78125,0.0,0.0,0.0
335200,0.02328565903007984,0.021572615951299667,0.003420463064685464,0.8115706443786621,1.0067461729049683,0.39122986793518066,1.0741137266159058,0.48836069996468723,64.0,0.12260206937789916,3.234375,0.0,0.0,0.0
335400,0.022911135107278824,0.02123323641717434,0.0018797247903421521,0.6246914267539978,1.0022103786468506,0.7826892733573914,1.0739706754684448,0.4752147998660803,64.0,0.12053582072257996,3.0625,0.0,0.0,0.0
335600,0.02334158681333065,0.02143317088484764,0.0021088863722980022,0.9803234934806824,1.0036133527755737,0.7144508361816406,1.0693347454071045,0.47103710006922483,64.0,0.1265660524368286,3.03125,0.0,0.0,0.0
335800,0.02385619282722473,0.021870169788599014,0.0023796234745532274,0.6394786834716797,1.0024229288101196,0.7211875915527344,1.0729695558547974,0.4887027000077069,64.0,0.1204374407728513,3.171875,0.0,0.0,0.0
336000,0.02362099662423134,0.021802227944135666,0.002307233400642872,0.8472419381141663,1.0044610500335693,0.5325450897216797,1.073328971862793,0.47974080010317266,64.0,0.12308360040187835,3.015625,0.0,0.0,0.0
336200,0.02289692312479019,0.021349122747778893,0.001741096843034029,0.7556156516075134,1.0022929906845093,0.7574518918991089,1.0717895030975342,0.489085900131613,64.0,0.11798213794827461,3.125,0.0,0.0,0.0
336400,0.02298671193420887,0.02106078714132309,0.0020708059892058372,0.6501805186271667,1.0069360733032227,0.3785395622253418,1.0704056024551392,0.44662900012917817,64.0,0.11715119332075119,2.953125,0.0,0.0,0.0
336600,0.021845942363142967,0.020054619759321213,0.0014030433958396316,0.5697070956230164,1.0027985572814941,0.6511465907096863,1.072041630744934,0.4916024000849575,64.0,0.12055382629235585,2.9375,0.0,0.0,0.0
336800,0.0242218729108572,0.021201636642217636,0.0031268487218767405,0.9460758566856384,1.0041879415512085,0.5779504179954529,1.073754906654358,0.505654500098899,64.0,0.11917404209574063,3.140625,0.0,0.0,0.0
337000,0.022982673719525337,0.020909760147333145,0.002075568540021777,0.6293094158172607,1.0042122602462769,0.603553831577301,1.07607102394104,5.957774000009522,64.0,0.1154401848713557,3.046875,0.0,0.0,0.0
337200,0.02277117595076561,0.020067377015948296,0.0015951045788824558,0.7472315430641174,1.0028315782546997,0.7161097526550293,1.0684674978256226,0.41730950004421175,64.0,0.11167573680480321,2.96875,0.0,0.0,0.0
337400,0.021715600043535233,0.019918888807296753,0.0013503713998943567,0.7731665372848511,1.0022894144058228,0.7904201745986938,1.071756362915039,0.42122119991108775,64.0,0.12329851537942886,2.828125,0.0,0.0,0.0
337600,0.024275382980704308,0.022199848666787148,0.0025529623962938786,0.7314926385879517,1.0027625560760498,0.7780015468597412,1.0711482763290405,0.42660020012408495,64.0,0.11888255178928375,3.3125,0.0,0.0,0.0
337800,0.024020178243517876,0.02241465263068676,0.0025609098374843597,0.7976741790771484,1.0044440031051636,0.6475813984870911,1.0738517045974731,0.4299961000215262,64.0,0.11125532413522403,3.171875,0.0,0.0,0.0
338000,0.02156100794672966,0.019981231540441513,0.0017477223882451653,0.7642184495925903,1.0046390295028687,0.5424137115478516,1.0684133768081665,0.3756695999763906,64.0,0.12711530774831772,2.765625,0.0,0.0,0.0
338200,0.023656025528907776,0.021118106320500374,0.0024895118549466133,0.763303279876709,1.005035161972046,0.5605136156082153,1.0729726552963257,0.4254687998909503,64.0,0.11405523990591367,2.9375,0.0,0.0,0.0
338400,0.022308139130473137,0.020263535901904106,0.0022522425279021263,0.7902992367744446,1.0057674646377563,0.5291366577148438,1.0726348161697388,0.4018387000542134,64.0,0.11670949012041092,3.03125,0.0,0.0,0.0
338600,0.022258177399635315,0.020512016490101814,0.0015281111700460315,0.8619474172592163,1.0027376413345337,0.7069106698036194,1.0701375007629395,0.40824180003255606,64.0,0.12808116972446443,2.984375,0.0,0.0,0.0
338800,0.023352688178420067,0.021441202610731125,0.002275657607242465,0.7836798429489136,1.0029549598693848,0.7582137584686279,1.069329857826233,0.43094360013492405,64.0,0.11399424945314725,3.1875,0.0,0.0,0.0
339000,0.023054072633385658,0.020853348076343536,0.001983569236472249,0.9865413308143616,1.002750039100647,0.7268655896186829,1.0722973346710205,0.41633099992759526,64.0,0.1219343364238739,2.953125,0.0,0.0,0.0
339200,0.022260289639234543,0.019672952592372894,0.002010903786867857,0.778421938419342,1.0032813549041748,0.6454523801803589,1.073736310005188,0.41296659992076457,64.0,0.11437005549669266,2.9375,0.0,0.0,0.0
339400,0.023672372102737427,0.02215452305972576,0.0023088455200195312,0.8546563982963562,1.004454493522644,0.5974211096763611,1.0749714374542236,0.41806100006215274,64.0,0.11800486594438553,3.171875,0.0,0.0,0.0
339600,0.024703430011868477,0.022962212562561035,0.002479331800714135,0.7808163166046143,1.0034539699554443,0.6453310251235962,1.0681926012039185,0.4355686001945287,64.0,0.11234678452213605,3.265625,0.0,0.0,0.0
339800,0.022638654336333275,0.02029786817729473,0.0017971558263525367,0.7670783400535583,1.0046433210372925,0.5627661943435669,1.0743861198425293,0.38845980004407465,64.0,0.12003557533025741,2.859375,0.0,0.0,0.0
340000,0.022324858233332634,0.020104246214032173,0.0016623797127977014,0.7144046425819397,1.002812147140503,0.6631152033805847,1.0737226009368896,0.3865273999981582,64.0,0.11747963229815166,2.84375,0.0,0.0,0.0
340200,0.025165703147649765,0.022689376026391983,0.0019277422688901424,0.8398599624633789,1.0043154954910278,0.6692226529121399,1.0728366374969482,0.41687269997783005,64.0,0.11715760702888171,2.9375,0.0,0.0,0.0
340400,0.02295530028641224,0.021369200199842453,0.0020137650426477194,0.7613168358802795,1.0044684410095215,0.5617660284042358,1.075006127357483,0.39002689998596907,64.0,0.11226201429963112,2.875,0.0,0.0,0.0
340600,0.023552993312478065,0.021389853209257126,0.0020405948162078857,0.6937723159790039,1.0032854080200195,0.6815000176429749,1.0698678493499756,0.4108510999940336,64.0,0.11621170043945313,3.078125,0.0,0.0,0.0
340800,0.02244221232831478,0.02055387943983078,0.001691381330601871,0.9283921718597412,1.0036873817443848,0.6909638047218323,1.074499487876892,0.39103120006620884,64.0,0.12309807042280833,2.859375,0.0,0.0,0.0
341000,0.021557508036494255,0.02053733915090561,0.001780218561179936,0.7243163585662842,1.0016263723373413,0.8222951889038086,1.0665146112442017,0.41101550008170307,64.0,0.12334626019001008,3.109375,0.0,0.0,0.0
341200,0.022706052288413048,0.0201987624168396,0.002013752469792962,0.9820489883422852,1.0031893253326416,0.7015799880027771,1.0717312097549438,0.3816855000331998,64.0,0.12350801080465316,2.890625,0.0,0.0,0.0
341400,0.02304905094206333,0.020156152546405792,0.002855292521417141,0.9037157893180847,1.0075204372406006,0.5068004131317139,1.0732879638671875,0.41695050010457635,64.0,0.11138989652196567,2.921875,0.0,0.0,0.0
341600,0.02248332090675831,0.01989527978003025,0.0022604470141232014,0.7499841451644897,1.0064746141433716,0.428127646446228,1.0708677768707275,0.37697410001419485,64.0,0.12094381153583526,2.859375,0.0,0.0,0.0
341800,0.02274024859070778,0.020870555192232132,0.002274466911330819,1.007239818572998,1.0036191940307617,0.7218086123466492,1.0743293762207031,0.40897889994084835,64.0,0.12073636800050735,3.09375,0.0,0.0,0.0
342000,0.021025419235229492,0.019753018394112587,0.0015944753540679812,0.7460506558418274,1.0034116506576538,0.7227188944816589,1.0741961002349854,0.3840752001851797,64.0,0.12245455384254456,2.875,0.0,0.0,0.0
342200,0.02336091548204422,0.021327394992113113,0.0024747001007199287,0.6916487216949463,1.0090774297714233,0.33522507548332214,1.0745291709899902,0.4355002997908741,64.0,0.11096701646844546,3.109375,0.0,0.0,0.0
342400,0.02230609953403473,0.020905714482069016,0.002974173752591014,0.9615207314491272,1.00490403175354,0.6596815586090088,1.075014591217041,0.4173134998418391,64.0,0.11614647010962169,3.15625,0.0,0.0,0.0
342600,0.02339782565832138,0.02121812477707863,0.0018676772015169263,0.7948499917984009,1.0029892921447754,0.7371337413787842,1.0730170011520386,0.4265094001311809,64.0,0.11289677520593007,3.140625,0.0,0.0,0.0
342800,0.023062657564878464,0.021447166800498962,0.00176924595143646,0.6020233631134033,1.0018577575683594,0.7210158109664917,1.0723598003387451,0.419392199954018,64.0,0.11656982451677322,3.046875,0.0,0.0,0.0
343000,0.023108089342713356,0.021432220935821533,0.002118360484018922,0.7581580281257629,1.0035152435302734,0.598525881767273,1.0744203329086304,0.3837566999718547,64.0,0.12078185230493546,2.953125,0.0,0.0,0.0
343200,0.023037126287817955,0.021534165367484093,0.001900955568999052,0.7554246783256531,1.0027995109558105,0.6983520984649658,1.0677540302276611,0.3923284001648426,64.0,0.12015730738639832,3.0625,0.0,0.0,0.0
343400,0.021380241960287094,0.01990983821451664,0.0013048717519268394,0.6046302318572998,1.0025979280471802,0.7436150312423706,1.0688519477844238,0.38651910005137324,64.0,0.12267561107873917,2.84375,0.0,0.0,0.0
343600,0.023274404928088188,0.02045110985636711,0.0027040396817028522,0.9473659992218018,1.0067315101623535,0.5352482795715332,1.073851466178894,0.39155649999156594,64.0,0.11859384551644325,2.96875,0.0,0.0,0.0
343800,0.022492993623018265,0.02066664583981037,0.0020976641681045294,0.6978944540023804,1.0035362243652344,0.6817777752876282,1.0701185464859009,0.4346728001255542,64.0,0.11895131071408589,3.09375,0.0,0.0,0.0
344000,0.023136330768465996,0.02083483338356018,0.0020594457164406776,0.8050267696380615,1.0044379234313965,0.6449377536773682,1.0719599723815918,0.40621190005913377,64.0,0.11495557924111684,2.875,0.0,0.0,0.0
344200,0.023380696773529053,0.021667303517460823,0.0030240542255342007,1.1448824405670166,1.0028102397918701,0.6957392692565918,1.071797251701355,0.5130394999869168,64.0,0.12056476126114528,3.296875,0.0,0.0,0.0
344400,0.023266354575753212,0.020567961037158966,0.0015504792099818587,1.021239995956421,1.0051586627960205,0.49513036012649536,1.0746755599975586,0.5051605000626296,64.0,0.12265299707651138,2.84375,0.0,0.0,0.0
344600,0.023896921426057816,0.02212115004658699,0.002057695761322975,0.607703447341919,1.002854347229004,0.7437021732330322,1.0745573043823242,0.47892079991288483,64.0,0.12399223074316978,3.109375,0.0,0.0,0.0
344800,0.022667184472084045,0.02120755799114704,0.0017013336764648557,0.6729109287261963,1.0018620491027832,0.7914285063743591,1.0712472200393677,0.41067849984392524,64.0,0.12036704570055008,3.03125,0.0,0.0,0.0
345000,0.020763857290148735,0.019417887553572655,0.0015765324933454394,0.7362548112869263,1.0020010471343994,0.8000730872154236,1.0703233480453491,0.3879754999652505,64.0,0.12860532104969025,2.765625,0.0,0.0,0.0
345200,0.0225644800812006,0.020507091656327248,0.0017334925942122936,0.878218412399292,1.0070130825042725,0.37129440903663635,1.0749506950378418,0.4986384001094848,64.0,0.12232346385717392,2.8125,0.0,0.0,0.0
345400,0.023179352283477783,0.02111060917377472,0.002289821393787861,0.9712477922439575,1.0068864822387695,0.4803389310836792,1.0757663249969482,0.5271616000682116,64.0,0.1153760738670826,2.96875,0.0,0.0,0.0
345600,0.025360696017742157,0.023246198892593384,0.004533853381872177,0.9924691319465637,1.0068224668502808,0.4955849349498749,1.0743069648742676,0.4628765999805182,64.0,0.11397391433517139,3.390625,0.0,0.0,0.0
345800,0.024408802390098572,0.02159218117594719,0.0021662155631929636,0.6309232711791992,1.0038542747497559,0.6180566549301147,1.0731948614120483,0.572997200069949,64.0,0.11109530819313866,3.109375,0.0,0.0,0.0
346000,0.023801490664482117,0.021532511338591576,0.002139184158295393,0.7383068203926086,1.0034421682357788,0.6824423670768738,1.0740795135498047,0.48092049988918006,64.0,0.11248222117622693,3.0,0.0,0.0,0.0
346200,0.025189446285367012,0.022838758304715157,0.00284216133877635,0.9541611075401306,1.003357172012329,0.7101154327392578,1.0724382400512695,0.4786666000727564,64.0,0.11151418338219325,3.171875,0.0,0.0,0.0
346400,0.021895110607147217,0.02035355009138584,0.001568144652992487,0.8419743180274963,1.0026081800460815,0.7543222308158875,1.0751032829284668,0.4834596998989582,64.0,0.12240172326564788,3.0,0.0,0.0,0.0
346600,0.02196529321372509,0.020802844315767288,0.0016514570452272892,0.9290966391563416,1.003309726715088,0.6159932017326355,1.0738688707351685,0.4572069998830557,64.0,0.12750047892332078,3.03125,0.0,0.0,0.0
346800,0.02453121542930603,0.022588441148400307,0.002349614631384611,0.7890831828117371,1.0045462846755981,0.513148844242096,1.0749890804290771,0.5382266999222338,64.0,0.12515150308609008,3.03125,0.0,0.0,0.0
347000,0.022186633199453354,0.02000446617603302,0.0015150499530136585,0.7442653179168701,1.0032447576522827,0.6878776550292969,1.071913480758667,0.47127479990012944,64.0,0.1174083635210991,2.90625,0.0,0.0,0.0
347200,0.022737503051757812,0.021175511181354523,0.0025405632331967354,0.7305607795715332,1.005356788635254,0.5317412614822388,1.0746458768844604,0.4212928998749703,64.0,0.12149809151887894,3.203125,0.0,0.0,0.0
347400,0.021216314285993576,0.01997179351747036,0.0018147847149521112,0.7503057718276978,1.0049245357513428,0.5663421154022217,1.0706391334533691,0.375775899970904,64.0,0.12158561497926712,2.90625,0.0,0.0,0.0
347600,0.02324228547513485,0.021174948662519455,0.0020123193971812725,0.7080247402191162,1.0030953884124756,0.6863511800765991,1.0682196617126465,0.45859970012679696,64.0,0.11524947981039683,3.046875,0.0,0.0,0.0
347800,0.02334677428007126,0.021905172616243362,0.0026154080405831337,0.8788143992424011,1.0043936967849731,0.5030971765518188,1.0714482069015503,0.4182003999594599,64.0,0.1222590297460556,3.109375,0.0,0.0,0.0
348000,0.022125685587525368,0.020250525325536728,0.001539655844680965,0.5343787670135498,1.0033185482025146,0.6452138423919678,1.0715851783752441,0.42902000015601516,64.0,0.11663207411766052,3.015625,0.0,0.0,0.0
348200,0.022476326674222946,0.020252179354429245,0.002225803676992655,0.8947927951812744,1.0083578824996948,0.32902127504348755,1.074927806854248,0.45652979984879494,64.0,0.11618774632612865,2.96875,0.0,0.0,0.0
348400,0.02448187582194805,0.02233356051146984,0.0018404426518827677,0.7143995761871338,1.002155065536499,0.7374976873397827,1.0732905864715576,0.45362249994650483,64.0,0.11362754255533218,3.046875,0.0,0.0,0.0
348600,0.022825978696346283,0.019631221890449524,0.0026061173994094133,0.8003026247024536,1.0078575611114502,0.45545658469200134,1.073682427406311,0.46698480006307364,64.0,0.11189754183093707,2.734375,0.0,0.0,0.0
348800,0.022050069645047188,0.019938766956329346,0.0022797523997724056,0.6550642848014832,1.0062954425811768,0.40535426139831543,1.071366310119629,0.48960110009647906,64.0,0.12301502625147502,3.0,0.0,0.0,0.0
349000,0.022016992792487144,0.02038852497935295,0.0016071554273366928,0.6536058783531189,1.0021553039550781,0.8006438612937927,1.072529911994934,0.4120035998057574,64.0,0.11049071575204532,3.078125,0.06389615684747696,0.0,0.0
349200,0.022576509043574333,0.020725861191749573,0.0023634445387870073,0.852793276309967,1.0047036409378052,0.6490456461906433,1.0735125541687012,0.44475949998013675,64.0,0.11287207528948784,3.046875,0.05683359503746033,0.0,0.0
349400,0.022921865805983543,0.020749446004629135,0.001532696420326829,0.5675556659698486,1.0030332803726196,0.6959468126296997,1.0739154815673828,0.35085239983163774,64.0,0.11311323195695877,2.921875,0.0548752099275589,0.0,0.0
349600,0.02251368574798107,0.02102755196392536,0.0019333420787006617,0.7741051316261292,1.0056833028793335,0.5155081748962402,1.072885513305664,0.3634466999210417,64.0,0.12105958312749862,2.984375,0.06381994485855103,0.0,0.0
349800,0.024768704548478127,0.021858230233192444,0.003391809295862913,0.6756359338760376,1.0057952404022217,0.5128234028816223,1.0745340585708618,0.3825755000580102,64.0,0.1116533229748408,3.109375,0.05827190726995468,0.0,0.0
350000,0.020707711577415466,0.019464069977402687,0.0015323420520871878,0.7023699283599854,1.0037707090377808,0.6075941920280457,1.0704805850982666,0.8526130998507142,64.0,0.12097323387861252,2.90625,0.05001429468393326,0.0,0.0
350200,0.022895410656929016,0.021357432007789612,0.0026224732864648104,0.6925753951072693,1.0033634901046753,0.6846011281013489,1.070388913154602,0.4155856999568641,64.0,0.11660161490241687,3.296875,0.05303943157196045,0.0,0.0
350400,0.02107728272676468,0.018603378906846046,0.001467874739319086,0.7429462671279907,1.0044667720794678,0.5541092157363892,1.0748283863067627,0.3729489000979811,64.0,0.11178635060787201,2.78125,0.0574905164539814,0.0,0.0
350600,0.023230290040373802,0.0212321225553751,0.0029621596913784742,1.005037784576416,1.0061321258544922,0.42740359902381897,1.0747761726379395,0.38443109998479486,64.0,0.10910603155692418,3.140625,0.05270044505596161,0.0,0.0
350800,0.022044138982892036,0.01953897811472416,0.0021027603652328253,0.7447276711463928,1.0064777135849,0.38982823491096497,1.073062777519226,0.33562810020521283,64.0,0.12028027325868607,2.65625,0.0618649385869503,0.0,0.0
351000,0.023332836106419563,0.020315129309892654,0.0022512776777148247,0.7681927680969238,1.0075246095657349,0.3758429288864136,1.0738004446029663,0.4006133999209851,64.0,0.10387454075472695,3.046875,0.05711766704916954,0.0,0.0
351200,0.02230915240943432,0.020344972610473633,0.0015447920886799693,0.8048133850097656,1.003039002418518,0.6489235162734985,1.0721967220306396,0.37789690005593,64.0,0.12116257697343827,3.015625,0.0542365163564682,0.0,0.0
351400,0.021924156695604324,0.019541844725608826,0.0014651963720098138,0.8599497079849243,1.0041710138320923,0.6310644745826721,1.0758498907089233,0.3626137999817729,64.0,0.11771667624513309,2.859375,0.05533040314912796,0.0,0.0
351600,0.022548826411366463,0.02073119767010212,0.0017058172961696982,0.6653484106063843,1.0038306713104248,0.5773127675056458,1.0741300582885742,0.37364850006997585,64.0,0.1193474108974139,2.90625,0.05934212729334831,0.0,0.0
351800,0.020763449370861053,0.01938346028327942,0.0009800477419048548,0.8475757241249084,1.0019617080688477,0.8252391219139099,1.0733765363693237,0.3315111000556499,64.0,0.1255822241306305,2.75,0.05565844848752022,0.0,0.0
352000,0.02338217757642269,0.021273793652653694,0.0021269333083182573,0.7009345889091492,1.0024749040603638,0.7878751754760742,1.0734726190567017,0.3841053999494761,64.0,0.11822304874658585,3.15625,0.05760655179619789,0.0,0.0
352200,0.022818299010396004,0.02101166732609272,0.0015346574364230037,0.6964507699012756,1.0020737648010254,0.7910258173942566,1.0725533962249756,0.3453424999024719,64.0,0.12535297870635986,2.9375,0.06149807944893837,0.0,0.0
352400,0.02269815281033516,0.020805582404136658,0.002101956168189645,0.655389130115509,1.0027111768722534,0.7865132093429565,1.0732089281082153,0.3677521999925375,64.0,0.1209201842546463,2.953125,0.05437777563929558,0.0,0.0
352600,0.024180013686418533,0.021952230483293533,0.002520246198400855,0.5834516882896423,1.0048649311065674,0.565744161605835,1.0737656354904175,0.37409189995378256,64.0,0.11907076388597489,3.078125,0.05752510577440262,0.0,0.0
352800,0.021140452474355698,0.01965545490384102,0.0020907744765281677,0.6785077452659607,1.0051302909851074,0.5272077322006226,1.073085069656372,0.36503630015067756,64.0,0.11911918818950654,2.859375,0.054405756294727325,0.0,0.0
353000,0.021602217108011246,0.019810296595096588,0.0016222979174926877,0.7318084836006165,1.003947138786316,0.5717043280601501,1.0737700462341309,0.36759719997644424,64.0,0.12087212204933166,2.953125,0.051341455429792404,0.0,0.0
353200,0.02350885234773159,0.020987113937735558,0.0018249074928462505,0.8055997490882874,1.0030837059020996,0.7734053134918213,1.0738312005996704,0.3737213001586497,64.0,0.11460932642221451,2.9375,0.058654628694057465,0.0,0.0
353400,0.023766517639160156,0.021183768287301064,0.0029195065144449472,0.6968315839767456,1.0054240226745605,0.5702164769172668,1.0729296207427979,0.8116448000073433,64.0,0.11080396175384521,3.21875,0.05902593582868576,0.0,0.0
353600,0.025301067158579826,0.02376270294189453,0.0028933356516063213,0.7107729315757751,1.003391146659851,0.6940757036209106,1.0678542852401733,0.4773552000988275,64.0,0.10916722441713016,3.421875,0.05043455585837364,0.0,0.0
353800,0.02016894333064556,0.01863493211567402,0.0016810790402814746,0.7684590816497803,1.0071004629135132,0.4157971143722534,1.07444429397583,0.4295415999367833,64.0,0.12602571956813335,2.625,0.058360837399959564,0.0,0.0
354000,0.022431161254644394,0.01997104287147522,0.0020030662417411804,0.7355538010597229,1.005590558052063,0.6354806423187256,1.0715893507003784,0.4382206001318991,64.0,0.11029239495595296,2.9375,0.05385074019432068,0.0,0.0
354200,0.022964999079704285,0.021530598402023315,0.0019248793832957745,0.7381024360656738,1.0032647848129272,0.6955554485321045,1.07317054271698,0.44308470003306866,64.0,0.1212828978896141,3.046875,0.06099504232406616,0.0,0.0
354400,0.023721206933259964,0.02131064236164093,0.003042650641873479,0.8564732074737549,1.0040183067321777,0.5999954342842102,1.073345422744751,0.6853416000958532,64.0,0.1141563889880975,3.078125,0.05103829875588417,0.0,0.0
354600,0.023012330755591393,0.02047831006348133,0.0017830791184678674,0.8063399791717529,1.002888560295105,0.7462150454521179,1.0732067823410034,0.40164020005613565,64.0,0.12364094555377961,2.984375,0.05302826687693596,0.0,0.0
354800,0.021971672773361206,0.019934028387069702,0.0017565310699865222,0.8288315534591675,1.0031156539916992,0.6991884708404541,1.072506070137024,0.47463389998301864,64.0,0.12291930168867111,3.046875,0.05384033918380737,0.0,0.0
355000,0.023971030488610268,0.021337226033210754,0.003027244471013546,0.7707022428512573,1.0087836980819702,0.3319869339466095,1.0726238489151,0.40903590014204383,64.0,0.11264667784174283,3.0625,0.051405876874923706,0.0,0.0
355200,0.021704671904444695,0.019660748541355133,0.001270695822313428,0.684387743473053,1.0052125453948975,0.5582155585289001,1.0741583108901978,0.42208810010924935,64.0,0.11576847980419795,2.78125,0.053005144000053406,0.0,0.0
355400,0.022298259660601616,0.019965535029768944,0.00225225742906332,1.000023365020752,1.0050833225250244,0.5631607174873352,1.0762135982513428,0.44045979995280504,64.0,0.11702333142360051,2.953125,0.0592837817966938,0.0,0.0
355600,0.023023409768939018,0.020693443715572357,0.002746830927208066,0.9301053285598755,1.0094842910766602,0.3413429856300354,1.0752184391021729,0.4406532999128103,64.0,0.11563857768972714,2.984375,0.054197244346141815,0.0,0.0
355800,0.023159613832831383,0.021193424239754677,0.0020670550875365734,0.7086610794067383,1.0026768445968628,0.7333306074142456,1.0722824335098267,0.48433910007588565,64.0,0.12084317207336426,2.96875,0.05191963538527489,0.0,0.0
356000,0.023630773648619652,0.020656052976846695,0.0023737086448818445,0.6924421191215515,1.0050468444824219,0.4800373911857605,1.0730568170547485,0.4499703000765294,64.0,0.11096321365662984,2.984375,0.05464343726634979,0.0,0.0
356200,0.022318841889500618,0.01978398859500885,0.0018012082437053323,0.5349566340446472,1.0025949478149414,0.791477382183075,1.0726139545440674,0.4476874000392854,64.0,0.12111151069402695,3.046875,0.05248412489891052,0.0,0.0
356400,0.023387659341096878,0.022132180631160736,0.0019148944411426783,0.8574540019035339,1.002232551574707,0.7753373384475708,1.069748044013977,0.43562710005789995,64.0,0.12284024059772491,3.203125,0.055042147636413574,0.0,0.0
356600,0.02202676050364971,0.01982315629720688,0.002528263721615076,0.8064095973968506,1.0039558410644531,0.6924503445625305,1.0761332511901855,0.44769230019301176,64.0,0.11943194021781285,3.03125,0.05170823633670807,0.0,0.0
356800,0.022853348404169083,0.019882380962371826,0.0027650538831949234,0.7956994771957397,1.0037418603897095,0.7225477695465088,1.0757713317871094,0.41443219990469515,64.0,0.11357263599832852,3.1875,0.052598562091588974,0.0,0.0
357000,0.023834697902202606,0.02138659916818142,0.0025076624006032944,0.9166699647903442,1.0032893419265747,0.7628703713417053,1.0723927021026611,0.4149843000341207,64.0,0.12077811062335968,3.09375,0.0560297891497612,0.0,0.0
357200,0.0227514561265707,0.020162953063845634,0.0023674657568335533,0.6666915416717529,1.0045783519744873,0.5417464971542358,1.0728367567062378,0.3674611998721957,64.0,0.12353072464466094,2.9375,0.05072135850787163,0.0,0.0
357400,0.021190226078033447,0.01930733025074005,0.0016597898211330175,0.7664943933486938,1.0039799213409424,0.6845418214797974,1.0734381675720215,0.36879469989798963,64.0,0.11275112132231395,2.84375,0.0559709370136261,0.0,0.0
357600,0.022362062707543373,0.02037106081843376,0.0015605312073603272,0.6613938808441162,1.0018523931503296,0.8381657004356384,1.069421648979187,0.3611677000299096,64.0,0.12130685771505038,2.90625,0.054048579186201096,0.0,0.0
357800,0.023209979757666588,0.02096703089773655,0.0019929513800889254,0.6863254308700562,1.00384521484375,0.632770836353302,1.0729717016220093,0.36734510003589094,64.0,0.12021487206220627,2.953125,0.055493343621492386,0.0,0.0
358000,0.021092725917696953,0.01958705298602581,0.001443526241928339,0.6607288718223572,1.001786470413208,0.8046548366546631,1.0648906230926514,0.35949509986676276,64.0,0.12471790462732316,2.84375,0.05403588339686394,0.0,0.0
358200,0.024794861674308777,0.021853849291801453,0.0018335154745727777,0.7896258234977722,1.0090749263763428,0.3042074739933014,1.0721702575683594,0.38240160001441836,64.0,0.11551547423005104,2.953125,0.05631494149565697,0.0,0.0
358400,0.02075398527085781,0.01945563592016697,0.0013031475245952606,0.7743935585021973,1.0031193494796753,0.74012291431427,1.0701297521591187,0.417294800048694,64.0,0.12301925718784332,2.90625,0.05817720293998718,0.0,0.0
358600,0.02320798859000206,0.020718997344374657,0.002129524014890194,0.6566228866577148,1.0029969215393066,0.6416975259780884,1.0734792947769165,0.3781648001167923,64.0,0.12038394187887509,3.0625,0.046559736132621765,0.0,0.0
358800,0.022745974361896515,0.020731601864099503,0.002513989806175232,0.6908002495765686,1.009468913078308,0.43987977504730225,1.07318913936615,0.39338490017689764,64.0,0.12061235457658767,2.921875,0.0606464147567749,0.0,0.0
359000,0.02227584831416607,0.02088232897222042,0.002264814218506217,0.6991487145423889,1.0032780170440674,0.7243157625198364,1.0708112716674805,0.41854400001466274,64.0,0.12366679012775421,3.09375,0.052657611668109894,0.0,0.0
359200,0.023943515494465828,0.021153956651687622,0.001935962587594986,0.6195113658905029,1.0032153129577637,0.7669121026992798,1.0744869709014893,0.4122679000720382,64.0,0.10987272326435361,2.921875,0.05318588390946388,0.0,0.0
