cost,pos_rmse,pos_p95,vel_rmse,vel_p95,goal_diff_rmse,goal_velocity_diff_rmse,goal_combined,smooth,saturation,torque_util,penetration_depth,joint_clip,penetration,altered_track,explained_variance,weighted_pos,weighted_vel,weighted_goal,weighted_smooth,weighted_sat,weighted_torque,weighted_penetration,actor_loss,critic_loss,actor_grad,critic_grad,batch,batch_seconds
1.788342833518982,0.46475592255592346,1.0543774366378784,1.1800810098648071,2.447596311569214,0.02982182987034321,0.12179194390773773,2.531909227371216,536.83740234375,0.48663249611854553,0.6589446663856506,0.004024185240268707,0.057142630219459534,0.5569818019866943,0.2999105453491211,-4.7206878662109375e-05,0.06560249626636505,0.013442461378872395,0.19419948756694794,0.9821441769599915,0.0,0.5156973600387573,0.017256703227758408,47.98059337139129,2447.826408958435,2301.5338066101076,1033.3121628761292,1,35.15584249992389
1.7920218706130981,0.4634954333305359,1.0510907173156738,1.202500820159912,2.502126932144165,0.029801394790410995,0.12267550826072693,2.534961223602295,537.576904296875,0.48781150579452515,0.6602076888084412,0.003971641417592764,0.055744465440511703,0.5490666031837463,0.3028627336025238,-0.02096843719482422,0.06524713337421417,0.013958090916275978,0.19457320868968964,0.9845085740089417,0.0,0.5166858434677124,0.017048899084329605,18.35207576751709,1484.2838047027587,673.1916027069092,1463.313197040558,2,35.51085319998674
1.7910817861557007,0.4622521996498108,1.0569183826446533,1.1872148513793945,2.4523327350616455,0.02983790449798107,0.1217622458934784,2.533998727798462,538.124267578125,0.48661008477211,0.6589143872261047,0.004165052901953459,0.055641159415245056,0.5604523420333862,0.2988986074924469,-0.01567661762237549,0.0648975819349289,0.013605479151010513,0.19435375928878784,0.9846869111061096,0.0,0.5156736373901367,0.017864199355244637,4.836672788858413,1385.3450912475587,776.4420135498046,1641.550496673584,3,34.6334653000813
1.7883418798446655,0.46448802947998047,1.0584317445755005,1.203214168548584,2.5093483924865723,0.029732054099440575,0.12204886227846146,2.5208773612976074,536.9601440429688,0.48647016286849976,0.6587700843811035,0.00411590002477169,0.05656661093235016,0.5665106177330017,0.3000849485397339,-0.011844396591186523,0.06552689522504807,0.013974656350910664,0.1933056265115738,0.9823246598243713,0.0,0.5155607461929321,0.0176492091268301,2.0616947889328,1328.2542869567872,761.4214179992675,1670.9698234558105,4,34.56778350006789
1.7901252508163452,0.45199692249298096,1.0426440238952637,1.197766900062561,2.4860129356384277,0.029930507764220238,0.1223011165857315,2.5508370399475098,538.2582397460938,0.4869441092014313,0.6593495011329651,0.004145212937146425,0.05620143935084343,0.5576784014701843,0.2942573130130768,0.0007519721984863281,0.06204995512962341,0.013848408125340939,0.1956559270620346,0.9847805500030518,0.0,0.5160142183303833,0.0177763681858778,4.427177301049232,1300.7715240478515,801.3065017700195,1925.4858486175538,5,34.70719210000243
1.785601258277893,0.45450446009635925,1.035601258277893,1.1838741302490234,2.464864730834961,0.02990434318780899,0.12228963524103165,2.547023057937622,536.53759765625,0.4868761897087097,0.6593487858772278,0.00404462032020092,0.05689811334013939,0.5486752986907959,0.29097333550453186,0.09086251258850098,0.06274033337831497,0.013529020361602306,0.1952279657125473,0.9807606339454651,0.0,0.5160136222839355,0.017329581081867218,4.122772598266602,1110.1283584594726,752.3597068786621,3107.8194938659667,6,33.819023900083266
1.78550386428833,0.45417988300323486,1.019058346748352,1.1900627613067627,2.4744021892547607,0.02974092587828636,0.12169656157493591,2.5197670459747314,537.3811645507812,0.48618748784065247,0.6586313843727112,0.004059759899973869,0.056324224919080734,0.5633969902992249,0.2902814447879791,0.42659133672714233,0.06265076249837875,0.01367083378136158,0.1932303011417389,0.983091413974762,0.0,0.5154522061347961,0.01740841194987297,11.725288136303424,742.3235667228698,499.64903450012207,3030.685063171387,7,34.939141700044274
1.7915849685668945,0.4616880416870117,1.0518684387207031,1.1866859197616577,2.459073781967163,0.02983485907316208,0.12212957441806793,2.536036491394043,537.8607788085938,0.4867965281009674,0.6589308381080627,0.004377023782581091,0.056497178971767426,0.5693120956420898,0.2999074161052704,0.4838597774505615,0.06473926454782486,0.013593360781669617,0.19451329112052917,0.9842777848243713,0.0,0.515686571598053,0.018774747848510742,4.231978943943977,625.0963803291321,569.4341911315918,3486.1390075683594,8,35.636026600026526
1.7902079820632935,0.462113618850708,1.0729655027389526,1.186737060546875,2.4817111492156982,0.029877401888370514,0.12191619724035263,2.540663003921509,537.5934448242188,0.4864862561225891,0.6589370965957642,0.004056576639413834,0.05684862658381462,0.5618736743927002,0.2972820997238159,0.6892679929733276,0.06485867500305176,0.013594529591500759,0.19488166272640228,0.9837814569473267,0.0,0.5156914591789246,0.01740010268986225,8.218779516220092,427.63908867836,361.6758148193359,3601.1645416259767,9,35.86538810003549
1.7892417907714844,0.4578315019607544,1.0460907220840454,1.180061936378479,2.4547078609466553,0.029768191277980804,0.12202081084251404,2.525820016860962,537.8524780273438,0.48712316155433655,0.6594501733779907,0.0041832951828837395,0.055723026394844055,0.5700951218605042,0.2985128164291382,0.7596460580825806,0.06366223096847534,0.013442028313875198,0.1937585473060608,0.9843406081199646,0.0,0.5160930156707764,0.017945192754268646,6.453892387636006,341.5924728870392,271.86507377624514,3387.8035430908203,10,35.608602799940854
1.7930880784988403,0.4677497148513794,1.0508137941360474,1.1935442686080933,2.47283935546875,0.029772557318210602,0.12234260141849518,2.5286102294921875,537.8687133789062,0.4871838092803955,0.6595359444618225,0.004204831551760435,0.05651596561074257,0.5647858381271362,0.30446451902389526,0.7700425386428833,0.06645039469003677,0.013750935904681683,0.1940160095691681,0.9846677184104919,0.0,0.5161600708961487,0.018043026328086853,2.9757533580064774,381.4783092737198,282.8074375152588,5240.855992889405,11,36.45754129998386
1.789548397064209,0.4576077163219452,1.0477830171585083,1.1906388998031616,2.498385429382324,0.029972879216074944,0.12198285013437271,2.5547502040863037,537.5612182617188,0.48639965057373047,0.6586685180664062,0.004139529075473547,0.05750199034810066,0.5697638392448425,0.29359349608421326,0.7928887605667114,0.06360001862049103,0.013684072531759739,0.1958739310503006,0.9831631183624268,0.0,0.5154812335968018,0.017745815217494965,6.688744275271892,254.98471901416778,326.4705967903137,3428.597189331055,12,34.94872089999262
1.7967748641967773,0.4773597717285156,1.0677367448806763,1.1987587213516235,2.5023467540740967,0.02985719032585621,0.12206920981407166,2.538811445236206,537.9180297851562,0.48697537183761597,0.6591640710830688,0.004290809389203787,0.05701605603098869,0.5655487179756165,0.3041445314884186,0.8378549814224243,0.06920893490314484,0.01387135311961174,0.1948004961013794,0.9846156239509583,0.0,0.515869140625,0.01840929687023163,5.301976050250232,213.57499465942382,229.68969116210937,2569.7429733276367,13,36.29462910001166
1.7856087684631348,0.46309414505958557,1.0460487604141235,1.1815224885940552,2.4504752159118652,0.029684288427233696,0.12217382341623306,2.5149455070495605,536.63427734375,0.4860019385814667,0.6587188243865967,0.004061318933963776,0.05681813508272171,0.5629347562789917,0.2952870726585388,0.881405234336853,0.0651342049241066,0.013475324958562851,0.19277696311473846,0.9812940955162048,0.0,0.5155206322669983,0.017407454550266266,4.114421018492431,152.93085490465165,176.78934707641602,2544.0573875427244,14,34.991730400011875
1.787764549255371,0.4613106846809387,1.051497220993042,1.179276466369629,2.445012331008911,0.02983107790350914,0.12200877815485,2.534684658050537,537.4537353515625,0.48662200570106506,0.6587902307510376,0.004048425238579512,0.057296305894851685,0.5633190274238586,0.2932499349117279,0.9130661487579346,0.06463349610567093,0.013424139469861984,0.19425946474075317,0.9825233221054077,0.0,0.5155765414237976,0.017347438260912895,6.700761550664902,126.1991363465786,192.88002796173095,1851.8107587814332,15,34.34947820007801
1.7917251586914062,0.470148503780365,1.0630295276641846,1.1993507146835327,2.5070743560791016,0.02988085336983204,0.12219174206256866,2.543010950088501,537.3046875,0.4868099093437195,0.6590355634689331,0.004014194943010807,0.057792048901319504,0.5511378049850464,0.2967337965965271,0.917424201965332,0.06713370978832245,0.013885055668652058,0.1949748992919922,0.9827533960342407,0.0,0.5157685875892639,0.017209559679031372,3.9203866913914682,149.73902794122696,163.79520692825318,2465.1897941589355,16,35.13584829994943
1.7894072532653809,0.45276975631713867,1.0353789329528809,1.1801804304122925,2.4780027866363525,0.02984773926436901,0.12186388671398163,2.5360829830169678,538.692626953125,0.48712629079818726,0.6591941118240356,0.00411210348829627,0.05691591277718544,0.5682471394538879,0.29312238097190857,0.9397886991500854,0.06226233392953873,0.013444727286696434,0.1945294439792633,0.9856425523757935,0.0,0.5158926844596863,0.017635583877563477,5.399408528208733,84.74710043668748,155.48086748123168,1719.912893295288,17,35.8433433000464
1.794847011566162,0.46840664744377136,1.0620578527450562,1.1891611814498901,2.477102279663086,0.02995380572974682,0.12198685854673386,2.552048921585083,538.6704711914062,0.4866931736469269,0.6587843298912048,0.004081998951733112,0.05701437592506409,0.5570459365844727,0.30366116762161255,0.9500195384025574,0.06663718074560165,0.01365012489259243,0.19577765464782715,0.9857020378112793,0.0,0.5155718922615051,0.01750824972987175,0.5748629163950681,62.80465788841248,120.112451171875,1554.878719520569,18,35.94003290007822
1.794959306716919,0.47096091508865356,1.0523978471755981,1.2236734628677368,2.56685471534729,0.02999809943139553,0.12258836627006531,2.562446117401123,537.6171264648438,0.4875435531139374,0.6597281098365784,0.003933770582079887,0.05733637511730194,0.553187370300293,0.30114293098449707,0.9573062658309937,0.06736592203378677,0.014453941956162453,0.19650445878505707,0.9834573864936829,0.0,0.5163105130195618,0.01686703786253929,0.9761706592515111,63.810438248515126,108.76510467529297,1338.589087486267,19,35.34249860001728
1.7968945503234863,0.4718944728374481,1.0714572668075562,1.199018120765686,2.4750213623046875,0.02999315969645977,0.12230297178030014,2.5598104000091553,538.6648559570312,0.4870867431163788,0.6593921780586243,0.004046453163027763,0.058120980858802795,0.5517058968544006,0.3043036162853241,0.9506439566612244,0.067633256316185,0.013877357356250286,0.19635507464408875,0.9856266379356384,0.0,0.5160476565361023,0.01735464297235012,2.7504743039608,50.04017992913723,156.18448734283447,1074.300985622406,20,35.85021359997336
1.7926583290100098,0.46497204899787903,1.0495762825012207,1.2036516666412354,2.5269744396209717,0.0298409853130579,0.12252642959356308,2.53958797454834,538.0149536132812,0.4872616231441498,0.6595702171325684,0.00411646394059062,0.05773492157459259,0.556902289390564,0.2950104773044586,0.9630056619644165,0.06566352397203445,0.013984818011522293,0.19476908445358276,0.9843996167182922,0.0,0.5161868929862976,0.017654230818152428,2.0931430502052537,49.0525118470192,177.34401721954345,1248.9457061767578,21,35.65796929993667
1.7930550575256348,0.45610618591308594,1.0390480756759644,1.1814552545547485,2.4696075916290283,0.029972676187753677,0.1219300627708435,2.554365873336792,539.5263671875,0.4873802363872528,0.6594448089599609,0.004178542178124189,0.05707329139113426,0.5610772371292114,0.2921378016471863,0.972213864326477,0.06318332254886627,0.013473790138959885,0.19582229852676392,0.9865771532058716,0.0,0.5160887837409973,0.01790979690849781,0.7494416769593955,43.20537421703339,105.15764255523682,1011.3388072013855,22,34.78301689994987
1.7868750095367432,0.44626763463020325,1.0165661573410034,1.1668152809143066,2.41617488861084,0.02994798868894577,0.12181390076875687,2.550053834915161,537.9697265625,0.4865168631076813,0.658898651599884,0.004107022657990456,0.056540943682193756,0.5519976019859314,0.29174569249153137,0.9744212627410889,0.060486890375614166,0.013141941279172897,0.1956089586019516,0.9843613505363464,0.0,0.5156614184379578,0.017614537850022316,-3.870335507392883,32.95126204490661,162.30466480255126,859.8194024085999,23,35.91966210003011
1.793847918510437,0.4638660252094269,1.0601441860198975,1.2004902362823486,2.4984164237976074,0.029912395402789116,0.12234935909509659,2.5485763549804688,538.6066284179688,0.48721206188201904,0.65935879945755,0.00395182752981782,0.05678430199623108,0.5494644045829773,0.30139976739883423,0.9779304265975952,0.06535150855779648,0.013911455869674683,0.19557136297225952,0.9860345721244812,0.0,0.5160214900970459,0.016957659274339676,-0.1927292287349701,24.122941324114798,95.2202534198761,522.4663398265839,24,36.58079640008509
1.79033625125885,0.4592493176460266,1.0554736852645874,1.1971378326416016,2.4984145164489746,0.029761791229248047,0.12209643423557281,2.5254201889038086,538.7096557617188,0.4868798851966858,0.6591368317604065,0.004081575199961662,0.05797240138053894,0.5567740797996521,0.29405713081359863,0.9841708540916443,0.06405714899301529,0.013833867385983467,0.19366569817066193,0.9854312539100647,0.0,0.5158477425575256,0.01750035025179386,0.02487660273909569,27.892427508533,81.05676136016845,861.2678114414215,25,35.55563049996272
1.7896263599395752,0.4509412944316864,1.0415159463882446,1.1648015975952148,2.4196038246154785,0.029795482754707336,0.12194014340639114,2.5291569232940674,539.2329711914062,0.48660755157470703,0.6590083241462708,0.0040948158130049706,0.05648728832602501,0.559718668460846,0.2944413125514984,0.9813705086708069,0.061760466545820236,0.013096615672111511,0.1940709799528122,0.9873765110969543,0.0,0.5157471895217896,0.01757470704615116,-0.8168879417702556,25.09119506776333,114.30559339523316,687.2278935432435,26,37.27759429998696
1.7901229858398438,0.4561305046081543,1.0459415912628174,1.1865264177322388,2.4878056049346924,0.02986428700387478,0.1219848096370697,2.539254665374756,538.58251953125,0.48679569363594055,0.6589760184288025,0.00407148664817214,0.05693965405225754,0.561011791229248,0.29500821232795715,0.9778839945793152,0.06319006532430649,0.013589706271886826,0.19474175572395325,0.9854184985160828,0.0,0.5157219171524048,0.017460990697145462,2.575596891535679,48.45668893158436,127.35865707397461,1336.735173892975,27,36.4398675999837
1.792398452758789,0.457940012216568,1.056719422340393,1.185166835784912,2.4660720825195312,0.029960110783576965,0.1220666915178299,2.553488254547119,538.639892578125,0.4873330891132355,0.6595583558082581,0.004055272322148085,0.05732321739196777,0.5546413660049438,0.2978689670562744,0.9823443293571472,0.06369241327047348,0.013558581471443176,0.19588936865329742,0.9856861233711243,0.0,0.5161776542663574,0.017394324764609337,-1.545456175832078,22.26160559654236,98.10492057800293,616.636519241333,28,36.34856509999372
1.7909353971481323,0.4599023759365082,1.040532112121582,1.185285210609436,2.4812867641448975,0.029967140406370163,0.12227541208267212,2.555900812149048,538.5247802734375,0.48663997650146484,0.6589409112930298,0.004033803939819336,0.05728394538164139,0.5605469942092896,0.29361435770988464,0.9827802777290344,0.06423944979906082,0.013561289757490158,0.19584231078624725,0.9843159914016724,0.0,0.5156944394111633,0.01728188432753086,0.13903588437242434,27.213144101202488,71.65981783866883,736.2886347532273,29,34.84150410001166
1.7922155857086182,0.45478400588035583,1.0317833423614502,1.1856303215026855,2.4348461627960205,0.029797665774822235,0.12274748086929321,2.5349180698394775,539.148193359375,0.4880889654159546,0.6604368686676025,0.0039433944039046764,0.05740028992295265,0.5446077585220337,0.3002389371395111,0.9870346784591675,0.0628175362944603,0.013569188304245472,0.1945611834526062,0.9874734282493591,0.0,0.5168651938438416,0.0169291403144598,2.3132438383996488,30.583496877551077,108.25777134895324,889.4980648994446,30,37.54797030007467
1.7920113801956177,0.4574994742870331,1.0295040607452393,1.178490400314331,2.4543981552124023,0.029887525364756584,0.12258992344141006,2.546652317047119,539.0059814453125,0.48697182536125183,0.659233808517456,0.004154226742684841,0.056996770203113556,0.5671640038490295,0.2929658889770508,0.9744789004325867,0.06356993317604065,0.013406249694526196,0.1952725201845169,0.9860261082649231,0.0,0.5159237384796143,0.017812807112932205,-2.147701311297715,27.616397204995156,137.42897324562074,672.2811967849732,31,35.83348360005766
1.7888197898864746,0.4540879428386688,1.029976725578308,1.1795166730880737,2.450528860092163,0.029839999973773956,0.12227513641119003,2.537750720977783,538.1822509765625,0.48711180686950684,0.6594135761260986,0.004095280077308416,0.057965315878391266,0.5585606694221497,0.2939036190509796,0.9856575131416321,0.06262539327144623,0.013429609127342701,0.1946392059326172,0.9845015406608582,0.0,0.5160643458366394,0.017559736967086792,-2.9453175093978645,21.234569048881532,141.16408529281617,520.6453175544739,32,35.75937830004841
1.792086124420166,0.4551917612552643,1.0483958721160889,1.2285640239715576,2.5334243774414062,0.02991820126771927,0.12261469662189484,2.5511984825134277,538.6748657226562,0.4873584806919098,0.6596348881721497,0.004024522379040718,0.05800026282668114,0.5505280494689941,0.2969244122505188,0.9892619848251343,0.06293022632598877,0.014569707214832306,0.1956455409526825,0.9854458570480347,0.0,0.5162376165390015,0.017257098108530045,-0.736968941334635,16.217132483422755,78.03616290092468,513.339963889122,33,36.00587320001796
1.787883996963501,0.44769027829170227,1.0196070671081543,1.1783192157745361,2.482417583465576,0.029791170731186867,0.12230291217565536,2.5309884548187256,539.0634155273438,0.48618364334106445,0.6588101983070374,0.004109769128262997,0.057028137147426605,0.5590970516204834,0.2861187756061554,0.9800215363502502,0.06087316945195198,0.013402355834841728,0.19412197172641754,0.9862695336341858,0.0,0.5155922174453735,0.01762465387582779,0.3515795931220055,23.998143595457076,109.41750602722168,758.8537400245666,34,35.90901230007876
1.7903449535369873,0.46330761909484863,1.045990228652954,1.1958680152893066,2.4736433029174805,0.029763108119368553,0.12219539284706116,2.5262742042541504,538.4046020507812,0.48688435554504395,0.658852219581604,0.004032970406115055,0.05823807790875435,0.5604345798492432,0.29793429374694824,0.9855730533599854,0.065194271504879,0.013804534450173378,0.19369879364967346,0.984732985496521,0.0,0.5156251192092896,0.01728948764503002,2.2523080840706826,16.974987119436264,86.9237678527832,422.7203903198242,35,35.4036850000266
1.7910523414611816,0.45569929480552673,1.0306452512741089,1.1941747665405273,2.4816513061523438,0.029978306964039803,0.12199170887470245,2.555586338043213,538.3820190429688,0.48752954602241516,0.6597702503204346,0.00392815051600337,0.05840134620666504,0.546824038028717,0.2955006957054138,0.9858639240264893,0.06307064741849899,0.013765469193458557,0.19602513313293457,0.9850019812583923,0.0,0.5163435339927673,0.016845431178808212,1.10460346583277,22.81684730350971,67.36154026985169,651.4048790216445,36,35.80144950002432
1.7962244749069214,0.47515013813972473,1.0872631072998047,1.222793459892273,2.5531833171844482,0.02979625202715397,0.12256668508052826,2.5334928035736084,538.7094116210938,0.4877108037471771,0.6596312522888184,0.004053380340337753,0.058127835392951965,0.5614168643951416,0.3032565414905548,0.9878708124160767,0.06856969743967056,0.014433160424232483,0.19427001476287842,0.9853390455245972,0.0,0.5162347555160522,0.017377842217683792,-0.47213238291442394,29.07306826263666,66.56388258934021,761.0124332904816,37,35.626089000026695
1.7872518301010132,0.45007047057151794,1.024726390838623,1.1813881397247314,2.455166816711426,0.02976481057703495,0.12258710712194443,2.5291616916656494,538.869140625,0.4870794117450714,0.6593761444091797,0.003951938822865486,0.05815050005912781,0.5546924471855164,0.28887248039245605,0.9729737043380737,0.06152215600013733,0.013472259044647217,0.1938978135585785,0.9853856563568115,0.0,0.5160350203514099,0.016938716173171997,-4.455876193195581,20.751233103871346,159.85870904922484,517.878227853775,38,35.349943200009875
1.7940534353256226,0.4623531997203827,1.070172905921936,1.1942955255508423,2.4935004711151123,0.029885534197092056,0.12251149117946625,2.545837640762329,539.218505859375,0.48760727047920227,0.6597275137901306,0.00406485004350543,0.05821477621793747,0.5563880801200867,0.2970026731491089,0.991126537322998,0.06492594629526138,0.013768253847956657,0.19523224234580994,0.9863878488540649,0.0,0.5163100361824036,0.01742909476161003,1.183747038245201,16.299514254927637,71.83844251632691,527.2528099775315,39,35.86091669998132
1.7847380638122559,0.4414902627468109,1.0184574127197266,1.1756689548492432,2.453526496887207,0.029713649302721024,0.12250832468271255,2.5213661193847656,538.5285034179688,0.48709753155708313,0.6591616272926331,0.00425116578117013,0.058473851531744,0.5685406923294067,0.285746693611145,0.9875327944755554,0.0591987743973732,0.013342137448489666,0.1932755708694458,0.9848318099975586,0.0,0.5158671736717224,0.018222535029053688,1.6125246904790402,14.251095150411128,71.8007831811905,476.2665233135223,40,35.456045700004324
1.7900042533874512,0.45591187477111816,1.0462456941604614,1.1873359680175781,2.480030059814453,0.02969006448984146,0.12258739024400711,2.51855731010437,539.08984375,0.48718464374542236,0.6595447063446045,0.004078284837305546,0.05869055911898613,0.5593513250350952,0.2941012978553772,0.9853132367134094,0.0631294995546341,0.013608255423605442,0.19318532943725586,0.986422598361969,0.0,0.5161670446395874,0.017491495236754417,-0.23794111590832473,18.09870051443577,86.09534657001495,591.4970350980759,41,36.19533540005796
1.788258671760559,0.4426248073577881,1.0202202796936035,1.1744656562805176,2.445756673812866,0.029770975932478905,0.12215860933065414,2.527144193649292,539.773193359375,0.48740753531455994,0.6597937345504761,0.004116286523640156,0.059132132679224014,0.5573248267173767,0.2870471775531769,0.9833007454872131,0.05950344726443291,0.013314837589859962,0.1938319057226181,0.9875935912132263,0.0,0.5163619518280029,0.017653055489063263,-3.5804725870490075,20.48495561182499,168.48403062820435,634.0016496658325,42,35.914486800087616
1.7905017137527466,0.46097996830940247,1.050158143043518,1.1907702684402466,2.4834940433502197,0.029589984565973282,0.12222559750080109,2.501953125,539.1663818359375,0.4867805242538452,0.6590439081192017,0.004188939929008484,0.05885137617588043,0.5636733770370483,0.2970479428768158,0.9884803891181946,0.06454084068536758,0.013687092810869217,0.19191507995128632,0.9866164922714233,0.0,0.5157750248908997,0.017967063933610916,-2.1595678880810736,14.103359964489936,91.76823468208313,1488.3449079990387,43,36.38444299995899
1.791876196861267,0.46430301666259766,1.0640954971313477,1.1992123126983643,2.488269567489624,0.02971617504954338,0.12238535284996033,2.5208933353424072,539.173095703125,0.4872608780860901,0.6594400405883789,0.0038589853793382645,0.05969034135341644,0.5451425909996033,0.30001163482666016,0.9907624125480652,0.06547470390796661,0.013881850987672806,0.19335420429706573,0.9865302443504333,0.0,0.5160850882530212,0.016550181433558464,0.5368129143025726,13.371936298906803,56.34161252975464,339.62672102451324,44,35.99049019999802
1.7879329919815063,0.45288312435150146,1.0423970222473145,1.1590100526809692,2.4255380630493164,0.029699036851525307,0.12181232124567032,2.5146021842956543,539.5152587890625,0.4861688017845154,0.6587494015693665,0.004139110445976257,0.05875857174396515,0.5659194588661194,0.2862929701805115,0.986273467540741,0.062293510884046555,0.012966703623533249,0.19278012216091156,0.9866065979003906,0.0,0.515544593334198,0.017741678282618523,-1.1223696492612363,16.602970039844514,92.58692536354064,457.86418771743774,45,35.279019800014794
1.7981624603271484,0.46925655007362366,1.0672698020935059,1.2258394956588745,2.545670509338379,0.02973734401166439,0.1227637529373169,2.526456832885742,540.195068359375,0.48798877000808716,0.6599962115287781,0.004201302770525217,0.05885738134384155,0.5662454962730408,0.3045678436756134,0.9882274866104126,0.06687922775745392,0.014505157247185707,0.1938234567642212,0.988415539264679,0.0,0.5165203809738159,0.01801856979727745,-1.0238145370036364,19.311330634355546,104.50087246894836,616.727210855484,46,36.295625300030224
1.7888813018798828,0.45644494891166687,1.0486637353897095,1.1922519207000732,2.4897329807281494,0.029780294746160507,0.12247836589813232,2.5306270122528076,539.2387084960938,0.48698556423187256,0.6593096256256104,0.0038563937414437532,0.05935583636164665,0.544762134552002,0.2906550467014313,0.9927377104759216,0.0632772222161293,0.013721173629164696,0.19391103088855743,0.9854695796966553,0.0,0.5159830451011658,0.016519272699952126,0.15918108145415316,16.275470674037933,56.48873805999756,553.498167014122,47,34.67127639998216
1.7906123399734497,0.45987141132354736,1.056589961051941,1.1777102947235107,2.438760757446289,0.029654551297426224,0.12219823151826859,2.5108983516693115,539.4241333007812,0.4869862496852875,0.6593373417854309,0.004084568936377764,0.059001706540584564,0.5577682256698608,0.2971380054950714,0.9832825660705566,0.0642307922244072,0.013388508930802345,0.19256380200386047,0.9869085550308228,0.0,0.5160046219825745,0.017516208812594414,0.5341019112616777,13.303435449302196,72.60742988586426,405.2553623199463,48,36.300898500019684
1.7863599061965942,0.449296772480011,1.037040114402771,1.176931381225586,2.4641764163970947,0.02970479242503643,0.12230482697486877,2.518735408782959,538.792724609375,0.4871445894241333,0.6593834161758423,0.003968702629208565,0.06034485995769501,0.5457829833030701,0.29048267006874084,0.9912723898887634,0.061310816556215286,0.01337080355733633,0.1931387037038803,0.9854838848114014,0.0,0.5160408020019531,0.017014676705002785,0.007395613333210349,14.081988313794136,56.148727607727054,523.983341383934,49,35.524768300005235
1.7889914512634277,0.45043548941612244,1.038540005683899,1.1767024993896484,2.458211660385132,0.029736904427409172,0.12256621569395065,2.525057315826416,538.9805908203125,0.48761290311813354,0.6599803566932678,0.004072775132954121,0.06026449427008629,0.557037889957428,0.29299071431159973,0.9908118844032288,0.06162199750542641,0.013365601189434528,0.19368913769721985,0.9863368272781372,0.0,0.5165079236030579,0.01746988110244274,2.0700688660144806,17.0462741330266,79.62203598022461,563.0692152023315,50,36.39667429996189
1.793092966079712,0.4654472768306732,1.0439624786376953,1.191945195198059,2.4689908027648926,0.029799629002809525,0.12237835675477982,2.532700777053833,539.0238647460938,0.48704418540000916,0.659178614616394,0.0041451710276305676,0.05917460471391678,0.5662588477134705,0.2959674596786499,0.9774774312973022,0.065797820687294,0.01371411606669426,0.1941826343536377,0.9857494831085205,0.0,0.5158804655075073,0.017768407240509987,2.8046311171725393,20.067857643961908,89.86493859291076,540.7084397792817,51,35.69383080000989
1.7938345670700073,0.4674426019191742,1.068557620048523,1.1971709728240967,2.4990904331207275,0.029777508229017258,0.12232230603694916,2.5291764736175537,539.4371337890625,0.4876767694950104,0.659626305103302,0.0039864894933998585,0.06001606211066246,0.5473807454109192,0.30008363723754883,0.9899387955665588,0.06636316329240799,0.013834632001817226,0.19391420483589172,0.9864052534103394,0.0,0.5162308216094971,0.01708647981286049,0.14992135064676404,18.847469651699065,72.19303607940674,616.7681241989136,52,35.70387770002708
1.789377212524414,0.4616315960884094,1.0627278089523315,1.1840894222259521,2.451737880706787,0.029614895582199097,0.12196129560470581,2.503692388534546,538.9783325195312,0.4868629276752472,0.6591311693191528,0.004076466895639896,0.06036507338285446,0.5497117042541504,0.2957875728607178,0.9932522773742676,0.0647234320640564,0.013533940538764,0.19197265803813934,0.9858273267745972,0.0,0.5158433318138123,0.017476757988333702,0.48104631507303564,14.994556225836277,58.263793396949765,520.4881890296936,53,35.78225729998667
1.7943731546401978,0.4659406542778015,1.0581982135772705,1.1966040134429932,2.4888741970062256,0.02965802140533924,0.12255042046308517,2.513768196105957,539.1414184570312,0.4880400002002716,0.6602640151977539,0.004194929730147123,0.060041651129722595,0.5629245638847351,0.30026283860206604,0.9923567771911621,0.06593739241361618,0.013821529224514961,0.19288380444049835,0.9869998097419739,0.0,0.5167298913002014,0.018000582233071327,-1.143732351064682,11.764208735525608,69.81203999519349,359.27557224035263,54,36.94141159998253
1.7882308959960938,0.4563102126121521,1.0364201068878174,1.1574863195419312,2.417402505874634,0.029654262587428093,0.12233525514602661,2.51178240776062,539.5228881835938,0.48614466190338135,0.6583476662635803,0.0040802801959216595,0.06033969298005104,0.5602998733520508,0.29127103090286255,0.9854211211204529,0.06323986500501633,0.01293263304978609,0.19258320331573486,0.9867532849311829,0.0,0.515230119228363,0.017491865903139114,3.2287987232208253,19.85787999331951,85.98010082244873,463.0788048028946,55,35.71224419993814
1.7908521890640259,0.45749470591545105,1.0276182889938354,1.1773265600204468,2.4352338314056396,0.029610715806484222,0.12246319651603699,2.506486654281616,539.7907104492188,0.4875629246234894,0.659848690032959,0.004106094595044851,0.06012121960520744,0.5505937933921814,0.29663264751434326,0.9866134524345398,0.0635685995221138,0.013379784300923347,0.19225502014160156,0.9876344799995422,0.0,0.5164048671722412,0.017609506845474243,2.718383510410786,15.653274941444398,109.29123816490173,374.6932231903076,56,36.22605619998649
1.7958073616027832,0.46530619263648987,1.059996247291565,1.2054733037948608,2.5038020610809326,0.029621917754411697,0.12257363647222519,2.508816957473755,540.4769287109375,0.48813366889953613,0.660274088382721,0.004047704860568047,0.06017502024769783,0.5447677373886108,0.30251893401145935,0.9937378168106079,0.06575794517993927,0.014027180150151253,0.1924998015165329,0.9894161820411682,0.0,0.5167378187179565,0.01736833155155182,1.131530905631371,21.605226193368434,63.186642217636106,656.3844978570938,57,36.955814599990845
1.794360637664795,0.46407896280288696,1.037940502166748,1.2068228721618652,2.4947776794433594,0.029590636491775513,0.12296119332313538,2.507021427154541,540.087158203125,0.488042950630188,0.6598939299583435,0.004164108075201511,0.05987202003598213,0.5635243058204651,0.3004516661167145,0.991300642490387,0.0654115378856659,0.014058606699109077,0.1923002004623413,0.9882895350456238,0.0,0.5164402723312378,0.01786033995449543,0.41628810642287134,25.15635817050934,62.58645515441894,742.0942276060581,58,36.21240429999307
1.7957576513290405,0.4670943319797516,1.0533419847488403,1.2343617677688599,2.5790348052978516,0.029637781903147697,0.12302529066801071,2.5141210556030273,540.3877563476562,0.48774588108062744,0.6598643660545349,0.004023085813969374,0.06042422726750374,0.5485331416130066,0.2981468737125397,0.9921116828918457,0.0662643238902092,0.014707543887197971,0.19279199838638306,0.9883298873901367,0.0,0.5164171457290649,0.017246587201952934,-0.24225824903696774,10.260661253333092,65.38181557655335,320.73834949731827,59,35.694632500060834
1.792624831199646,0.46845462918281555,1.058754801750183,1.1933040618896484,2.4871835708618164,0.02956700138747692,0.1222090870141983,2.4985969066619873,540.0804443359375,0.4869173467159271,0.6590452790260315,0.003959289286285639,0.06088436022400856,0.550618052482605,0.29930517077445984,0.9917504787445068,0.06665084511041641,0.013745403848588467,0.19161595404148102,0.9878618121147156,0.0,0.5157760977745056,0.016974711790680885,0.43337919512705414,22.755104918777942,47.98197131156921,637.5198441028595,60,35.6285742999753
1.792236566543579,0.4576397240161896,1.0301152467727661,1.203866958618164,2.5119376182556152,0.02975819632411003,0.12229318916797638,2.526236057281494,539.6612548828125,0.4875335693359375,0.659476637840271,0.004026807378977537,0.06118407100439072,0.5487232208251953,0.2942163646221161,0.9895375967025757,0.06360891461372375,0.013989821076393127,0.19381067156791687,0.9874432682991028,0.0,0.5161136984825134,0.017270272597670555,-2.8790548175573347,11.905202232301235,108.76339864730835,313.78213880062106,61,36.37796980002895
1.796651005744934,0.4729321599006653,1.0778834819793701,1.1994497776031494,2.5022406578063965,0.029745975509285927,0.12258904427289963,2.5264997482299805,539.6708984375,0.48767679929733276,0.6596619486808777,0.00394684262573719,0.06120758503675461,0.5430623292922974,0.30371734499931335,0.9924904704093933,0.06793103367090225,0.013887348584830761,0.19383791089057922,0.9878027439117432,0.0,0.516258716583252,0.016933176666498184,-0.14817314790561795,9.676033568382262,57.56584796905518,311.24767211675646,62,36.65426329988986
1.7919799089431763,0.46318337321281433,1.057762861251831,1.2231063842773438,2.5165629386901855,0.029510479420423508,0.12300566583871841,2.496016502380371,539.7138061523438,0.48849114775657654,0.6605303883552551,0.004021355416625738,0.061959609389305115,0.5421937108039856,0.29924577474594116,0.9935451149940491,0.06515929847955704,0.014440548606216908,0.19134661555290222,0.9868600368499756,0.0,0.5169383883476257,0.01723502390086651,0.4220447473198874,8.473062689602376,43.617848896980284,208.57147341370583,63,35.25317639997229
1.7913607358932495,0.45866093039512634,1.0653592348098755,1.1765391826629639,2.4513800144195557,0.02956211380660534,0.12203941494226456,2.4967634677886963,540.44970703125,0.48719123005867004,0.6593222618103027,0.0041387202218174934,0.06082736328244209,0.5528984069824219,0.297457754611969,0.9932189583778381,0.06389310956001282,0.013361893594264984,0.19149474799633026,0.9888680577278137,0.0,0.5159929394721985,0.017749926075339317,-0.670815645903349,14.325299914181233,57.99661672115326,463.59481782913207,64,36.262298300047405
1.790230631828308,0.4537937641143799,1.0409435033798218,1.1896427869796753,2.4776926040649414,0.029654227197170258,0.1229202151298523,2.515735387802124,539.5853881835938,0.4868924915790558,0.6592544317245483,0.004084890242666006,0.06156134977936745,0.5548620820045471,0.293692022562027,0.9936404228210449,0.06254427880048752,0.013661189004778862,0.19299399852752686,0.9875673651695251,0.0,0.5159398317337036,0.01752404123544693,0.5903616048395633,11.851680386066437,52.12645750045776,404.2640698671341,65,36.74157269997522
1.7829657793045044,0.4463612139225006,1.0456739664077759,1.1597528457641602,2.4351212978363037,0.029544292017817497,0.12204958498477936,2.4943177700042725,539.1423950195312,0.4862120747566223,0.6585909724235535,0.0040379976853728294,0.061811234802007675,0.5588105916976929,0.28617215156555176,0.9941771626472473,0.06051226332783699,0.012983330525457859,0.19117611646652222,0.9855713844299316,0.0,0.5154206156730652,0.017302073538303375,-0.9013039642944932,10.18158692419529,66.41998600959778,313.8261078596115,66,35.13226549990941
1.788791298866272,0.4601614773273468,1.0573617219924927,1.1718072891235352,2.4426236152648926,0.029581846669316292,0.1220054104924202,2.4993202686309814,539.7542114257812,0.4868561029434204,0.6590190529823303,0.0039449892938137054,0.061906974762678146,0.5431995391845703,0.29618537425994873,0.9895254969596863,0.06431186199188232,0.013254629448056221,0.19160783290863037,0.9869531989097595,0.0,0.5157555937767029,0.016908058896660805,-1.6798717537894845,10.725898121297359,75.6508367061615,268.0274119138718,67,35.185799499973655
1.7925001382827759,0.4573272466659546,1.0410854816436768,1.1900452375411987,2.464073896408081,0.029702842235565186,0.12265282869338989,2.5208113193511963,540.0831298828125,0.487876296043396,0.6599598526954651,0.0038813194260001183,0.062382206320762634,0.5442491769790649,0.29696768522262573,0.9913039207458496,0.06352207064628601,0.013670430518686771,0.1934506744146347,0.9887104034423828,0.0,0.5164918899536133,0.016654642298817635,1.1067195877141784,11.161885050684214,66.93839616775513,390.4247886061668,68,36.635763600002974
1.7874919176101685,0.4525456130504608,1.0254325866699219,1.1825885772705078,2.4684643745422363,0.029578767716884613,0.12227030098438263,2.5006706714630127,539.7901611328125,0.486640602350235,0.6590176224708557,0.003940766677260399,0.06238642334938049,0.5500077605247498,0.29183119535446167,0.9931694865226746,0.06220070645213127,0.013499652966856956,0.19175821542739868,0.9873826503753662,0.0,0.5157544612884521,0.016896186396479607,0.950194950401783,11.11265707910061,45.05696864128113,305.1652735233307,69,35.74405419989489
1.79056978225708,0.4622826874256134,1.0430903434753418,1.2068406343460083,2.505007743835449,0.02967066317796707,0.1221851259469986,2.5130913257598877,539.113525390625,0.48723408579826355,0.6592263579368591,0.004002781119197607,0.06248074397444725,0.5444338321685791,0.29700514674186707,0.9936969876289368,0.06490614265203476,0.014059021137654781,0.1926894336938858,0.9858404397964478,0.0,0.5159178972244263,0.017156774178147316,-1.1157836079597474,10.135708161443471,62.35208673477173,325.47943193912505,70,35.73843639995903
1.788474678993225,0.4537966251373291,1.0401843786239624,1.1786373853683472,2.4398536682128906,0.02954743057489395,0.12248773872852325,2.4977169036865234,539.7766723632812,0.4870893657207489,0.6595646739006042,0.004188138525933027,0.0618421696126461,0.5557061433792114,0.29075637459754944,0.9938988089561462,0.0625450611114502,0.013409595936536789,0.1914656162261963,0.9869229197502136,0.0,0.5161826014518738,0.01794888637959957,-0.4294418083070923,7.416703198850155,55.08908896446228,180.64002237319946,71,35.43082220002543
1.7951295375823975,0.46489158272743225,1.0551824569702148,1.1964565515518188,2.4866676330566406,0.029777325689792633,0.1228649839758873,2.5328221321105957,539.7913208007812,0.4876711070537567,0.6599636077880859,0.00403280183672905,0.06296191364526749,0.5430281758308411,0.3001132011413574,0.9908004999160767,0.06564079970121384,0.013818125240504742,0.19428227841854095,0.9875988960266113,0.0,0.5164948105812073,0.017294539138674736,-0.07918182502471609,12.614189806580544,61.79303026199341,316.6358280181885,72,36.19137969997246
1.7897406816482544,0.45654892921447754,1.0362741947174072,1.1664009094238281,2.4558281898498535,0.029648980125784874,0.12235744297504425,2.511183977127075,539.7402954101562,0.4865662157535553,0.6589733958244324,0.004149614367634058,0.06231655925512314,0.5643798112869263,0.29205790162086487,0.9917340874671936,0.0633060485124588,0.013132606633007526,0.19256484508514404,0.9872269034385681,0.0,0.5157198905944824,0.01779046654701233,1.044164416193962,13.100778065621853,45.980519604682925,367.3320015668869,73,35.732270299922675
1.7944748401641846,0.46346408128738403,1.0597182512283325,1.1849586963653564,2.487612247467041,0.029692519456148148,0.12250163406133652,2.518325090408325,540.2236328125,0.48715001344680786,0.659302830696106,0.004153809975832701,0.06311354786157608,0.5533695220947266,0.29903310537338257,0.9897460341453552,0.06523829698562622,0.013553819619119167,0.19321990013122559,0.9886665940284729,0.0,0.5159777402877808,0.017818467691540718,-2.7051389902830123,8.7168172493577,97.2944953918457,279.83647215366364,74,36.766312599997036
1.7911767959594727,0.45702141523361206,1.054756999015808,1.2020624876022339,2.477041721343994,0.02970036305487156,0.1225135326385498,2.519517183303833,539.390869140625,0.48727163672447205,0.659393846988678,0.004176713526248932,0.06258686631917953,0.5488699674606323,0.2941220998764038,0.9923256039619446,0.06343714147806168,0.01394791528582573,0.19322329759597778,0.9866124391555786,0.0,0.5160489082336426,0.017907096073031425,-2.005236477404833,12.59293473958969,75.13007793426513,402.730556344986,75,36.20350379997399
1.7933520078659058,0.4625166058540344,1.0663213729858398,1.1843098402023315,2.4763100147247314,0.02957722544670105,0.12305580079555511,2.505770206451416,540.6398315429688,0.48744675517082214,0.6598926186561584,0.003994537517428398,0.06117425486445427,0.5495784878730774,0.29774534702301025,0.9913982152938843,0.06497184187173843,0.013538978062570095,0.19217346608638763,0.9890989661216736,0.0,0.5164392590522766,0.01712954044342041,-1.2361638348549604,9.375008684396743,68.98108141422271,181.35795921087265,76,35.62233200005721
1.7906084060668945,0.45494192838668823,1.0388795137405396,1.1856318712234497,2.4580583572387695,0.029611319303512573,0.12289799749851227,2.5095155239105225,540.609130859375,0.4867662787437439,0.6589836478233337,0.004120408557355404,0.06209360808134079,0.5567086338996887,0.2912856936454773,0.98490971326828,0.06286116689443588,0.013569219969213009,0.1923692524433136,0.9884226322174072,0.0,0.5157278776168823,0.01765822246670723,1.5923020910471677,12.638524189591408,74.07379395961762,359.48588359355927,77,35.43096400005743
1.7953908443450928,0.460025429725647,1.0335533618927002,1.2134360074996948,2.519279718399048,0.029746929183602333,0.12312845885753632,2.53029203414917,540.65283203125,0.4875052869319916,0.6597417593002319,0.004029233008623123,0.06286902725696564,0.5442140102386475,0.29650625586509705,0.9933361411094666,0.06427383422851562,0.014213105663657188,0.19407275319099426,0.9892297387123108,0.0,0.5163212418556213,0.01728018932044506,0.7735411005094648,9.854686473309993,47.018172812461856,274.28351851701734,78,36.53355749999173
1.7865021228790283,0.44622132182121277,1.0164612531661987,1.177727222442627,2.4457149505615234,0.029716389253735542,0.12259001284837723,2.5223073959350586,539.45361328125,0.4872526228427887,0.6597708463668823,0.003852853551506996,0.06357520073652267,0.5407174229621887,0.2900014817714691,0.9937116503715515,0.06047434359788895,0.013388892635703087,0.19338645040988922,0.9863954186439514,0.0,0.5163440108299255,0.01651303470134735,-1.1117636803537607,10.882558965682984,58.73059840202332,363.8375408113003,79,35.42926440003794
1.793870449066162,0.47123804688453674,1.0491065979003906,1.1990710496902466,2.4948699474334717,0.029546944424510002,0.12240027636289597,2.4970571994781494,539.9244384765625,0.48687440156936646,0.6592336297035217,0.004025905393064022,0.062472980469465256,0.5545408725738525,0.3020113706588745,0.9930974841117859,0.06744523346424103,0.01387858297675848,0.1915115863084793,0.9878464341163635,0.0,0.5159235596656799,0.01726503111422062,0.08584890995407476,15.983425256609916,48.62988390922546,487.3114924311638,80,36.15357989992481
1.7928383350372314,0.4625681936740875,1.0366697311401367,1.19337797164917,2.4629743099212646,0.02960078977048397,0.12229716032743454,2.503962278366089,540.4646606445312,0.48745375871658325,0.6595720648765564,0.003969316836446524,0.06230998784303665,0.5488110184669495,0.30136749148368835,0.9941971898078918,0.06498633325099945,0.013747104443609715,0.19206596910953522,0.9888283610343933,0.0,0.5161884427070618,0.01702224463224411,0.7503828339278698,7.453311309218407,54.27449922561645,183.61374765634537,81,36.14720279991161
1.7927249670028687,0.46256035566329956,1.0571430921554565,1.191889762878418,2.4597177505493164,0.02966318279504776,0.1223023533821106,2.5128231048583984,540.0474243164062,0.4876828193664551,0.6599358916282654,0.0038637015968561172,0.06374750286340714,0.5333118438720703,0.29861685633659363,0.9935812950134277,0.06498412787914276,0.013712840154767036,0.19278454780578613,0.9881987571716309,0.0,0.516473114490509,0.016571559011936188,-0.25934891486540435,7.450500106811523,62.77966799736023,181.49216158390044,82,36.33021769998595
1.7877038717269897,0.45105066895484924,1.0395023822784424,1.1648894548416138,2.4223506450653076,0.029650183394551277,0.12162842601537704,2.5064468383789062,539.8782958984375,0.4867480993270874,0.6589110493659973,0.003969465848058462,0.06393953412771225,0.5424908995628357,0.291003555059433,0.99223393201828,0.06179042533040047,0.013098593801259995,0.19228912889957428,0.9878305792808533,0.0,0.5156710743904114,0.017024172469973564,-0.6389497490366921,18.359814185649157,52.80261406898499,578.1057125329971,83,36.169308400014415
1.7909560203552246,0.457124263048172,1.0301860570907593,1.2199931144714355,2.519270896911621,0.02941187098622322,0.12347620725631714,2.485349178314209,540.7330322265625,0.48705804347991943,0.6594681739807129,0.003963409457355738,0.06319446861743927,0.5542920231819153,0.2947668135166168,0.9677126407623291,0.06346570700407028,0.01436713058501482,0.19061695039272308,0.9894007444381714,0.0,0.5161070823669434,0.016998307779431343,4.020042477175593,30.01295457482338,112.13773608207703,571.2577018380165,84,36.12326479994226
1.7931396961212158,0.4620135724544525,1.0521332025527954,1.1891735792160034,2.479503631591797,0.029550747945904732,0.12275940924882889,2.500023365020752,540.4822998046875,0.48860257863998413,0.6605561375617981,0.0040064784698188305,0.06295718997716904,0.5408313274383545,0.2991330027580261,0.9931613802909851,0.06483059376478195,0.013650409877300262,0.19173282384872437,0.9887869954109192,0.0,0.5169585347175598,0.01718032918870449,-0.09488864913582802,9.036737082153559,49.82365591526032,189.03288341760634,85,36.213996000005864
1.7922673225402832,0.4607450067996979,1.0509992837905884,1.195668339729309,2.486870050430298,0.029542692005634308,0.12243536859750748,2.496694564819336,540.7250366210938,0.48786869645118713,0.6599401831626892,0.0038739268202334642,0.0634380578994751,0.5351718664169312,0.29897090792655945,0.9950055480003357,0.06447506695985794,0.013799921609461308,0.1915528029203415,0.9893490076065063,0.0,0.5164765119552612,0.016613909974694252,0.6422190066426993,11.962159360945225,46.554392552375795,420.16990345716476,86,36.049399200011976
1.793755054473877,0.4612310230731964,1.0575625896453857,1.199414849281311,2.500542640686035,0.029475808143615723,0.12285564839839935,2.4901177883148193,540.7887573242188,0.4876302182674408,0.6599122881889343,0.004116941709071398,0.06403740495443344,0.5554538369178772,0.2991289496421814,0.9936085939407349,0.06461116671562195,0.013886540196835995,0.1910828948020935,0.9900532960891724,0.0,0.5164546966552734,0.01766659878194332,-0.6629775237845024,11.792180661857127,61.7655216217041,269.74538733959196,87,37.07411210006103
1.7936553955078125,0.4658495783805847,1.056118130683899,1.1553932428359985,2.416738986968994,0.02959938906133175,0.12204337865114212,2.5020534992218018,540.896484375,0.48603734374046326,0.6583930850028992,0.0040522608906030655,0.0637647807598114,0.5593084692955017,0.29984891414642334,0.9948074817657471,0.06591161340475082,0.012885904870927334,0.19200660288333893,0.9901972413063049,0.0,0.515265703201294,0.017388110980391502,0.5497157217469066,8.753854875266551,55.04951810836792,222.22403399944307,88,37.00821989995893
1.7917685508728027,0.45130279660224915,1.0294537544250488,1.202924132347107,2.5112433433532715,0.029479235410690308,0.12273801863193512,2.489802837371826,541.2274169921875,0.4877597391605377,0.6600620746612549,0.004261484835296869,0.06434463709592819,0.5500922203063965,0.29289621114730835,0.9917869567871094,0.061859529465436935,0.013967917300760746,0.19095271825790405,0.9901429414749146,0.0,0.5165718793869019,0.018273698166012764,-2.893572074174881,16.345413146913053,107.3984953403473,438.3670349597931,89,36.282359400065616
1.7898916006088257,0.45979785919189453,1.049233317375183,1.1792041063308716,2.452934980392456,0.029395071789622307,0.12248652428388596,2.4762749671936035,540.576904296875,0.48742035031318665,0.659675121307373,0.004108990542590618,0.06364670395851135,0.5510216951370239,0.2953045070171356,0.9947023987770081,0.06421025842428207,0.013422492891550064,0.1898365467786789,0.988540768623352,0.0,0.5162690281867981,0.01761244609951973,-0.38137203425285404,10.695024248957633,47.62365231513977,366.7105755567551,90,35.846783100045286
1.8030884265899658,0.47915226221084595,1.0824426412582397,1.227127194404602,2.5333118438720703,0.02961566485464573,0.12285079061985016,2.509809732437134,541.416259765625,0.4889661371707916,0.6608760952949524,0.004141429904848337,0.06346640735864639,0.5476469993591309,0.3093757927417755,0.9943018555641174,0.06972966343164444,0.014535650610923767,0.19262664020061493,0.9912155866622925,0.0,0.5172089338302612,0.017771925777196884,-0.883530554920435,8.771378426998854,57.75120186805725,241.1747743368149,91,36.89299550000578
1.7852540016174316,0.44618457555770874,1.0328574180603027,1.1612026691436768,2.411067247390747,0.029426278546452522,0.12265961617231369,2.4818263053894043,540.7879638671875,0.48673129081726074,0.6591268181800842,0.0040544793009757996,0.06282834708690643,0.5513083934783936,0.285471647977829,0.9952030181884766,0.06046438589692116,0.013015813194215298,0.19019058346748352,0.9883741736412048,0.0,0.5158399343490601,0.01736908219754696,0.45369893523165955,6.049708814173937,41.29315152168274,183.38663371801377,92,34.7415196999209
1.7959438562393188,0.4647427201271057,1.0302371978759766,1.205984354019165,2.5237209796905518,0.02954361028969288,0.12281057238578796,2.4993631839752197,541.4614868164062,0.4879787266254425,0.6599172949790955,0.0040635885670781136,0.063054159283638,0.5503875017166138,0.29463618993759155,0.9898029565811157,0.06559877097606659,0.014039077796041965,0.19171643257141113,0.9907035827636719,0.0,0.5164585709571838,0.01742742955684662,-0.001402181648882106,10.703218796849251,50.491263198852536,192.61294441223146,93,36.15555639995728
1.7927948236465454,0.45745226740837097,1.0573400259017944,1.1956716775894165,2.4876670837402344,0.029450008645653725,0.1230662614107132,2.4879188537597656,541.5259399414062,0.488202303647995,0.6605196595191956,0.003958374261856079,0.06343323737382889,0.5427506566047668,0.2944427728652954,0.9949817657470703,0.06355680525302887,0.013800001703202724,0.19083073735237122,0.9907030463218689,0.0,0.5169300436973572,0.01697416789829731,-0.25878450479358434,6.420728059113026,55.701357054710385,199.34612987041473,94,35.88487599999644
1.792138695716858,0.46407759189605713,1.0600184202194214,1.182063102722168,2.4561069011688232,0.029357846826314926,0.12250174582004547,2.4711577892303467,541.3554077148438,0.486945241689682,0.6591662764549255,0.003996257670223713,0.06213713809847832,0.557047426700592,0.29922300577163696,0.9954447746276855,0.06541113555431366,0.013487657532095909,0.1895763874053955,0.9906514883041382,0.0,0.5158708095550537,0.017141124233603477,-0.022149199317209423,8.904801612347365,41.036931943893435,280.78800187110903,95,36.498004799941555
1.7918919324874878,0.4638911783695221,1.0549814701080322,1.1748064756393433,2.427856922149658,0.029442964121699333,0.12251505255699158,2.4831931591033936,541.0465087890625,0.4874335527420044,0.6596220135688782,0.0039362418465316296,0.06326732784509659,0.5477428436279297,0.2966572046279907,0.9934826493263245,0.06535860151052475,0.013322568498551846,0.1904379278421402,0.9896687865257263,0.0,0.5162274837493896,0.0168765801936388,-0.675098544638604,8.395361908525228,53.31690711975098,220.32936936616898,96,35.66172680002637
1.7896618843078613,0.4530303478240967,1.0400556325912476,1.1885371208190918,2.459052324295044,0.029523061588406563,0.12282200157642365,2.4965434074401855,540.870361328125,0.48746174573898315,0.659821093082428,0.0038716793060302734,0.06342077255249023,0.5465887188911438,0.2945643961429596,0.9937021732330322,0.062334027141332626,0.013635804876685143,0.1914507895708084,0.9892596006393433,0.0,0.5163833498954773,0.016598310321569443,0.5237945478409529,9.02787926569581,49.9663880109787,250.72083098888396,97,35.886861599981785
1.7980233430862427,0.47183313965797424,1.0720868110656738,1.2160844802856445,2.550464391708374,0.029493266716599464,0.12284195423126221,2.4924819469451904,541.3341674804688,0.48768022656440735,0.659970760345459,0.004142756573855877,0.0632266029715538,0.5504660606384277,0.3012993335723877,0.99416583776474,0.06761568784713745,0.01427521649748087,0.19121067225933075,0.9906511306762695,0.0,0.5165005326271057,0.01777019165456295,-0.9500572919845581,6.996986024826765,55.03816766738892,151.09371194839477,98,36.25271489995066
1.7978425025939941,0.47030869126319885,1.0693774223327637,1.202061414718628,2.499260902404785,0.029537256807088852,0.12276403605937958,2.498152017593384,540.9542236328125,0.48814857006073,0.6602721214294434,0.004159595351666212,0.06362584233283997,0.5466515421867371,0.3034858703613281,0.9952813982963562,0.06717946380376816,0.013947892002761364,0.19173218309879303,0.9903963804244995,0.0,0.5167363286018372,0.01785035990178585,-0.3206635202979669,8.62990849018097,48.62985610961914,280.24932996034624,99,37.162693599937484
1.7931636571884155,0.46218734979629517,1.061745047569275,1.1941893100738525,2.4725520610809326,0.029419146478176117,0.12307780981063843,2.4836604595184326,541.7840576171875,0.487423300743103,0.6595368981361389,0.0040267291478812695,0.06280708312988281,0.5531719923019409,0.29656609892845154,0.992710530757904,0.06487936526536942,0.013765805400907993,0.19044189155101776,0.9906575083732605,0.0,0.5161609053611755,0.017258262261748314,-1.5081527151167393,11.58283351957798,69.36250538825989,412.31772550344465,100,35.570983799989335
1.7964842319488525,0.4649289548397064,1.060408353805542,1.2085466384887695,2.5296847820281982,0.029673488810658455,0.1230776235461235,2.51953125,541.032470703125,0.48723646998405457,0.6594353914260864,0.004023474175482988,0.06384103745222092,0.5467782616615295,0.2975349426269531,0.9933676719665527,0.06565135717391968,0.014098796993494034,0.19330763816833496,0.9900869131088257,0.0,0.5160814523696899,0.01725832186639309,-1.7649207785725594,14.077068996429443,81.23323945999145,462.43930597305297,101,36.45540950004943
1.7872235774993896,0.44392940402030945,1.0376752614974976,1.166433334350586,2.428804636001587,0.029542269185185432,0.12255207449197769,2.4974238872528076,541.1039428710938,0.48669350147247314,0.6591455340385437,0.0039306338876485825,0.06320183724164963,0.5420773029327393,0.2911166250705719,0.9894549250602722,0.05985472351312637,0.013133338652551174,0.19157226383686066,0.9899529814720154,0.0,0.5158545970916748,0.016855590045452118,-3.0804342354880645,7.749745558947325,100.86741816997528,236.01846503019334,102,36.29543850000482
1.7936115264892578,0.46011435985565186,1.0437654256820679,1.1908502578735352,2.53167462348938,0.02951735071837902,0.12234167009592056,2.492489814758301,541.37451171875,0.48820528388023376,0.6601081490516663,0.004019256681203842,0.06242438405752182,0.5466154217720032,0.29437926411628723,0.9949823617935181,0.06429868936538696,0.013688933104276657,0.19120489060878754,0.9905733466148376,0.0,0.516607940196991,0.01723780669271946,0.9114754065871239,8.812020417302847,38.64828839302063,280.887722492218,103,36.25427079992369
1.7883635759353638,0.4477521479129791,1.035271406173706,1.1692984104156494,2.4296648502349854,0.029493870213627815,0.12263459712266922,2.4911623001098633,541.1444702148438,0.48696228861808777,0.6592041850090027,0.004149753134697676,0.06288326531648636,0.556450366973877,0.28929072618484497,0.9953341484069824,0.06088998168706894,0.01319793425500393,0.19102253019809723,0.9895657896995544,0.0,0.5159004926681519,0.017786936834454536,-0.2084900311776437,15.811894304305316,45.244045925140384,448.5978471517563,104,35.896215999964625
1.795734167098999,0.46926823258399963,1.052125096321106,1.1932144165039062,2.4704949855804443,0.02942146174609661,0.12276694178581238,2.481876850128174,541.6041870117188,0.48747047781944275,0.6597029566764832,0.00407657865434885,0.06280190497636795,0.5608102083206177,0.30090364813804626,0.9942383766174316,0.06688253581523895,0.013743337243795395,0.1903899610042572,0.9909447431564331,0.0,0.5162908434867859,0.017482789233326912,1.079169362038374,9.18820882961154,48.194062781333926,251.54961062669753,105,36.11115519993473
1.7898019552230835,0.4535117447376251,1.0415871143341064,1.1777129173278809,2.452392578125,0.029439309611916542,0.12258367985486984,2.4831435680389404,541.2543334960938,0.48761916160583496,0.6594650745391846,0.004038414917886257,0.06361845135688782,0.5481869578361511,0.29095080494880676,0.9926840662956238,0.062466561794281006,0.013388566672801971,0.190461203455925,0.9900659322738647,0.0,0.5161046385765076,0.01731494441628456,-2.104530737735331,11.452141191065312,81.09647221565247,382.8784407496452,106,35.82630030007567
1.794352412223816,0.4695238769054413,1.0705664157867432,1.2143748998641968,2.517571210861206,0.029317524284124374,0.12302925437688828,2.4690845012664795,540.9638061523438,0.4884496033191681,0.6605281829833984,0.004028612747788429,0.06352629512548447,0.5349773168563843,0.30399709939956665,0.9936274886131287,0.06695544719696045,0.014235110022127628,0.18936112523078918,0.989590048789978,0.0,0.5169366598129272,0.017273884266614914,-2.2919951803982257,15.286755821108818,88.93471126556396,436.342743074894,107,36.04282760003116
1.7925220727920532,0.45928195118904114,1.035404920578003,1.1657804250717163,2.4507064819335938,0.029362814500927925,0.12248044461011887,2.471709728240967,542.2960205078125,0.48686298727989197,0.6590773463249207,0.004212063271552324,0.06281778961420059,0.5614870190620422,0.291352778673172,0.9928085803985596,0.06406623870134354,0.013118636794388294,0.18955300748348236,0.9919243454933167,0.0,0.515801191329956,0.018058614805340767,-0.23411749795777723,9.13101087063551,45.87049961090088,221.64200236797333,108,35.92903589992784
1.7878342866897583,0.4476654827594757,1.0237258672714233,1.1677664518356323,2.4298322200775146,0.02946329116821289,0.1222495511174202,2.484257936477661,541.0936889648438,0.4868710935115814,0.659127950668335,0.004142105113714933,0.06371503323316574,0.5536444783210754,0.29003196954727173,0.9951162338256836,0.060866422951221466,0.013163374736905098,0.19051562249660492,0.9896900653839111,0.0,0.5158408284187317,0.017758049070835114,0.029435411177109926,6.986134694516659,41.411089634895326,197.93875283002853,109,36.01690329995472
1.7943460941314697,0.4620703458786011,1.0540544986724854,1.1910624504089355,2.4778809547424316,0.029433781281113625,0.12260569632053375,2.482515811920166,541.9229125976562,0.48715877532958984,0.6594269871711731,0.004150747321546078,0.06411463767290115,0.542323887348175,0.29498040676116943,0.9930279850959778,0.06484653055667877,0.013693809509277344,0.19042591750621796,0.9915043711662292,0.0,0.5160748362541199,0.01780044473707676,0.5622815602604533,13.369386367499828,44.24649896621704,414.72023341655733,110,36.022145099937916
1.7994109392166138,0.4760581851005554,1.0729619264602661,1.2113492488861084,2.52689528465271,0.029503939673304558,0.12282472103834152,2.493867874145508,541.5009155273438,0.48830634355545044,0.6601897478103638,0.004171837121248245,0.0646677166223526,0.5509216785430908,0.3039622902870178,0.9942967891693115,0.06883203238248825,0.014164263382554054,0.19128835201263428,0.9905665516853333,0.0,0.5166717171669006,0.017887894064188004,-1.9494067952036858,10.672582529485226,81.75653197765351,316.7756983667612,111,36.167724999948405
1.7900031805038452,0.45902568101882935,1.054709553718567,1.168933629989624,2.434602737426758,0.029352236539125443,0.12229008227586746,2.4689416885375977,541.0840454101562,0.48698875308036804,0.6592482924461365,0.004015122540295124,0.06407830119132996,0.5476614236831665,0.29550036787986755,0.9938214421272278,0.06399477273225784,0.013189699500799179,0.18942929804325104,0.9902310371398926,0.0,0.5159350037574768,0.017223361879587173,0.9857320538780187,8.667383804917336,46.56543483734131,259.0428011894226,112,36.36571759998333
1.794345498085022,0.46521180868148804,1.0645309686660767,1.1841808557510376,2.462529182434082,0.02953232266008854,0.12277450412511826,2.4975271224975586,540.87451171875,0.4871499836444855,0.6593011617660522,0.004085956607013941,0.06551556289196014,0.5461550354957581,0.3005945384502411,0.9934401512145996,0.06573126465082169,0.013536028563976288,0.19166100025177002,0.9899125695228577,0.0,0.5159764885902405,0.017528370022773743,1.6059587329626084,10.787754070758819,52.95630006790161,336.62739326953886,113,36.675189599976875
1.7859885692596436,0.4482647478580475,1.045856237411499,1.165474534034729,2.4250497817993164,0.029356475919485092,0.12243138998746872,2.470489978790283,540.9671020507812,0.4868185520172119,0.6591070890426636,0.003998164087533951,0.06560372561216354,0.5452234148979187,0.2905827760696411,0.9927951097488403,0.06102948635816574,0.013111754320561886,0.1894519329071045,0.9894304275512695,0.0,0.5158244967460632,0.01714046113193035,-1.0358248885720969,12.998110869526863,75.18060603141785,411.7884906053543,114,35.86649189994205
1.7841932773590088,0.43826234340667725,1.0191142559051514,1.1734459400177002,2.434706926345825,0.029380621388554573,0.1228850707411766,2.4769458770751953,541.0321655273438,0.48771706223487854,0.6597510576248169,0.003941081929951906,0.06598883122205734,0.5409563183784485,0.2840847969055176,0.9949244260787964,0.0583362951874733,0.013291727751493454,0.18992075324058533,0.9894224405288696,0.0,0.5163285136222839,0.016893574967980385,0.38042383366264404,10.913443613052369,57.47441210746765,347.76956218481064,115,35.703779700095765
1.7944871187210083,0.4660472571849823,1.0562328100204468,1.1893115043640137,2.4743404388427734,0.029424352571368217,0.12223439663648605,2.4786832332611084,540.9671630859375,0.48800137639045715,0.6600794792175293,0.004086258355528116,0.0662936270236969,0.5473940968513489,0.30283793807029724,0.9918054342269897,0.06596757471561432,0.013653580099344254,0.19026680290699005,0.9904769659042358,0.0,0.5165855288505554,0.017536651343107224,-1.618059265613556,7.894543641060591,64.25720429420471,193.6533894062042,116,37.17971290007699
1.7836999893188477,0.4386042356491089,1.008991003036499,1.174485445022583,2.446688175201416,0.02932138741016388,0.12230530381202698,2.464724540710449,541.59033203125,0.4866540729999542,0.6590014100074768,0.003943086136132479,0.06517600268125534,0.5438657402992249,0.28369802236557007,0.9945774674415588,0.058427345007658005,0.013315284624695778,0.18896204233169556,0.9903526306152344,0.0,0.5157418251037598,0.016900621354579926,-1.9519840486347675,7.459456880390644,81.12145822048187,221.93297003507615,117,34.9827347000828
1.7977148294448853,0.47119542956352234,1.07749605178833,1.2061429023742676,2.5046615600585938,0.02929200604557991,0.12297637015581131,2.465155839920044,542.0606689453125,0.4880068302154541,0.6602920889854431,0.004144230391830206,0.06522504985332489,0.5396041870117188,0.3059390187263489,0.9928916096687317,0.06743302941322327,0.014042767696082592,0.1891922801733017,0.9925088286399841,0.0,0.5167519450187683,0.01778597943484783,0.8083258763013873,8.32273152321577,42.16219611167908,220.95780951976775,118,37.331922900048085
1.7973747253417969,0.4691876471042633,1.0590169429779053,1.2223151922225952,2.542402982711792,0.02932804822921753,0.12374719977378845,2.4754462242126465,541.9044799804688,0.48860058188438416,0.6606130599975586,0.003922358620911837,0.06582719832658768,0.5385745763778687,0.3054378628730774,0.9956487417221069,0.06685958057641983,0.014421873725950718,0.190019428730011,0.9922367334365845,0.0,0.517003059387207,0.016833998262882233,1.2831378065049648,9.526188179850578,48.28165431022644,303.05510660409925,119,37.24124489992391
1.7935566902160645,0.4600290060043335,1.047216534614563,1.1788556575775146,2.4562392234802246,0.02938174456357956,0.12275051325559616,2.476191282272339,542.10986328125,0.4878338873386383,0.6601064801216125,0.004022655542939901,0.06528811156749725,0.5423706769943237,0.29649317264556885,0.9928039312362671,0.06427483260631561,0.013414564542472363,0.18998751044273376,0.9920187592506409,0.0,0.5166066288948059,0.017254123464226723,-1.4012404050678016,11.141123886406422,75.38638453483581,317.5478900551796,120,36.360647800029255
1.7907469272613525,0.45237624645233154,1.0463453531265259,1.19580078125,2.4647066593170166,0.02944949083030224,0.12301898747682571,2.4875247478485107,541.4601440429688,0.4872879683971405,0.6593801379203796,0.004027083981782198,0.06586845964193344,0.546851634979248,0.2950790226459503,0.9797697067260742,0.062154147773981094,0.013802981935441494,0.19082364439964294,0.9906577467918396,0.0,0.516038179397583,0.01727011427283287,3.390237238816917,17.534049012511968,97.33677859306336,507.0604551792145,121,36.53134369989857
1.7894037961959839,0.4515937566757202,1.0340685844421387,1.1758289337158203,2.4455087184906006,0.02936025895178318,0.12257185578346252,2.4719698429107666,541.776611328125,0.48768025636672974,0.6598817110061646,0.004020551685243845,0.06720876693725586,0.5365705490112305,0.2908032536506653,0.9947531223297119,0.061939310282468796,0.013345765881240368,0.18956498801708221,0.9908868074417114,0.0,0.5164307355880737,0.01723601296544075,-1.0263858377933501,5.638543977588415,49.467791604995725,120.31472999155521,122,35.7163647999987
1.7975696325302124,0.46984341740608215,1.0482624769210815,1.2203609943389893,2.5267293453216553,0.029320213943719864,0.12321458011865616,2.470720052719116,542.0003051757812,0.4883866012096405,0.6604300141334534,0.00407642126083374,0.06565724313259125,0.5421845316886902,0.304668664932251,0.9943525195121765,0.067046619951725,0.014375796541571617,0.18959210813045502,0.9922037124633789,0.0,0.5168598294258118,0.017491528764367104,-0.22448199763166485,9.705790521204472,51.94526834487915,251.24427298307418,123,37.150189400068484
1.790439248085022,0.45320069789886475,1.0328638553619385,1.1897104978561401,2.485358953475952,0.029439842328429222,0.12263156473636627,2.4835424423217773,541.85986328125,0.48762568831443787,0.6598587036132812,0.0038941134698688984,0.06593520194292068,0.5310402512550354,0.29010897874832153,0.9903168082237244,0.06238090246915817,0.013662741519510746,0.19043193757534027,0.9908599257469177,0.0,0.5164127349853516,0.01669096015393734,1.3357189495814965,9.52700914889574,60.47616560459137,287.47942358851435,124,35.602585099986754
1.7930492162704468,0.45860928297042847,1.0442304611206055,1.1956934928894043,2.4814507961273193,0.02952398732304573,0.12233065068721771,2.4933502674102783,541.3258056640625,0.48791933059692383,0.6597843766212463,0.004026341252028942,0.06620287150144577,0.5370473265647888,0.29784834384918213,0.9942163825035095,0.06387872993946075,0.013800504617393017,0.1912865936756134,0.9904609322547913,0.0,0.5163545608520508,0.017267785966396332,-0.5497191514354199,12.098619209975004,53.26845741271973,368.9734918355942,125,36.339882600004785
1.7882567644119263,0.4473491609096527,1.0190495252609253,1.170296549797058,2.4275619983673096,0.02943173609673977,0.12264638394117355,2.482503652572632,541.4154052734375,0.4870259463787079,0.6594236493110657,0.004136492032557726,0.06531769782304764,0.5462943911552429,0.28733116388320923,0.994803786277771,0.06078042834997177,0.013220475986599922,0.19035875797271729,0.9900940656661987,0.0,0.5160722136497498,0.017730681225657463,-2.5922995090484617,13.766464771330357,94.75047645568847,410.412590444088,126,35.66518650006037
1.7988331317901611,0.47594720125198364,1.047648549079895,1.2117308378219604,2.5323431491851807,0.029362482950091362,0.1229410395026207,2.4747824668884277,542.3359985351562,0.4878317713737488,0.6599087715148926,0.004002795554697514,0.06469578295946121,0.5413206219673157,0.3068733811378479,0.9938203692436218,0.0687999427318573,0.014173190109431744,0.18984034657478333,0.9923994541168213,0.0,0.516451895236969,0.01716836541891098,-0.1987533163657645,11.65328256636858,40.78491952419281,316.89171679019927,127,36.530998799949884
1.7962048053741455,0.4729399085044861,1.0749177932739258,1.207700252532959,2.5326640605926514,0.029455572366714478,0.1232180967926979,2.489732265472412,541.3135375976562,0.4882640242576599,0.660239040851593,0.0038665246684104204,0.06749407947063446,0.5320996642112732,0.302636057138443,0.992598295211792,0.06793326139450073,0.014079054817557335,0.19091711938381195,0.9899899363517761,0.0,0.5167104005813599,0.01657486893236637,-0.37689936384558675,7.782517477124929,47.089718914031984,143.59941871762277,128,35.96890139998868
1.793016791343689,0.4619393050670624,1.0557273626327515,1.1896042823791504,2.4827194213867188,0.02934032306075096,0.12250344455242157,2.4687142372131348,541.9929809570312,0.4876054525375366,0.6600561738014221,0.003990741912275553,0.06650600582361221,0.5403599143028259,0.29426416754722595,0.9926390647888184,0.06480975449085236,0.013660300523042679,0.18935322761535645,0.9915139079093933,0.0,0.5165672898292542,0.017112214118242264,-1.0041396484710277,8.529096116125583,71.67314074039459,225.04595557451248,129,36.20327539998107
1.7969835996627808,0.474852979183197,1.0757004022598267,1.1974098682403564,2.492398262023926,0.029416874051094055,0.1224663183093071,2.479198455810547,541.395263671875,0.4878210425376892,0.6599028706550598,0.004070253111422062,0.06706035882234573,0.5413162112236023,0.30479785799980164,0.9942896366119385,0.06848396360874176,0.013840152882039547,0.19019629061222076,0.9905602931976318,0.0,0.5164473056793213,0.01745561882853508,0.17327629965730013,9.671581335365772,44.496500563621524,237.03499898910522,130,36.20372759993188
1.792508602142334,0.4572463035583496,1.039832592010498,1.2005484104156494,2.5163896083831787,0.02941078133881092,0.12269621342420578,2.479898452758789,541.637451171875,0.4877011477947235,0.6597084403038025,0.0041339946910738945,0.0666823461651802,0.549604058265686,0.29479122161865234,0.9930090308189392,0.06349959969520569,0.013912800699472427,0.19022858142852783,0.9908464550971985,0.0,0.5162950754165649,0.017726173624396324,-2.3621110152453184,5.94775462821126,85.02337682247162,177.15451576709748,131,36.1369899000274
1.7978938817977905,0.4670350253582001,1.0612314939498901,1.2106363773345947,2.5429375171661377,0.029545407742261887,0.1231442242860794,2.5018811225891113,542.0730590820312,0.48767516016960144,0.6599684357643127,0.004006877075880766,0.06757178902626038,0.536174476146698,0.2992055118083954,0.9948570132255554,0.06624749302864075,0.014147595502436161,0.19193914532661438,0.9918758869171143,0.0,0.5164986252784729,0.017185134813189507,0.43238002629950645,8.160286697000265,42.39795441627503,201.3445577740669,132,36.27134279999882
1.7931625843048096,0.4595307409763336,1.0675959587097168,1.177012324333191,2.4399702548980713,0.029408838599920273,0.12265229225158691,2.479327917098999,541.9773559570312,0.48776283860206604,0.6600140333175659,0.00405329093337059,0.06685275584459305,0.5440194010734558,0.29683247208595276,0.9956414699554443,0.06413568556308746,0.013372641988098621,0.19018346071243286,0.991554856300354,0.0,0.5165342092514038,0.017381642013788223,-0.3876477001234889,7.4298601351678375,44.773390483856204,195.79253378510475,133,36.252977800089866
1.7929555177688599,0.4652368128299713,1.048581600189209,1.1787735223770142,2.4790031909942627,0.029314352199435234,0.12283540517091751,2.467325448989868,541.696044921875,0.4868394434452057,0.6592566967010498,0.004079526290297508,0.06665299087762833,0.5458459854125977,0.29404881596565247,0.9940239191055298,0.06573832780122757,0.013412692584097385,0.18926605582237244,0.9911017417907715,0.0,0.5159415602684021,0.017495231702923775,-0.058368941536173224,7.289473655819893,47.48587074279785,170.48421370387078,134,36.24820270005148
1.792908787727356,0.4587770998477936,1.0534933805465698,1.1969417333602905,2.4895684719085693,0.029392927885055542,0.12344309687614441,2.482464551925659,541.656982421875,0.48820024728775024,0.6603408455848694,0.003991962876170874,0.06670816242694855,0.5439718961715698,0.2970587909221649,0.9952355623245239,0.06392547488212585,0.013829334639012814,0.19040201604366302,0.9908454418182373,0.0,0.5167900323867798,0.017116518691182137,0.3877813662518747,11.99745965078473,40.644270992279054,356.00008752346037,135,35.79028600000311
1.792809009552002,0.4610447585582733,1.06080961227417,1.1829313039779663,2.467890977859497,0.02939564734697342,0.12265811860561371,2.4775164127349854,541.7984008789062,0.48738381266593933,0.6595406532287598,0.0041684340685606,0.06738864630460739,0.5521796941757202,0.29465043544769287,0.9940825700759888,0.0645589828491211,0.01350747887045145,0.18997693061828613,0.9907352328300476,0.0,0.5161638259887695,0.017866531386971474,2.832135185599327,15.832631731778383,74.52301754951478,432.59404743909835,136,35.53349579998758
1.7961478233337402,0.46750879287719727,1.065528392791748,1.1754611730575562,2.4306468963623047,0.029477588832378387,0.12210602313280106,2.4853017330169678,542.2366333007812,0.48763126134872437,0.6595893502235413,0.003951879683881998,0.06726427376270294,0.538727343082428,0.30518192052841187,0.9958131909370422,0.06638196855783463,0.013337419368326664,0.19073769450187683,0.9925335645675659,0.0,0.516201913356781,0.016955379396677017,-1.3480812102556228,11.847081530839205,61.52071161270142,338.5096214532852,137,37.11912339995615
1.7946453094482422,0.4632634222507477,1.048304557800293,1.1949747800827026,2.475287437438965,0.029516592621803284,0.12266312539577484,2.494555711746216,541.7125854492188,0.4872998297214508,0.6593895554542542,0.004027392249554396,0.06773558259010315,0.5452481508255005,0.2976049780845642,0.9939658045768738,0.06518182903528214,0.01378391869366169,0.19138364493846893,0.9909812808036804,0.0,0.5160455107688904,0.01726902835071087,-1.0489280984154903,11.183361312747001,48.69965569972992,362.2152808189392,138,36.043066999991424
1.7891093492507935,0.445515513420105,1.0304821729660034,1.1709990501403809,2.42986798286438,0.029439706355333328,0.12325811386108398,2.48777437210083,541.4666748046875,0.48749423027038574,0.6599002480506897,0.004016343504190445,0.06810831278562546,0.546265721321106,0.28881075978279114,0.9954735040664673,0.06028318032622337,0.013236353173851967,0.19089053571224213,0.9910239577293396,0.0,0.5164452195167542,0.017230214551091194,0.6112647293135524,5.901228468120098,42.16153650283813,169.4516792535782,139,36.56681290001143
1.7897748947143555,0.4553259611129761,1.0501728057861328,1.1601974964141846,2.437939167022705,0.029290800914168358,0.12244332581758499,2.4613776206970215,542.1512451171875,0.4867402911186218,0.6588271260261536,0.0039902338758111,0.06764519214630127,0.5488666296005249,0.29488345980644226,0.9953197836875916,0.06296734511852264,0.012993289157748222,0.18886177241802216,0.992229700088501,0.0,0.5156054496765137,0.017117386683821678,0.8167475238442421,5.6998350590467455,45.33134808540344,148.76133860051632,140,36.47690989996772
1.7961905002593994,0.4711649417877197,1.0759038925170898,1.200157642364502,2.4938204288482666,0.029276346787810326,0.12285399436950684,2.462136745452881,541.8297119140625,0.4872855246067047,0.6597626805305481,0.004187901969999075,0.06774377077817917,0.5496816635131836,0.30113664269447327,0.9947082996368408,0.06742429733276367,0.013903745450079441,0.18890398740768433,0.9916553497314453,0.0,0.5163375735282898,0.01796560361981392,0.37501963870599864,15.706262847036124,36.2926420211792,396.821900844574,141,36.83764090004843
1.7945436239242554,0.46260643005371094,1.0500644445419312,1.1952064037322998,2.490513801574707,0.02937796525657177,0.12278854101896286,2.475919008255005,541.7213745117188,0.4883916974067688,0.6604047417640686,0.00413596723228693,0.06779152899980545,0.5482240319252014,0.30006536841392517,0.9927435517311096,0.06499708443880081,0.013789262622594833,0.1899430751800537,0.9912351965904236,0.0,0.5168401002883911,0.017738841474056244,2.148986142873764,11.991437929868699,65.27694439888,323.4113322556019,142,36.29958460002672
1.7972851991653442,0.47037845849990845,1.065044641494751,1.1892110109329224,2.4640846252441406,0.0293108019977808,0.12287024408578873,2.4670650959014893,542.5275268554688,0.4875558614730835,0.6595648527145386,0.004092310555279255,0.0683562308549881,0.5536367893218994,0.3046284317970276,0.993449330329895,0.06719940155744553,0.013651269488036633,0.18934641778469086,0.9933427572250366,0.0,0.5161827206611633,0.017562784254550934,-0.818347349402029,9.352141796052456,51.30112500190735,285.7596601963043,143,37.27119010000024
1.791611909866333,0.4563192129135132,1.041975736618042,1.1931151151657104,2.4969675540924072,0.029270051047205925,0.12299033999443054,2.462181806564331,542.1292114257812,0.4873562455177307,0.659364640712738,0.00431101443246007,0.06747656315565109,0.5668507814407349,0.29310497641563416,0.99543297290802,0.0632423534989357,0.01374104991555214,0.18878230452537537,0.9913424849510193,0.0,0.5160261392593384,0.018477696925401688,0.12592316661030054,6.877803456783295,41.30583364963532,205.10502562522888,144,35.40706310002133
1.7950745820999146,0.46274107694625854,1.050583839416504,1.206782579421997,2.5134541988372803,0.029405193403363228,0.12293663620948792,2.480742931365967,542.2053833007812,0.48735320568084717,0.6593608260154724,0.004097375553101301,0.06862764805555344,0.5477246642112732,0.2989194393157959,0.9955514669418335,0.06503491848707199,0.014057666063308716,0.1903008371591568,0.9920853972434998,0.0,0.5160230994224548,0.01757269911468029,0.350801868957933,6.041923123598099,42.894029474258424,141.28810379505157,145,36.068006000015885
1.7909268140792847,0.4416141211986542,1.0193517208099365,1.170290470123291,2.4359686374664307,0.029364313930273056,0.12303971499204636,2.475708484649658,543.3165893554688,0.48777347803115845,0.6601377725601196,0.0041207545436918736,0.06750514358282089,0.5597575902938843,0.28692516684532166,0.995613694190979,0.05923200398683548,0.01322033628821373,0.18991875648498535,0.9942492842674255,0.0,0.5166311264038086,0.017675288021564484,0.20604247841984033,6.065216182172298,37.58812799453735,174.20517207384108,146,36.30572249996476
1.7921713590621948,0.4594753682613373,1.0376746654510498,1.1849838495254517,2.469912052154541,0.029432574287056923,0.12275685369968414,2.483369827270508,541.3113403320312,0.48763635754585266,0.6598944664001465,0.004001999739557505,0.0696575865149498,0.5449761152267456,0.29563212394714355,0.9918684959411621,0.06412022560834885,0.01355439331382513,0.1905091106891632,0.9903842806816101,0.0,0.516440749168396,0.017162520438432693,-1.671135557629168,8.256725382059813,84.14181492328643,225.03394317030907,147,36.46491530002095
1.7926814556121826,0.46509918570518494,1.0579603910446167,1.1764670610427856,2.4460227489471436,0.029259121045470238,0.12278980761766434,2.4592952728271484,541.8910522460938,0.4869348108768463,0.6592090725898743,0.004046075977385044,0.06953494995832443,0.5535343885421753,0.29775869846343994,0.9932916760444641,0.06569944322109222,0.013360255397856236,0.18869155645370483,0.9916703104972839,0.0,0.5159043073654175,0.017355484887957573,-0.10827983228955418,7.798221451044083,39.35409328937531,185.9632069706917,148,36.49306410003919
1.7919470071792603,0.4611877501010895,1.0445544719696045,1.2155969142913818,2.5390703678131104,0.02933693118393421,0.12352962791919708,2.4752049446105957,541.2288208007812,0.48747122287750244,0.6596403121948242,0.003965040203183889,0.06952609121799469,0.5494117140769958,0.29470327496528625,0.9950476884841919,0.06459903717041016,0.014263772405683994,0.1898386925458908,0.9900035262107849,0.0,0.5162419080734253,0.017000073567032814,-0.0038866329472512008,7.986855576187372,40.78600914478302,213.73132678866386,149,35.742521499982104
1.7923616170883179,0.45581403374671936,1.0438165664672852,1.1751904487609863,2.4633753299713135,0.029480360448360443,0.12286464124917984,2.490819215774536,541.7055053710938,0.48700299859046936,0.6594802141189575,0.004068635869771242,0.06951231509447098,0.5499355792999268,0.2913953959941864,0.9952647686004639,0.06310240924358368,0.013331275433301926,0.19111159443855286,0.9912490844726562,0.0,0.5161165595054626,0.017450818791985512,0.3356762758921832,7.400361716747284,43.323106336593625,199.1658097743988,150,36.26618140004575
1.7969790697097778,0.4743455946445465,1.0765949487686157,1.1995965242385864,2.5077857971191406,0.029297685250639915,0.12262547016143799,2.463571786880493,541.5311889648438,0.4879940152168274,0.6600096821784973,0.004104648716747761,0.07050111889839172,0.5538330674171448,0.30612969398498535,0.9950969815254211,0.06833768635988235,0.013890745118260384,0.18909630179405212,0.9915079474449158,0.0,0.5165308117866516,0.0176155474036932,-0.09054796663112938,5.719207307696342,41.14349336624146,140.3717376410961,151,37.36343640007544
1.7966861724853516,0.4674743711948395,1.0498614311218262,1.1894818544387817,2.491048812866211,0.02948056533932686,0.12262743711471558,2.489241600036621,541.589599609375,0.4881715476512909,0.6602962613105774,0.004117388743907213,0.07110847532749176,0.5389208197593689,0.29946446418762207,0.9907332062721252,0.06637219339609146,0.013657488860189915,0.19103054702281952,0.9912078380584717,0.0,0.5167551636695862,0.01766297034919262,0.8308880276978016,8.447715483605862,45.01378974914551,173.13203035593034,152,36.64963300002273
1.794363260269165,0.463250994682312,1.038140058517456,1.2128167152404785,2.520434617996216,0.02941741980612278,0.12360147386789322,2.4869823455810547,541.4359130859375,0.4886033236980438,0.6607581973075867,0.004005066119134426,0.07008295506238937,0.5443539619445801,0.29976192116737366,0.9952253103256226,0.06517833471298218,0.014198602177202702,0.190694198012352,0.9900100231170654,0.0,0.5171166658401489,0.017165232449769974,-0.5143014309927821,6.079102127254009,41.20274794101715,182.3692766726017,153,35.36950070003513
1.7971563339233398,0.4748355448246002,1.088604211807251,1.2265385389328003,2.547518253326416,0.029156073927879333,0.12335462123155594,2.4487643241882324,541.65185546875,0.48816728591918945,0.6604072451591492,0.004054640885442495,0.06980863213539124,0.5533537864685059,0.3097580075263977,0.9956291913986206,0.06847892701625824,0.01452170591801405,0.1879769116640091,0.9919323325157166,0.0,0.5168420076370239,0.017404502257704735,-0.048106674337759614,6.6752791531383995,37.0563325881958,203.95099696815015,154,37.53752380004153
1.7946714162826538,0.46171143651008606,1.0411676168441772,1.190443754196167,2.46882963180542,0.029345747083425522,0.1233334019780159,2.4751036167144775,541.8536987304688,0.487207293510437,0.6596441864967346,0.004186006262898445,0.06868971884250641,0.5631677508354187,0.3000459372997284,0.9940060377120972,0.06474582850933075,0.01367958728224039,0.1899779736995697,0.992059051990509,0.0,0.5162448883056641,0.017963986843824387,1.1315940519794823,5.571349921822548,41.36500363349914,136.30953897833825,155,37.22190900007263
1.7965831756591797,0.465751975774765,1.0642765760421753,1.219631552696228,2.514732837677002,0.029333677142858505,0.12344006448984146,2.4741392135620117,542.2149658203125,0.4879547655582428,0.6601961255073547,0.004043154884129763,0.06996019929647446,0.5552162528038025,0.30218419432640076,0.9953680634498596,0.06588400155305862,0.014358614571392536,0.18984131515026093,0.9924758672714233,0.0,0.5166768431663513,0.01734667643904686,0.43160244117025287,7.1623717695474625,41.492274570465085,209.84941514730454,156,36.4686200999422
1.794006109237671,0.46059882640838623,1.0354914665222168,1.1769715547561646,2.4583024978637695,0.029354076832532883,0.1232401430606842,2.4756360054016113,542.1995239257812,0.48772403597831726,0.6600070595741272,0.004174407105892897,0.06918702274560928,0.5572255849838257,0.29281890392303467,0.9954368472099304,0.06443417072296143,0.013371716253459454,0.18985681235790253,0.9919142723083496,0.0,0.5165287852287292,0.017900170758366585,0.45724766962230207,7.602350737154484,36.789905953407285,270.43437440395354,157,36.004118100041524
1.789300799369812,0.44655942916870117,1.028854489326477,1.1702884435653687,2.4570870399475098,0.029282206669449806,0.12300775200128555,2.463999032974243,542.2398681640625,0.4875484108924866,0.6598257422447205,0.004102814011275768,0.07081270962953568,0.5544910430908203,0.2887488007545471,0.9960916638374329,0.060566019266843796,0.013220291584730148,0.18906116485595703,0.9924647212028503,0.0,0.516386866569519,0.017601629719138145,-0.7018141598906368,6.43898470774293,43.347802591323855,201.23634625673293,158,36.54385690006893
1.7927961349487305,0.45357590913772583,1.0303574800491333,1.2047362327575684,2.5189406871795654,0.02943156659603119,0.12360312789678574,2.488980293273926,542.5806884765625,0.48718178272247314,0.6595605611801147,0.004059349652379751,0.06944473087787628,0.5450204610824585,0.2892377972602844,0.9954871535301208,0.06248423457145691,0.014010033570230007,0.19079472124576569,0.9919329285621643,0.0,0.5161793828010559,0.01739489659667015,0.130750076379627,4.9947823762893675,34.65889332294464,126.5210533618927,159,35.16016079997644
1.785931944847107,0.44208475947380066,1.0273871421813965,1.1661421060562134,2.435271978378296,0.02928338386118412,0.12259617447853088,2.461374282836914,542.0833129882812,0.486438125371933,0.658724308013916,0.0041665551252663136,0.06915497779846191,0.5636837482452393,0.28173956274986267,0.9936447739601135,0.05935831740498543,0.013126780278980732,0.1887327879667282,0.9913293123245239,0.0,0.5155249238014221,0.017859794199466705,1.1106786486372584,5.363034380227328,42.921951460838315,120.3372550547123,160,35.52930609998293
1.7946817874908447,0.4585205614566803,1.0423481464385986,1.207506537437439,2.517056941986084,0.029355688020586967,0.12326480448246002,2.47602915763855,542.2118530273438,0.4879298806190491,0.6599933505058289,0.004149491898715496,0.06991782039403915,0.5524924993515015,0.2981675863265991,0.995203971862793,0.06385400891304016,0.014074539765715599,0.19000458717346191,0.9924283623695374,0.0,0.5165181159973145,0.017802150920033455,0.19845766467042267,6.186192538589239,46.875266432762146,164.01066349744798,161,36.49442059989087
1.7966861724853516,0.47120794653892517,1.0426228046417236,1.2185178995132446,2.535022020339966,0.02923012338578701,0.12308057397603989,2.4572198390960693,542.060302734375,0.4878140985965729,0.6598924398422241,0.004082861822098494,0.06838202476501465,0.5452389121055603,0.30347543954849243,0.9916352033615112,0.06743661314249039,0.014332405291497707,0.18857711553573608,0.9923806190490723,0.0,0.5164390802383423,0.017520349472761154,1.5132278040051461,6.8693089812994,43.62626321315766,153.777503362298,162,36.95812249998562
1.797851800918579,0.46950769424438477,1.049680471420288,1.1898083686828613,2.4854748249053955,0.029451968148350716,0.12327349931001663,2.48960280418396,542.2631225585938,0.4876858592033386,0.6599583029747009,0.0040825130417943,0.06932154297828674,0.5429090857505798,0.3001196086406708,0.9951635003089905,0.06695083528757095,0.013664987869560719,0.1909831315279007,0.9922519326210022,0.0,0.5164907574653625,0.017510034143924713,-0.18244206216186284,6.663707504421472,41.67930018901825,177.67551998496054,163,36.290674899937585
1.7957695722579956,0.4587951600551605,1.0445867776870728,1.1843510866165161,2.466571807861328,0.029504097998142242,0.12281214445829391,2.493805170059204,542.70703125,0.4878683388233185,0.6601797342300415,0.004007203970104456,0.06985551118850708,0.5479429364204407,0.2951684594154358,0.9950743317604065,0.06393051147460938,0.013539922423660755,0.19133588671684265,0.9931114315986633,0.0,0.5166639685630798,0.01718784309923649,-0.8380200683954172,6.836034572124481,48.35848484039307,181.3486514955759,164,36.28138159995433
1.787412166595459,0.44437456130981445,1.037617564201355,1.1667115688323975,2.4460859298706055,0.029353486374020576,0.12249330431222916,2.470489263534546,542.0498657226562,0.4866791069507599,0.659083902835846,0.0041197300888597965,0.06992042064666748,0.5563499331474304,0.2839035987854004,0.9954458475112915,0.05997481569647789,0.013139602728188038,0.1894455850124359,0.9913845658302307,0.0,0.5158063769340515,0.01766115240752697,-0.10192809251602739,5.48042893782258,46.06394467353821,141.50727953910828,165,35.74969680001959
1.7971447706222534,0.47066158056259155,1.0385417938232422,1.2004003524780273,2.4949147701263428,0.0292039904743433,0.12338792532682419,2.455665349960327,542.939453125,0.4884905219078064,0.6605499982833862,0.004151418339461088,0.06846889108419418,0.5548933148384094,0.29736006259918213,0.9911521077156067,0.06728031486272812,0.01390936877578497,0.18829631805419922,0.9929099678993225,0.0,0.5169537663459778,0.017795179039239883,0.24083094000816346,10.221152545511723,50.171252489089966,281.6068092465401,166,35.845513799926266
1.7930762767791748,0.45957380533218384,1.0412724018096924,1.2052782773971558,2.5033695697784424,0.02932145446538925,0.12321805953979492,2.470917224884033,542.0497436523438,0.48793911933898926,0.6599811315536499,0.004041092935949564,0.07068488746881485,0.5479587912559509,0.29632261395454407,0.9959010481834412,0.0641476958990097,0.014022644609212875,0.18953166902065277,0.9915390014648438,0.0,0.5165085792541504,0.01732674241065979,-0.24958769369404762,7.702744988352061,37.35081107616425,226.34750045537947,167,35.95655370003078
1.791269063949585,0.46246975660324097,1.0605026483535767,1.1760151386260986,2.4465491771698,0.02921241894364357,0.12271414697170258,2.4522650241851807,542.2456665039062,0.4871630370616913,0.6592782139778137,0.003963559865951538,0.07030131667852402,0.5473628640174866,0.2933930456638336,0.9936741590499878,0.06495868414640427,0.013349993154406548,0.18807069957256317,0.9919362664222717,0.0,0.5159584879875183,0.01699497364461422,0.39238794734701515,7.878947073221207,37.0779372215271,186.67861685156822,168,35.557952699949965
1.791256070137024,0.4519493877887726,1.0298137664794922,1.1835848093032837,2.4429523944854736,0.029327446594834328,0.12302370369434357,2.470435619354248,542.182373046875,0.4877147078514099,0.6600000262260437,0.004201289266347885,0.07055963575839996,0.5521752834320068,0.29472750425338745,0.9954860210418701,0.0620369091629982,0.013522407971322536,0.18946483731269836,0.9916963577270508,0.0,0.5165233612060547,0.01801205985248089,0.16795612879095642,6.449180686473847,44.61882584095001,184.10255998373032,169,35.80137310002465
1.793540596961975,0.4623909592628479,1.0429766178131104,1.184937596321106,2.437715530395508,0.029227131977677345,0.12295421957969666,2.455944538116455,542.2855224609375,0.4869227409362793,0.6594056487083435,0.004190721549093723,0.07084810733795166,0.5585091710090637,0.3007071912288666,0.9927738308906555,0.0649365484714508,0.013553334400057793,0.18844692409038544,0.9925665259361267,0.0,0.5160582065582275,0.0179790947586298,-1.3058450635522605,8.936463168263435,55.09262812137604,288.5164080321789,170,36.74373059999198
1.7950544357299805,0.46566885709762573,1.0527591705322266,1.2209397554397583,2.535571575164795,0.02937069535255432,0.12345104664564133,2.479400634765625,541.5894775390625,0.48805955052375793,0.6600692272186279,0.004160298500210047,0.07156438380479813,0.5508776307106018,0.2964225113391876,0.993991494178772,0.06586048007011414,0.014389432966709137,0.1901303082704544,0.9902665019035339,0.0,0.5165774822235107,0.017830099910497665,1.2337037354707718,8.590597661584615,39.59101338386536,199.0810627937317,171,35.4536519999383
1.7899925708770752,0.44313445687294006,1.0151612758636475,1.1973925828933716,2.505067825317383,0.029424618929624557,0.1230195164680481,2.4840331077575684,542.7406616210938,0.48718366026878357,0.659476101398468,0.004002249799668789,0.07109099626541138,0.5471271872520447,0.2860040068626404,0.9939755797386169,0.0596405453979969,0.013839753344655037,0.19052477180957794,0.9927155375480652,0.0,0.51611328125,0.017158688977360725,-1.2745018273591995,7.682637652754783,57.776746559143064,229.93384063243866,172,35.828852999955416
1.7943564653396606,0.46023014187812805,1.0540971755981445,1.1798322200775146,2.443990468978882,0.02927376702427864,0.12279344350099564,2.4613656997680664,542.8421020507812,0.4880935549736023,0.66019207239151,0.004285749047994614,0.0713396891951561,0.5545936822891235,0.29601210355758667,0.9955794811248779,0.0643310546875,0.013436795212328434,0.1887635439634323,0.9927794933319092,0.0,0.5166736245155334,0.01837187260389328,0.8573955707252026,6.658171006292105,40.191423869133,189.6278613805771,173,35.78818210004829
1.7935597896575928,0.45571357011795044,1.0304017066955566,1.1772408485412598,2.456737995147705,0.029206978157162666,0.12325405329465866,2.4551706314086914,543.5203247070312,0.4874515235424042,0.6595412492752075,0.004181780852377415,0.07081451267004013,0.5614175200462341,0.29177483916282654,0.9939132332801819,0.06307459622621536,0.013377835974097252,0.18837608397006989,0.9946298599243164,0.0,0.5161643028259277,0.01793719083070755,-1.3281576456734911,8.71036863476038,48.987251329421994,225.38172960877418,174,36.215576100046746
1.7945808172225952,0.46167057752609253,1.0586429834365845,1.1943681240081787,2.4897665977478027,0.02933853305876255,0.12334220111370087,2.4741530418395996,542.2564086914062,0.4879697263240814,0.6601682901382446,0.003991098143160343,0.07150644063949585,0.5454662442207336,0.296813428401947,0.9928187131881714,0.06473437696695328,0.013769928365945816,0.18987245857715607,0.9924278259277344,0.0,0.5166550278663635,0.017121195793151855,-0.5951882105320692,8.199852311611176,41.63691589832306,184.04362013339997,175,36.359916800050996
1.7916425466537476,0.45947206020355225,1.0465701818466187,1.1813266277313232,2.4609897136688232,0.02916283719241619,0.12335235625505447,2.4496898651123047,542.3204956054688,0.4866905212402344,0.6591167449951172,0.004271787125617266,0.07146948575973511,0.566135585308075,0.29376500844955444,0.9952118396759033,0.06411930173635483,0.013470855541527271,0.18787826597690582,0.9920263290405273,0.0,0.5158320665359497,0.01831572689116001,-0.25341853154823185,7.52576522231102,39.948694944381714,221.20826708078386,176,35.78273960005026
1.7952983379364014,0.4664372503757477,1.059095859527588,1.2017031908035278,2.4819753170013428,0.0293576717376709,0.12314467132091522,2.4754905700683594,542.0545654296875,0.48749062418937683,0.659652054309845,0.004126300569623709,0.07218216359615326,0.5537223219871521,0.29954034090042114,0.9946375489234924,0.06607800722122192,0.01393957994878292,0.18987224996089935,0.9914669990539551,0.0,0.5162510275840759,0.017690641805529594,-1.7050069607794285,6.694828413426876,65.02487998008728,143.28316696882248,177,35.72784700000193
1.7933518886566162,0.4575456976890564,1.0477205514907837,1.1806061267852783,2.454474449157715,0.029191480949521065,0.12303046137094498,2.451491117477417,542.98095703125,0.48749443888664246,0.6599030494689941,0.004165509715676308,0.07158992439508438,0.5508291125297546,0.29675087332725525,0.9935853481292725,0.06358276307582855,0.013454429805278778,0.1881248652935028,0.9938709139823914,0.0,0.5164474248886108,0.017871495336294174,1.7123205691576004,7.748579090833664,56.919324088096616,230.11366305351257,178,36.70676969992928
1.7873389720916748,0.4462122917175293,1.0415587425231934,1.1689430475234985,2.441127061843872,0.029084868729114532,0.1233062595129013,2.4385368824005127,542.7852172851562,0.48746487498283386,0.6597169041633606,0.004049922339618206,0.07025694847106934,0.5532981753349304,0.28975608944892883,0.9961283802986145,0.060471899807453156,0.013189911842346191,0.1870100051164627,0.9929988384246826,0.0,0.5163018107414246,0.017366601154208183,-0.4709544200450182,6.275103271752596,33.19179368019104,199.3241817355156,179,35.91539370000828
1.7936697006225586,0.453830361366272,1.0557613372802734,1.189253807067871,2.450282096862793,0.02938232012093067,0.12328056991100311,2.479870557785034,542.97509765625,0.4876701831817627,0.659807026386261,0.004229689948260784,0.07148421555757523,0.5580236911773682,0.2921566963195801,0.9943864941596985,0.06255435943603516,0.013652252964675426,0.19015167653560638,0.992811381816864,0.0,0.5163722634315491,0.018127702176570892,0.4925985134672374,7.2589993044734005,48.0824474811554,206.57700109481812,180,35.235034100012854
1.7907521724700928,0.46041858196258545,1.0766679048538208,1.1572685241699219,2.4340317249298096,0.029117608442902565,0.12262024730443954,2.438429832458496,542.8886108398438,0.4868169128894806,0.6590206027030945,0.00407600961625576,0.0704185962677002,0.5581299662590027,0.2913763225078583,0.9961536526679993,0.06438374519348145,0.0129277678206563,0.18702302873134613,0.9931824803352356,0.0,0.5157568454742432,0.017478367313742638,-0.1071223862003535,7.06398464217782,34.27309808731079,191.16308786273004,181,35.741946000023745
1.7898467779159546,0.4486190974712372,1.027060627937317,1.1642870903015137,2.426304578781128,0.029182078316807747,0.12353569269180298,2.4536185264587402,542.919189453125,0.4872772991657257,0.6597224473953247,0.004139765165746212,0.07140636444091797,0.5575229525566101,0.287820428609848,0.995924174785614,0.06112601235508919,0.013085050508379936,0.1881944239139557,0.9933807849884033,0.0,0.5163060426712036,0.01775430701673031,0.17841322861422668,4.97427159845829,30.703222608566286,133.97351748645306,182,35.76651079999283
1.7929083108901978,0.4611513912677765,1.056243658065796,1.2085227966308594,2.5192513465881348,0.029125003144145012,0.12406710535287857,2.449306011199951,542.5791625976562,0.4877412021160126,0.6598927974700928,0.004071227740496397,0.07208810746669769,0.545895516872406,0.2973112165927887,0.9957746267318726,0.06458885222673416,0.014098240993916988,0.18783998489379883,0.992486298084259,0.0,0.5164394378662109,0.017455575987696648,-1.1519019935280084,6.435967559367418,46.12740857601166,182.24122395515442,183,35.821747399982996
1.7998826503753662,0.4720393121242523,1.0630567073822021,1.2161096334457397,2.509955406188965,0.029342912137508392,0.1235337182879448,2.4760711193084717,542.5821533203125,0.48830723762512207,0.6603696346282959,0.004134404473006725,0.07228748500347137,0.5446306467056274,0.30729228258132935,0.9956786632537842,0.06767478585243225,0.01427580788731575,0.19004462659358978,0.9933333992958069,0.0,0.5168126225471497,0.017741480842232704,0.3616308047552593,7.221082817018032,38.37060236930847,201.1049268245697,184,36.939815199933946
1.7972379922866821,0.46769970655441284,1.0516270399093628,1.1806447505950928,2.4527487754821777,0.029105789959430695,0.1230071634054184,2.4394102096557617,544.1577758789062,0.4879005551338196,0.6601930260658264,0.004036018159240484,0.07105371356010437,0.5491480231285095,0.303189754486084,0.9907178282737732,0.06643619388341904,0.013455310836434364,0.1872062385082245,0.9961478114128113,0.0,0.516674280166626,0.01731807179749012,-1.4395274624228478,7.243514511734247,60.296689534187315,190.07145462036132,185,37.01631209999323
1.7937690019607544,0.4534314274787903,1.0220144987106323,1.193966269493103,2.490635871887207,0.02934468351304531,0.12360452115535736,2.476801633834839,543.1928100585938,0.48779386281967163,0.6601327657699585,0.004208370111882687,0.07075449824333191,0.5558566451072693,0.2878120541572571,0.9933911561965942,0.06244443729519844,0.013760663568973541,0.18988661468029022,0.9930172562599182,0.0,0.5166272521018982,0.01803283952176571,1.5046558886766435,9.162660943716764,47.33935267925263,240.50645440220833,186,34.96785849996377
1.8053078651428223,0.48402366042137146,1.0793237686157227,1.2113779783248901,2.5082476139068604,0.029382795095443726,0.12324643135070801,2.4797046184539795,543.4425659179688,0.48856452107429504,0.6604480743408203,0.004052489530295134,0.0716366097331047,0.5500077605247498,0.3126092255115509,0.9943501353263855,0.07115472853183746,0.014164934866130352,0.1903705596923828,0.9953460097312927,0.0,0.5168739557266235,0.017397617921233177,1.1097463734447957,6.390687201172113,41.628770160675046,171.02897605597974,187,37.81155139999464
1.7904261350631714,0.44813409447669983,1.0476164817810059,1.1594493389129639,2.422736167907715,0.02934735082089901,0.12322430312633514,2.474586009979248,542.7437744140625,0.48749932646751404,0.6598832607269287,0.00396914454177022,0.07181921601295471,0.5485631227493286,0.2913142442703247,0.9963324666023254,0.06099391356110573,0.012976536527276039,0.18984630703926086,0.9931533336639404,0.0,0.5164319276809692,0.017024163156747818,0.13709712863201276,5.40247223675251,41.72478482723236,122.2254736572504,188,36.29342580004595
1.7953832149505615,0.45839419960975647,1.0277273654937744,1.1881593465805054,2.464782476425171,0.029268890619277954,0.12345635145902634,2.46518874168396,543.22509765625,0.4878431558609009,0.6601804494857788,0.004102565813809633,0.07250307500362396,0.55120849609375,0.2967887818813324,0.9948787689208984,0.06381882727146149,0.013627135194838047,0.18920636177062988,0.9944626092910767,0.0,0.5166645646095276,0.017604010179638863,0.15028887502849103,6.585608841478825,44.47560093402863,164.6080589711666,189,36.77192039997317
1.8014841079711914,0.4821452796459198,1.0914123058319092,1.1970373392105103,2.496432065963745,0.029393039643764496,0.12309006601572037,2.480079174041748,542.6806030273438,0.4875063896179199,0.6597926020622253,0.003990146331489086,0.07256832718849182,0.5462269186973572,0.30735015869140625,0.9956693649291992,0.07060352712869644,0.013831544667482376,0.19032010436058044,0.9932500123977661,0.0,0.5163609981536865,0.017117900773882866,0.4578576639294624,6.745504070818424,35.57509436607361,220.86351460516454,190,36.5745762999868
1.7947298288345337,0.4616391658782959,1.0545769929885864,1.1836384534835815,2.463129758834839,0.029114818200469017,0.12308179587125778,2.441171169281006,544.0045776367188,0.4876037836074829,0.6598606705665588,0.004065949935466051,0.07076703011989594,0.5524157285690308,0.29548582434654236,0.9946072697639465,0.06472556293010712,0.013523632660508156,0.1872527003288269,0.9953756332397461,0.0,0.5164143443107605,0.01743788830935955,-0.6339281596243381,7.234958369284868,43.4418242931366,220.43614128828048,191,36.09868729999289
1.7923647165298462,0.4523586928844452,1.043637752532959,1.181706190109253,2.462178945541382,0.029314856976270676,0.12305247783660889,2.4688687324523926,542.8294067382812,0.48750221729278564,0.6596821546554565,0.004199703224003315,0.07156188786029816,0.5573155283927917,0.29344236850738525,0.995294988155365,0.062149327248334885,0.013479514047503471,0.1893789917230606,0.9930738210678101,0.0,0.5162745714187622,0.018008774146437645,-1.3555609554052352,7.424125532060861,52.70315706729889,228.342632740736,192,36.029992099967785
1.801156759262085,0.47565051913261414,1.066401481628418,1.1961411237716675,2.481966733932495,0.029275361448526382,0.12308996170759201,2.4636006355285645,543.8186645507812,0.4878291189670563,0.6597937345504761,0.004089339170604944,0.07136277854442596,0.5529728531837463,0.3088565170764923,0.9951130151748657,0.0687141939997673,0.013810839504003525,0.18910007178783417,0.9956211447715759,0.0,0.5163618922233582,0.017548520117998123,1.145605794270523,7.201319789141417,43.123890018463136,211.93987892270087,193,37.01589420007076
1.792960524559021,0.45336106419563293,1.0371792316436768,1.1982797384262085,2.4849164485931396,0.029270080849528313,0.12368994951248169,2.4669480323791504,542.95166015625,0.48796531558036804,0.6600894331932068,0.004022603388875723,0.07202153652906418,0.5454897284507751,0.2940068244934082,0.9953380227088928,0.06242506578564644,0.013860270380973816,0.18923285603523254,0.9935945272445679,0.0,0.5165932774543762,0.017254507169127464,0.6130574457347393,5.646634344011545,34.46411783695221,144.00908261835576,194,36.20750150003005
1.7917025089263916,0.44918587803840637,1.0282788276672363,1.1693212985992432,2.4368486404418945,0.02917223796248436,0.12273439764976501,2.446803092956543,543.763916015625,0.48671621084213257,0.6593436002731323,0.004269616212695837,0.07175368070602417,0.5606328248977661,0.2913331091403961,0.9962044954299927,0.06128055602312088,0.013198449276387691,0.18771706521511078,0.9951807260513306,0.0,0.5160096287727356,0.018315879628062248,0.14117626640945674,4.8137695543468,38.71429345607758,115.17313973158598,195,36.36180100007914
1.7922459840774536,0.4544316530227661,1.0376485586166382,1.1840622425079346,2.455843687057495,0.029107267037034035,0.12371830642223358,2.4444565773010254,543.2341918945312,0.48755180835723877,0.6597558259963989,0.0041837068274617195,0.07093963027000427,0.5578353404998779,0.292657732963562,0.9944074153900146,0.06272023171186447,0.013533318415284157,0.1875385195016861,0.9941748976707458,0.0,0.51633220911026,0.017946690320968628,-0.2704674517910462,9.516648174077272,38.43856739997864,247.00699818134308,196,36.25358509994112
1.791690468788147,0.45762255787849426,1.0505588054656982,1.2038099765777588,2.521479845046997,0.02909110113978386,0.12326055765151978,2.439091444015503,543.0693969726562,0.4873613715171814,0.6596182584762573,0.004080330021679401,0.07135825604200363,0.5456421375274658,0.29312074184417725,0.995378851890564,0.06360413879156113,0.013988498598337173,0.18705303966999054,0.9933266043663025,0.0,0.5162245631217957,0.017493609338998795,0.46157571361400185,11.058507458865643,36.30487585067749,254.9894676744938,197,35.722116700024344
1.8041887283325195,0.48560309410095215,1.0821163654327393,1.2241054773330688,2.5233516693115234,0.02914719469845295,0.12372630834579468,2.4500625133514404,543.7322998046875,0.48878997564315796,0.6607909202575684,0.0039719766937196255,0.07156966626644135,0.5413069725036621,0.31368398666381836,0.9948827624320984,0.07161984592676163,0.014464152045547962,0.18808196485042572,0.9958292841911316,0.0,0.5171422958374023,0.01705116033554077,-0.23267806333024055,8.406937117874623,40.87499294281006,199.072165453434,198,37.47868300008122
1.7919330596923828,0.4570791721343994,1.0532517433166504,1.172619104385376,2.4682021141052246,0.029334500432014465,0.12277847528457642,2.469759941101074,542.8814086914062,0.48728320002555847,0.659671425819397,0.0039810603484511375,0.07217321544885635,0.5487110614776611,0.2890997529029846,0.9951035976409912,0.06345318257808685,0.01327300164848566,0.18935658037662506,0.9925240874290466,0.0,0.5162661671638489,0.017060130834579468,0.36155543064232915,9.434876136481762,35.09190092086792,235.9743556380272,199,35.045412999927066
1.7894607782363892,0.45016971230506897,1.02451491355896,1.1717313528060913,2.4438936710357666,0.029270533472299576,0.12327691912651062,2.4641964435577393,542.7835083007812,0.4869807958602905,0.659074068069458,0.003993495833128691,0.07191845774650574,0.5561419129371643,0.28716492652893066,0.995619535446167,0.06154928728938103,0.013252913020551205,0.1889839619398117,0.9927555322647095,0.0,0.5157986879348755,0.017120491713285446,-0.3671538393944502,5.339904774725437,35.10377833843231,124.6370966464281,200,35.38930609996896
1.7901177406311035,0.4514758288860321,1.037684440612793,1.1682119369506836,2.4264280796051025,0.029190117493271828,0.1229563057422638,2.4507980346679688,543.161376953125,0.4873378872871399,0.6597573161125183,0.004055540543049574,0.07171858847141266,0.5501618981361389,0.2904933989048004,0.9952457547187805,0.06190696731209755,0.013173417188227177,0.18793871998786926,0.9933799505233765,0.0,0.5163333415985107,0.017385317012667656,0.1796106269583106,7.194177621603012,33.23358585834503,222.13152705430986,201,35.84570179996081
1.7932909727096558,0.45437610149383545,1.0379118919372559,1.1854621171951294,2.475069046020508,0.02910699136555195,0.12368576973676682,2.4441959857940674,543.9189453125,0.487566739320755,0.6601572036743164,0.004111178684979677,0.07147520035505295,0.5513538122177124,0.2936934530735016,0.9962746500968933,0.0627049058675766,0.013565335422754288,0.18748775124549866,0.9952542185783386,0.0,0.5166463255882263,0.017632488161325455,-0.4061555017717183,7.756953184306622,40.08790125846863,244.36388038396836,202,36.38231440004893
1.8010693788528442,0.47212326526641846,1.072234034538269,1.1860612630844116,2.4845306873321533,0.029330462217330933,0.12317979335784912,2.4719178676605225,543.4694213867188,0.4874129891395569,0.6596422791481018,0.0044090403243899345,0.07220973819494247,0.55526202917099,0.3030390441417694,0.9958218932151794,0.06769885122776031,0.013579052872955799,0.18969911336898804,0.9949296712875366,0.0,0.5162432789802551,0.018919462338089943,-0.18344487164285966,5.634181248396635,38.39850454330444,142.29592785537244,203,37.08923899999354
1.788432240486145,0.4450031816959381,1.0456149578094482,1.1674715280532837,2.465728282928467,0.029199812561273575,0.12267008423805237,2.450209379196167,543.0843505859375,0.4869607388973236,0.6592081189155579,0.004126076120883226,0.07229404896497726,0.5526536107063293,0.2868441641330719,0.9956559538841248,0.060144614428281784,0.013156725093722343,0.1879657506942749,0.9935681223869324,0.0,0.5159035921096802,0.017693551257252693,0.782695948932087,5.457373605668545,36.32886791229248,136.23663498163222,204,35.83899400010705
1.7914930582046509,0.46791741251945496,1.0536781549453735,1.1837430000305176,2.478579044342041,0.029132209718227386,0.12256897985935211,2.4401133060455322,542.2465209960938,0.4865384101867676,0.6586863398551941,0.0038037486374378204,0.07199762761592865,0.5431470274925232,0.29894542694091797,0.9947341084480286,0.0664980560541153,0.01352602243423462,0.18722131848335266,0.9924342632293701,0.0,0.515495240688324,0.016317900270223618,-0.4860814817249775,5.989427015930414,40.40203337669372,112.60557801127433,205,36.318870799965225
1.791683316230774,0.453996479511261,1.0305253267288208,1.1898423433303833,2.4786369800567627,0.02928674779832363,0.12334290891885757,2.466911792755127,542.7230224609375,0.48797857761383057,0.6600261926651001,0.003968908917158842,0.07332170754671097,0.5435450077056885,0.2927386164665222,0.9956511855125427,0.06260015815496445,0.013665769249200821,0.1891985684633255,0.9926598072052002,0.0,0.5165438055992126,0.01701534353196621,-0.14090049586375245,5.598690777271986,38.044228529930116,136.27503667473792,206,35.402786599937826
1.797156572341919,0.46886202692985535,1.075547218322754,1.1897621154785156,2.47204327583313,0.02932913415133953,0.12283704429864883,2.46940541267395,542.8023681640625,0.4880632758140564,0.6603043079376221,0.003916189540177584,0.07283216714859009,0.5368038415908813,0.30542242527008057,0.9937694668769836,0.06676682084798813,0.013663925230503082,0.18954239785671234,0.9936189651489258,0.0,0.5167614817619324,0.016803093254566193,-0.5266573106870055,8.981744904071093,57.098636865615845,286.5603591501713,207,36.560513200005516
1.7908635139465332,0.45302438735961914,1.0314984321594238,1.1827441453933716,2.459181308746338,0.029188182204961777,0.12377859652042389,2.4561264514923096,543.1220092773438,0.4872041344642639,0.6594749093055725,0.004099104553461075,0.07249132543802261,0.5464634895324707,0.2915036082267761,0.9954918622970581,0.0623323880136013,0.01350320316851139,0.18831251561641693,0.9930359721183777,0.0,0.5161123275756836,0.017567258328199387,0.575996683887206,4.468403197079897,35.98608684539795,99.63283449411392,208,35.05805059999693
1.789677381515503,0.44445541501045227,1.025305151939392,1.174940586090088,2.456954002380371,0.0292059313505888,0.12323117256164551,2.454869031906128,543.3909301757812,0.4874488413333893,0.6596309542655945,0.00417108042165637,0.07191821187734604,0.5573188662528992,0.2863246202468872,0.994986355304718,0.05999664217233658,0.013325607404112816,0.18825635313987732,0.9939804673194885,0.0,0.5162344574928284,0.017883867025375366,-1.0098983988165855,5.023177895694971,44.399843907356264,131.51729912757872,209,35.94624029996339
1.799636721611023,0.4666191637516022,1.0565221309661865,1.2096179723739624,2.5421946048736572,0.02924676425755024,0.12350409477949142,2.462423801422119,544.2822265625,0.48864519596099854,0.660580575466156,0.004091403912752867,0.07251293212175369,0.5429964065551758,0.29890352487564087,0.9957691431045532,0.06612957268953323,0.014123803935945034,0.18891648948192596,0.9959410429000854,0.0,0.5169776678085327,0.01754806376993656,-0.2248184618074447,6.849837383627891,41.89858765602112,188.12957928180694,210,36.10637209995184
1.7960370779037476,0.4628048539161682,1.0711981058120728,1.2185581922531128,2.541330575942993,0.02905457839369774,0.12342754751443863,2.43515944480896,544.1509399414062,0.4885435402393341,0.6603585481643677,0.004127598367631435,0.07285895198583603,0.5484432578086853,0.2996290326118469,0.9965598583221436,0.06505285203456879,0.01433335430920124,0.18676704168319702,0.9953822493553162,0.0,0.5168039202690125,0.017697637900710106,-0.6063432911818382,4.986484415084123,36.56435091495514,130.55484753251076,211,35.82258479995653
1.7917224168777466,0.45137470960617065,1.0428770780563354,1.1584858894348145,2.4204750061035156,0.02928929403424263,0.12254605442285538,2.4618613719940186,543.755615234375,0.4872273802757263,0.6594447493553162,0.00409729266539216,0.0727463811635971,0.5492876172065735,0.28870338201522827,0.994027853012085,0.0618792362511158,0.012954979203641415,0.18879550695419312,0.9944401383399963,0.0,0.5160887241363525,0.01756383292376995,-0.23834643177688122,10.21121280863881,44.503638124465944,252.95581370592117,212,35.49277949996758
1.7983314990997314,0.47289201617240906,1.0805017948150635,1.198520302772522,2.507006883621216,0.029234720394015312,0.12324729561805725,2.458993911743164,543.6546630859375,0.4876260459423065,0.6597673892974854,0.003961335867643356,0.07259853184223175,0.5455307960510254,0.30138739943504333,0.9901365041732788,0.06791950017213821,0.013865834102034569,0.18861277401447296,0.9946052432060242,0.0,0.5163412094116211,0.016986997798085213,-2.786401638947427,11.881066431105136,82.2283921957016,339.6730935931206,213,35.833481399924494
1.7964649200439453,0.46776100993156433,1.0431344509124756,1.201411247253418,2.493950843811035,0.029198378324508667,0.12409799546003342,2.4597318172454834,543.3051147460938,0.48792535066604614,0.6601706743240356,0.00390592566691339,0.0726059228181839,0.5427035093307495,0.2983386516571045,0.9898973107337952,0.06645361334085464,0.013932807371020317,0.18869063258171082,0.9939811825752258,0.0,0.5166568160057068,0.016749650239944458,-2.8687301158905028,8.076841981709004,77.68016760349273,212.8550023138523,214,35.93700299994089
1.7942765951156616,0.4559933841228485,1.0379283428192139,1.1564512252807617,2.418905735015869,0.029294399544596672,0.12280607223510742,2.4643359184265137,543.69921875,0.4873644709587097,0.6598153114318848,0.004160536453127861,0.07249481230974197,0.5531890392303467,0.29211604595184326,0.9958661198616028,0.06315207481384277,0.012909513898193836,0.18908792734146118,0.9949030876159668,0.0,0.5163788199424744,0.017845092341303825,0.09630799912847579,6.502053112536669,37.124997234344484,148.2772321432829,215,36.122650799923576
1.794647455215454,0.46136757731437683,1.0426898002624512,1.1985200643539429,2.49711275100708,0.029191207140684128,0.12349605560302734,2.454619884490967,543.2921142578125,0.48767802119255066,0.6599034667015076,0.0039978655986487865,0.07310282438993454,0.5553061962127686,0.294104665517807,0.9918485879898071,0.06464941799640656,0.01386583037674427,0.18834078311920166,0.9941955804824829,0.0,0.5164477825164795,0.01714802160859108,-1.5497731648385524,5.963827089220286,55.30119736194611,136.0686155334115,216,35.889748099958524
1.7937726974487305,0.4595779478549957,1.0437582731246948,1.1925595998764038,2.507275104522705,0.029275456443428993,0.12373215705156326,2.467987298965454,542.9468994140625,0.48736506700515747,0.6597493290901184,0.004053262993693352,0.07282208651304245,0.559439480304718,0.2929597795009613,0.9955563545227051,0.06414885818958282,0.013728257268667221,0.189289391040802,0.9929049015045166,0.0,0.5163271427154541,0.017374111339449883,0.3696937548695132,5.660595038533211,32.30799827575684,144.44538893699647,217,34.98237019998487
1.7934083938598633,0.4615863561630249,1.0585957765579224,1.2009353637695312,2.5084645748138428,0.029166612774133682,0.12336834520101547,2.450324535369873,543.4241333007812,0.4873686134815216,0.6593192219734192,0.0038341768085956573,0.07345124334096909,0.5395877361297607,0.297085165977478,0.9911297559738159,0.06471075117588043,0.013921773061156273,0.1880067139863968,0.9943344593048096,0.0,0.5159904956817627,0.016444215551018715,1.6587055936455726,10.10124187618494,41.69835305213928,292.86381202340124,218,35.98516219994053
1.7961245775222778,0.4593401551246643,1.0552526712417603,1.1987227201461792,2.492006778717041,0.029224496334791183,0.12363652139902115,2.460219144821167,544.2423706054688,0.48793691396713257,0.6600154042243958,0.004037075210362673,0.07246463000774384,0.5459820032119751,0.2950521409511566,0.9962356686592102,0.06408247351646423,0.013870518654584885,0.1887149065732956,0.9956108331680298,0.0,0.5165353417396545,0.017310576513409615,-0.4028202274814248,6.379795023798943,31.24736018180847,181.5386555612087,219,35.69174969999585
1.792941689491272,0.4562089145183563,1.038227915763855,1.1861239671707153,2.4755334854125977,0.029121406376361847,0.12321832031011581,2.443014621734619,543.9083251953125,0.487293541431427,0.6595474481582642,0.004063581582158804,0.07363473623991013,0.543228030204773,0.2952520549297333,0.9964148998260498,0.06321178376674652,0.013580488041043282,0.18744942545890808,0.9951047301292419,0.0,0.5161690711975098,0.01742607355117798,0.35854430329054593,9.720772431790829,28.315750527381898,284.2035550713539,220,35.77561180002522
1.7986198663711548,0.4697456359863281,1.0410326719284058,1.2017005681991577,2.4836390018463135,0.029223142191767693,0.12344934046268463,2.458754062652588,543.3838500976562,0.48795726895332336,0.6599722504615784,0.004021293483674526,0.0743028074502945,0.5406940579414368,0.3035721778869629,0.9958348870277405,0.06701870262622833,0.013939516618847847,0.18876400589942932,0.9951343536376953,0.0,0.5165015459060669,0.017261885106563568,-0.602572294161655,5.852766056358814,34.68742516040802,134.56257011890412,221,37.48739739996381
1.79515540599823,0.4754561483860016,1.0746219158172607,1.21249520778656,2.5333127975463867,0.029071060940623283,0.12335290014743805,2.4369380474090576,542.5086059570312,0.4871370196342468,0.6594541072845459,0.003943572752177715,0.07300318777561188,0.542249321937561,0.3026050329208374,0.9906196594238281,0.06865804642438889,0.014191074296832085,0.18690571188926697,0.9923954606056213,0.0,0.5160961151123047,0.016908906400203705,2.080178713053465,7.020732194185257,53.641161584854125,181.92777480483056,222,35.57231650000904
1.7895565032958984,0.444751113653183,1.030875563621521,1.1945639848709106,2.4960944652557373,0.029087534174323082,0.12367786467075348,2.441439628601074,543.54443359375,0.48718491196632385,0.6594510078430176,0.004085851367563009,0.07321083545684814,0.5569120645523071,0.2881849408149719,0.9951914548873901,0.060076501220464706,0.013774445280432701,0.18731383979320526,0.9947705864906311,0.0,0.5160937309265137,0.017527414485812187,1.1991160828620195,5.812613774836064,43.15565929412842,143.277383351326,223,35.97669460007455
1.7937546968460083,0.445812851190567,1.0271416902542114,1.1818838119506836,2.472710609436035,0.029249530285596848,0.1231691911816597,2.4605307579040527,544.8035888671875,0.4870181679725647,0.6592310667037964,0.004335741512477398,0.07170949876308441,0.5601861476898193,0.2875829041004181,0.9955615997314453,0.06036368012428284,0.013483567163348198,0.18873925507068634,0.9966552257537842,0.0,0.5159215331077576,0.018591556698083878,-0.0690967076458037,5.426920361071825,35.2090184211731,170.79708832502365,224,35.71681130002253
1.7941203117370605,0.4582657217979431,1.0461994409561157,1.1944444179534912,2.486476421356201,0.029306767508387566,0.12367844581604004,2.471998691558838,543.0917358398438,0.4880298972129822,0.6602892279624939,0.00402205903083086,0.07396771013736725,0.5333660244941711,0.2935869097709656,0.9964990019798279,0.06378306448459625,0.013771685771644115,0.18954214453697205,0.9930356740951538,0.0,0.5167496204376221,0.017238028347492218,-0.682686185464263,5.686588267236948,39.803226017951964,159.72160622477531,225,35.0216215000255
1.7903324365615845,0.4493226408958435,1.0252201557159424,1.1847236156463623,2.459348440170288,0.02915094792842865,0.12345369160175323,2.448725461959839,543.5170288085938,0.48738399147987366,0.6595851182937622,0.004060882609337568,0.07368581742048264,0.5428427457809448,0.2897636294364929,0.9954745173454285,0.06131787970662117,0.013548441231250763,0.18777957558631897,0.9940788745880127,0.0,0.5161985754966736,0.01740906946361065,0.13599185401690192,5.2058419235050675,36.925226998329165,122.20570822656154,226,35.53039159998298
1.7945395708084106,0.4586980640888214,1.0433931350708008,1.2023898363113403,2.496748208999634,0.029201269149780273,0.12334427982568741,2.454988479614258,543.343017578125,0.4872730076313019,0.6595478653907776,0.004015950486063957,0.07391996681690216,0.539554238319397,0.2981088161468506,0.9956060647964478,0.06390345841646194,0.013955515809357166,0.1884479522705078,0.9948284029960632,0.0,0.5161694288253784,0.01723494380712509,0.8712939359247684,5.931539037823677,34.106029462814334,136.76278661191463,227,36.963220899924636
1.7931554317474365,0.45772919058799744,1.0507510900497437,1.172680139541626,2.4498820304870605,0.029187655076384544,0.12281084060668945,2.4494683742523193,543.5562133789062,0.48713940382003784,0.6591446399688721,0.0041649420745670795,0.0725121796131134,0.5586589574813843,0.2936527132987976,0.9966239333152771,0.06363376975059509,0.01327438373118639,0.18790581822395325,0.9946237802505493,0.0,0.5158538818359375,0.017863674089312553,-0.19036362816405017,5.452880968898535,30.454274809360506,132.72710535526275,228,36.25570249999873
1.7984931468963623,0.4722289741039276,1.0760085582733154,1.212605595588684,2.5154616832733154,0.029150599613785744,0.12404043972492218,2.452683687210083,543.4454956054688,0.48812055587768555,0.6600332260131836,0.004139874130487442,0.07369986176490784,0.5531758666038513,0.30257728695869446,0.9951841831207275,0.06772918254137039,0.014193657785654068,0.18811386823654175,0.9941556453704834,0.0,0.516549289226532,0.017751410603523254,-0.15153981344774364,5.058702235668898,35.79135210514069,101.33316361308098,229,35.71596629999112
1.7927954196929932,0.45295250415802,1.0348842144012451,1.1759015321731567,2.43123197555542,0.029062818735837936,0.12336728721857071,2.435892343521118,544.7257080078125,0.48751142621040344,0.659727931022644,0.004220962058752775,0.07293938100337982,0.5568493008613586,0.2919841706752777,0.9963210821151733,0.06231260299682617,0.013347414322197437,0.1867896169424057,0.9959463477134705,0.0,0.5163103342056274,0.01808909885585308,-0.06733457802329212,7.377506732940674,36.03810987472534,222.25217599272727,230,35.03847909998149
1.8005774021148682,0.4760504961013794,1.0682518482208252,1.2034032344818115,2.498490571975708,0.02915528230369091,0.12347156554460526,2.4494504928588867,543.2871704101562,0.4880811870098114,0.6603074669837952,0.0040252660401165485,0.07324554771184921,0.5473658442497253,0.3101537823677063,0.9949048757553101,0.06882981210947037,0.01397904846817255,0.18811871111392975,0.9955959320068359,0.0,0.5167639255523682,0.01729002222418785,-0.5137585339602083,8.233814538270234,45.73236532211304,254.59851884245873,231,38.20054400002118
1.7919387817382812,0.4580356478691101,1.0396851301193237,1.1689224243164062,2.426332950592041,0.02909400500357151,0.12350498884916306,2.4411590099334717,543.0739135742188,0.488391250371933,0.6605027318000793,0.003961191978305578,0.07424509525299072,0.5424379706382751,0.2948133647441864,0.995778501033783,0.06371902674436569,0.013189448975026608,0.1872979700565338,0.9938243627548218,0.0,0.5169167518615723,0.016991199925541878,-0.04632497616112232,5.2846193864941595,42.642177271842954,126.51038213968278,232,36.21181829995476
1.7878265380859375,0.4379962682723999,1.010558843612671,1.183327555656433,2.4816360473632812,0.02907712571322918,0.12366195768117905,2.4398860931396484,543.9744262695312,0.4874475300312042,0.6597703099250793,0.004064927343279123,0.07376150041818619,0.5542008280754089,0.28316712379455566,0.9959185719490051,0.058265481144189835,0.013516528531908989,0.1871345341205597,0.995136022567749,0.0,0.5163435339927673,0.017430270090699196,0.3356331534567289,5.414115672558546,36.31097583770752,150.0296218752861,233,35.89327090000734
1.7982546091079712,0.46891748905181885,1.0669589042663574,1.212965965270996,2.5137577056884766,0.029079079627990723,0.12388436496257782,2.441676378250122,544.0208740234375,0.4876326024532318,0.6598725914955139,0.0040687271393835545,0.07373841106891632,0.546265184879303,0.3023376762866974,0.9965108036994934,0.06678260862827301,0.014202095568180084,0.18737950921058655,0.9960064888000488,0.0,0.5164235830307007,0.017460336908698082,0.07824375791242347,6.9112387463450435,31.900690174102785,211.8197661757469,234,37.134212099947035
1.7949187755584717,0.462470680475235,1.0566116571426392,1.2029541730880737,2.5205655097961426,0.029185868799686432,0.1234707236289978,2.4537036418914795,543.5390625,0.48745492100715637,0.659462571144104,0.004055471159517765,0.07450293749570847,0.5440452098846436,0.2949065864086151,0.9960147142410278,0.06495893746614456,0.013968615792691708,0.18821170926094055,0.9942878484725952,0.0,0.5161027312278748,0.01738881878554821,0.5042927954345942,6.947814264148474,38.212880158424376,212.36604065299034,235,35.8974004999036
1.7974884510040283,0.4644489288330078,1.0367802381515503,1.2182073593139648,2.5473761558532715,0.029232090339064598,0.12366551905870438,2.4614768028259277,544.1657104492188,0.4882484972476959,0.6601205468177795,0.003980992827564478,0.07410729676485062,0.5442379713058472,0.29531776905059814,0.996462881565094,0.06551586091518402,0.014325101859867573,0.18878479301929474,0.9951798915863037,0.0,0.5166177153587341,0.01706511527299881,0.28192238658666613,6.2154763147234915,31.728336000442503,143.47332934737204,236,35.380119399982505
1.7969496250152588,0.46598193049430847,1.063490867614746,1.1962329149246216,2.4834816455841064,0.029218627139925957,0.12328928709030151,2.4570345878601074,543.6179809570312,0.48801982402801514,0.6599497199058533,0.0041919490322470665,0.07479647547006607,0.5393506288528442,0.29978635907173157,0.996301531791687,0.06594906747341156,0.013812958262860775,0.18845446407794952,0.9942777752876282,0.0,0.5164840221405029,0.017971212044358253,-0.233563935267739,8.420495664328337,31.953086686134338,231.74651088118554,237,35.34067180007696
1.783727765083313,0.4340459108352661,1.0172832012176514,1.1492570638656616,2.3946242332458496,0.029061175882816315,0.12316744029521942,2.434304714202881,543.4552612304688,0.48667076230049133,0.6591761112213135,0.003970040939748287,0.07419481128454208,0.5429821014404297,0.28223109245300293,0.9958698749542236,0.057219214737415314,0.012749393470585346,0.18670853972434998,0.9941492676734924,0.0,0.5158784985542297,0.017022769898176193,-2.221889765560627,5.748672468960285,73.18072185516357,165.01171525120736,238,35.485806000069715
1.7920433282852173,0.45089447498321533,1.0378823280334473,1.1858201026916504,2.4619357585906982,0.029079796746373177,0.12382448464632034,2.441366672515869,544.4943237304688,0.4877170920372009,0.6597567200660706,0.003986014518886805,0.07476247102022171,0.5394966006278992,0.2933800220489502,0.9962486028671265,0.06174763664603233,0.013573531061410904,0.1872463971376419,0.9960517287254333,0.0,0.5163329243659973,0.017091287299990654,0.43739007915719413,5.050686415284872,30.480244731903078,127.66845859587193,239,35.57802020001691
1.7926372289657593,0.4592604637145996,1.046400547027588,1.2004071474075317,2.4963393211364746,0.029104109853506088,0.12378904968500137,2.44450044631958,542.9313354492188,0.4876062870025635,0.6596080660820007,0.004086880479007959,0.07572372257709503,0.5456022620201111,0.2960678040981293,0.9959098100662231,0.0640602558851242,0.01390952616930008,0.18753424286842346,0.9933894276618958,0.0,0.5162165760993958,0.0175272598862648,-0.9577675875276327,5.578914315253496,51.37342104911804,151.08084199726582,240,35.84365449997131
1.792497158050537,0.45791420340538025,1.0276118516921997,1.191465973854065,2.481694459915161,0.029097415506839752,0.12340512871742249,2.4409523010253906,543.13671875,0.4878767728805542,0.6600832343101501,0.003988433163613081,0.07553595304489136,0.5381481647491455,0.2967839539051056,0.9947425127029419,0.06368522346019745,0.013703090138733387,0.18729868531227112,0.9941108226776123,0.0,0.5165884494781494,0.017110999673604965,0.051976117142476144,6.605731453746557,38.06954174041748,156.68037227988242,241,36.2007384999888
1.7879350185394287,0.44869130849838257,1.0348446369171143,1.1708970069885254,2.449275493621826,0.029080407693982124,0.12341887503862381,2.4386844635009766,543.5924682617188,0.4874858856201172,0.6597303152084351,0.0038435119204223156,0.07525408267974854,0.5303986668586731,0.2845258116722107,0.9929560422897339,0.061145685613155365,0.013234048150479794,0.1869649887084961,0.9938076138496399,0.0,0.516312301158905,0.01647041365504265,-1.8652664937078953,8.825205838680267,58.44796981811523,257.4228533387184,242,35.22233420005068
1.7952842712402344,0.4650231897830963,1.0541017055511475,1.2007602453231812,2.495332717895508,0.02917638048529625,0.12375161796808243,2.4542980194091797,543.1663818359375,0.4878854751586914,0.6598742008209229,0.004052231088280678,0.0748751237988472,0.545988142490387,0.29950055480003357,0.9954739809036255,0.06567797064781189,0.0139177106320858,0.1882631480693817,0.9936252236366272,0.0,0.516424834728241,0.017375262454152107,0.8253206784836948,5.617520467936993,33.775837659835815,152.21230492591857,243,35.51507620001212
1.797279953956604,0.468092143535614,1.0775103569030762,1.2001765966415405,2.4864630699157715,0.02922271192073822,0.1231505498290062,2.4566609859466553,542.97314453125,0.48832517862319946,0.6602561473846436,0.004119698889553547,0.07498784363269806,0.5336977243423462,0.3033604919910431,0.9963129758834839,0.06654772907495499,0.013904186896979809,0.1885402649641037,0.9938884377479553,0.0,0.5167237520217896,0.01767551526427269,-1.4044149942696094,5.522810207307339,45.55356171131134,161.93574698269367,244,36.615552399889566
1.793267846107483,0.4622030258178711,1.0563935041427612,1.2029451131820679,2.4787421226501465,0.029170162975788116,0.12334843724966049,2.450683355331421,542.3927612304688,0.4877409040927887,0.6597077250480652,0.004177713766694069,0.07589948177337646,0.5404119491577148,0.2978347837924957,0.9939149618148804,0.0648837685585022,0.013968406245112419,0.1879897564649582,0.9922177791595459,0.0,0.516294538974762,0.017913445830345154,1.0266895249311347,9.580625590682029,37.48843257427215,281.42287355065343,245,35.74676249991171
1.7916921377182007,0.45141685009002686,1.0431758165359497,1.1730366945266724,2.4390084743499756,0.029101496562361717,0.12324494868516922,2.440429449081421,544.2294921875,0.48774299025535583,0.6600545048713684,0.004001172725111246,0.07401043176651001,0.5331192016601562,0.29204341769218445,0.9858880639076233,0.06189079210162163,0.013282456435263157,0.18721270561218262,0.9955835938453674,0.0,0.5165659785270691,0.0171565692871809,-3.090667352080345,12.206173083931208,90.55283648967743,378.207088637352,246,35.80801669997163
1.796250343322754,0.47036978602409363,1.0603320598602295,1.207460641860962,2.521937370300293,0.029046960175037384,0.12416471540927887,2.439138650894165,543.2626342773438,0.4878186583518982,0.6600440144538879,0.004198921844363213,0.07474495470523834,0.5515231490135193,0.2976837754249573,0.9951947331428528,0.06719692051410675,0.014073468744754791,0.18703892827033997,0.9933866858482361,0.0,0.5165578126907349,0.017996732145547867,-0.947529066260904,9.923515769839288,51.49318528175354,257.59754019081595,247,35.910051300073974
1.7911434173583984,0.4504616856575012,1.0372694730758667,1.1672112941741943,2.4420289993286133,0.02912777289748192,0.12309626489877701,2.44307017326355,544.0983276367188,0.48683106899261475,0.6591114401817322,0.00405731750652194,0.07334349304437637,0.5535778999328613,0.2900218367576599,0.9967834949493408,0.06162916123867035,0.013150863349437714,0.18744909763336182,0.9956831932067871,0.0,0.5158279538154602,0.017403244972229004,-0.5536619117483497,7.5488513424992565,41.01624536514282,188.93935306072234,248,36.55401530000381
1.8026468753814697,0.4902365803718567,1.0952844619750977,1.2319012880325317,2.5805141925811768,0.02909761294722557,0.12391812354326248,2.4444806575775146,542.96142578125,0.48870185017585754,0.6605755090713501,0.00398233300074935,0.07550600916147232,0.5301332473754883,0.3137451708316803,0.9962296485900879,0.07299312204122543,0.01464897021651268,0.18753324449062347,0.9934191703796387,0.0,0.5169736742973328,0.017078455537557602,-0.15702039513271301,4.887920136749744,38.129837083816525,92.68337695002556,249,36.16049560008105
1.794107437133789,0.4547366201877594,1.055358648300171,1.170699954032898,2.45646595954895,0.029091166332364082,0.12303601950407028,2.437574625015259,544.7052612304688,0.48723772168159485,0.6594067215919495,0.004171616863459349,0.07410842180252075,0.556963324546814,0.2925744950771332,0.9958535432815552,0.0628044530749321,0.013229590840637684,0.18707741796970367,0.9970391988754272,0.0,0.5160590410232544,0.017897915095090866,0.3316042885184288,5.728237076103687,37.97140717506409,141.9531078517437,250,36.94324119994417
1.79062819480896,0.4485691487789154,1.0404285192489624,1.1449121236801147,2.3744263648986816,0.0290871299803257,0.1228761374950409,2.435929298400879,544.0064086914062,0.48681360483169556,0.6592799425125122,0.0041936407797038555,0.0742616206407547,0.5485450625419617,0.29327312111854553,0.9955921173095703,0.06111239269375801,0.012653176672756672,0.1869679093360901,0.9959392547607422,0.0,0.5159597992897034,0.017995648086071014,0.8117035579867661,4.682914947718382,38.479740023612976,120.10387642383576,251,37.206964700017124
1.7906988859176636,0.44857627153396606,1.0514196157455444,1.1719597578048706,2.4385557174682617,0.029100412502884865,0.12361970543861389,2.44283127784729,543.93505859375,0.48727720975875854,0.6593888401985168,0.004205041565001011,0.0746677815914154,0.5516623258590698,0.2891099452972412,0.9956721067428589,0.061114341020584106,0.013258079998195171,0.18737420439720154,0.9948795437812805,0.0,0.5160449743270874,0.018027732148766518,-0.003838744340464473,6.056921196728945,34.09012392759323,185.49749757647515,252,35.820924300001934
1.8031435012817383,0.48695990443229675,1.1016801595687866,1.2301490306854248,2.5752131938934326,0.029044652357697487,0.12398902326822281,2.4376163482666016,543.7406616210938,0.48887231945991516,0.6607950329780579,0.004047229420393705,0.07542158663272858,0.5399814248085022,0.30783048272132874,0.9882448315620422,0.07202062755823135,0.0146073242649436,0.1870354861021042,0.9949756264686584,0.0,0.5171454548835754,0.017359044402837753,2.394555759429932,13.252237823605537,60.27245604991913,299.50645141601564,253,36.19819979998283
1.7967960834503174,0.4670473635196686,1.0501904487609863,1.2135097980499268,2.5151150226593018,0.029071317985653877,0.12372144311666489,2.439485788345337,543.3976440429688,0.4889616072177887,0.6606809496879578,0.00406354246661067,0.07583071291446686,0.5326567888259888,0.3020118176937103,0.9941872358322144,0.0662509873509407,0.014214834198355675,0.18722112476825714,0.9946191310882568,0.0,0.5170562267303467,0.01743376813828945,-0.4028311845846474,6.953282821923494,52.83985877037048,183.84064364135264,254,36.79031990002841
1.7945460081100464,0.4644082188606262,1.045746088027954,1.1905450820922852,2.500145196914673,0.02896573580801487,0.1235775351524353,2.4238789081573486,543.8567504882812,0.48819059133529663,0.6600707173347473,0.004066681955009699,0.0754799172282219,0.5454803109169006,0.2997605800628662,0.996492862701416,0.06550437957048416,0.013681917451322079,0.1859876960515976,0.9953478574752808,0.0,0.5165786743164062,0.017445281147956848,-0.30810493300668895,4.609272070974112,38.21766662597656,107.76990906596184,255,36.3024600999197
1.7911659479141235,0.45098137855529785,1.0240960121154785,1.195420503616333,2.5014021396636963,0.02901235781610012,0.1233697310090065,2.4289145469665527,543.9590454101562,0.4876123070716858,0.6600149273872375,0.0039795320481061935,0.07510480284690857,0.5372753143310547,0.29268506169319153,0.9964439868927002,0.06177143752574921,0.013794204220175743,0.18639229238033295,0.9956005215644836,0.0,0.5165349841117859,0.017072545364499092,-0.4635218814248219,6.063453847914934,29.51761426925659,157.28915222883225,256,36.59822159993928
1.7933229207992554,0.45974305272102356,1.0495043992996216,1.1793588399887085,2.4560577869415283,0.02903023362159729,0.12326644361019135,2.430687665939331,543.9715576171875,0.4876478910446167,0.6599053740501404,0.003937327768653631,0.07551153004169464,0.5451769828796387,0.2971188724040985,0.9961265921592712,0.0641949474811554,0.013426014222204685,0.18656255304813385,0.9957958459854126,0.0,0.5164492130279541,0.01689441315829754,0.5099778521707776,7.938416627049446,34.23747339248657,247.57907377183437,257,36.577141999965534
1.7931513786315918,0.460649311542511,1.0412875413894653,1.208577275276184,2.520749092102051,0.029075566679239273,0.12358538061380386,2.4391472339630127,543.1823120117188,0.4880039691925049,0.6600925326347351,0.004113102797418833,0.07626859098672867,0.545886218547821,0.2948216497898102,0.9940007925033569,0.0644482895731926,0.01409951038658619,0.18705537915229797,0.9933220148086548,0.0,0.516595721244812,0.01763037219643593,1.9491839740425347,7.628737490624189,56.710378563404085,217.28922094404697,258,35.39557809999678
1.789329171180725,0.44473332166671753,1.030887484550476,1.163879632949829,2.420787811279297,0.029047539457678795,0.12337052077054977,2.4337949752807617,543.9319458007812,0.4868725836277008,0.6592128276824951,0.004182671196758747,0.07702405750751495,0.5494177937507629,0.28883087635040283,0.995265007019043,0.06007169187068939,0.013075893744826317,0.18679402768611908,0.9955364465713501,0.0,0.5159072279930115,0.017943769693374634,-1.0142483804374933,5.787710333615541,43.43386387825012,138.08821882009505,259,36.32404330000281
1.789568543434143,0.4435352087020874,1.0300928354263306,1.1735085248947144,2.4558162689208984,0.028967350721359253,0.12348192185163498,2.423450469970703,544.3882446289062,0.4871525168418884,0.6595597863197327,0.004407050088047981,0.0761943832039833,0.5490428805351257,0.2840554416179657,0.9948245286941528,0.05974845960736275,0.013293146155774593,0.185842826962471,0.995613157749176,0.0,0.5161787271499634,0.018891973420977592,0.04582934584468603,4.858312500268221,34.55112478733063,136.52303976416587,260,35.86526489991229
1.7982298135757446,0.4677867293357849,1.0523366928100586,1.1935940980911255,2.4799208641052246,0.029157711192965508,0.12299931049346924,2.4465765953063965,544.1758422851562,0.4882378578186035,0.6602128148078918,0.003994073253124952,0.07775162905454636,0.5371943712234497,0.3017132580280304,0.9954997301101685,0.06646090745925903,0.013752087019383907,0.18781930208206177,0.996366560459137,0.0,0.5166898965835571,0.017141280695796013,0.004068684550293256,5.959905801713466,36.5128413438797,151.22720145583153,261,36.99280270002782
1.7961596250534058,0.4699898362159729,1.0608034133911133,1.2020303010940552,2.496101140975952,0.029065852984786034,0.12309431284666061,2.4344565868377686,543.3322143554688,0.48766249418258667,0.6596190929412842,0.004112394526600838,0.07680123299360275,0.548797607421875,0.3001552224159241,0.9947323799133301,0.06708840280771255,0.013947168365120888,0.18681716918945312,0.994439423084259,0.0,0.5162252187728882,0.017642296850681305,-0.5783036421402358,6.464505562931299,36.323530769348146,169.1183300435543,262,36.51655479997862
1.7954941987991333,0.47335320711135864,1.0701483488082886,1.207647442817688,2.542287826538086,0.028966721147298813,0.12420853227376938,2.4283294677734375,543.0377807617188,0.4884208142757416,0.6606817245483398,0.0039615025743842125,0.07709532976150513,0.5354350209236145,0.2978876829147339,0.9959943890571594,0.06805203855037689,0.014077825471758842,0.18623223900794983,0.9930940866470337,0.0,0.5170568227767944,0.01698117144405842,-0.15912502020946703,5.154465522617102,36.24978592395782,105.42694589495659,263,35.40485260006972
1.790927529335022,0.45284852385520935,1.0307674407958984,1.1863242387771606,2.4286725521087646,0.02919483557343483,0.12311171740293503,2.452510356903076,542.6786499023438,0.487729012966156,0.6598188281059265,0.004087856505066156,0.07721342146396637,0.5387569665908813,0.2946633994579315,0.9952199459075928,0.062283992767333984,0.013585075736045837,0.1881871223449707,0.9929576516151428,0.0,0.516381561756134,0.0175319854170084,0.06311339661478996,6.501188495010138,33.98613615036011,181.72574788331985,264,36.16726090002339
1.7956875562667847,0.46721163392066956,1.0579750537872314,1.199508786201477,2.5043420791625977,0.029225770384073257,0.12330414354801178,2.458132028579712,543.0714721679688,0.48814135789871216,0.6600975394248962,0.003876196686178446,0.07728606462478638,0.5323455929756165,0.2992021143436432,0.9952150583267212,0.06629760563373566,0.013888712972402573,0.18858905136585236,0.9936882853507996,0.0,0.5165995955467224,0.016624415293335915,0.4740610447479412,9.17882582321763,34.7618369102478,236.92679823040962,265,35.901358200004324
1.7908709049224854,0.45467501878738403,1.0470777750015259,1.181632399559021,2.456028699874878,0.029044026508927345,0.12380480021238327,2.436269760131836,543.4712524414062,0.4874641001224518,0.6595617532730103,0.004090504255145788,0.07685349881649017,0.5496208071708679,0.2931967079639435,0.9962154626846313,0.06278743594884872,0.01347783301025629,0.18686413764953613,0.9940246343612671,0.0,0.5161803364753723,0.017536576837301254,0.8153620226308703,4.986516685038805,28.94959716796875,119.87438476681709,266,35.8913030999247
1.7935872077941895,0.4643918573856354,1.0546284914016724,1.1767888069152832,2.4619650840759277,0.0290676262229681,0.1234273761510849,2.4369683265686035,542.952880859375,0.48801130056381226,0.6599733233451843,0.004084503743797541,0.07607188820838928,0.5428413152694702,0.30135780572891235,0.9961122870445251,0.06549976021051407,0.013367564417421818,0.18700528144836426,0.9936904907226562,0.0,0.5165024399757385,0.017521675676107407,-1.0351707465946673,4.947763723880053,48.76947178840637,113.04342059493065,267,36.56018299993593
1.7913696765899658,0.4610305428504944,1.05815851688385,1.1831130981445312,2.4502429962158203,0.029022399336099625,0.12380971014499664,2.4333057403564453,543.047607421875,0.4875972270965576,0.6598097681999207,0.004014169797301292,0.07660441845655441,0.5400250554084778,0.29258933663368225,0.9955768585205078,0.06455500423908234,0.013511630706489086,0.18661151826381683,0.9931100606918335,0.0,0.516374409198761,0.01720689982175827,-0.4157917361706495,5.998760062456131,33.93118870258331,135.90571528673172,268,35.44235260004643
1.7905304431915283,0.45423129200935364,1.038371205329895,1.183685064315796,2.4793434143066406,0.02892441302537918,0.12332499027252197,2.4164490699768066,543.9547729492188,0.4872862696647644,0.6593971848487854,0.004135845694690943,0.07580466568470001,0.5516872406005859,0.2922874987125397,0.9935572743415833,0.0626649484038353,0.013524698093533516,0.18536005914211273,0.995193362236023,0.0,0.5160515308380127,0.017736032605171204,-2.457035791873932,8.282275205105543,71.11588680744171,228.48789397478103,269,36.15924549999181
1.7839818000793457,0.433889240026474,1.0172388553619385,1.1508523225784302,2.395864248275757,0.02905811369419098,0.12297988682985306,2.4326062202453613,543.5562744140625,0.48705920577049255,0.6593234539031982,0.004034914541989565,0.0768095850944519,0.5376638174057007,0.28104498982429504,0.9922987818717957,0.057177912443876266,0.012784813530743122,0.18658483028411865,0.9941429495811462,0.0,0.5159938335418701,0.01729760877788067,-1.5498870076349704,7.709584084898234,51.92696223258972,207.3394294977188,270,35.4342821999453
1.7973839044570923,0.4712825119495392,1.0658338069915771,1.1973216533660889,2.4976091384887695,0.029057582840323448,0.12418995797634125,2.4407851696014404,543.5283813476562,0.48829925060272217,0.6604954600334167,0.004143597558140755,0.07665534317493439,0.5424178838729858,0.29770174622535706,0.9943610429763794,0.06745795905590057,0.013838112354278564,0.18719078600406647,0.9942200779914856,0.0,0.5169110894203186,0.017765821889042854,-1.148896111175418,10.261456459015609,43.72523934841156,299.4047574341297,271,35.640613200026564
1.7870503664016724,0.44560208916664124,1.0324147939682007,1.1671966314315796,2.441488265991211,0.029093023389577866,0.12315591424703598,2.4386467933654785,542.9188232421875,0.4879971146583557,0.6598039865493774,0.003965782932937145,0.07759168744087219,0.5362829566001892,0.28946858644485474,0.9968668222427368,0.060306619852781296,0.013150528073310852,0.18709154427051544,0.9931280016899109,0.0,0.5163699388504028,0.017003828659653664,0.5644854309037328,8.83521178290248,29.39578926563263,277.08417937755587,272,35.87993689998984
1.8040043115615845,0.4893435537815094,1.071260690689087,1.234870433807373,2.5545990467071533,0.02911822684109211,0.12384064495563507,2.446815252304077,543.3829345703125,0.4880215525627136,0.6599382758140564,0.004103721585124731,0.07740286737680435,0.5448440909385681,0.31093862652778625,0.9950072765350342,0.07272743433713913,0.01471966877579689,0.18780392408370972,0.9946707487106323,0.0,0.5164750218391418,0.017607541754841805,-0.34312319098971783,6.297205775231123,37.46087338924408,151.81674298644066,273,36.89747819991317
1.790019154548645,0.44942352175712585,1.0403051376342773,1.1770684719085693,2.4662110805511475,0.02913740836083889,0.12363144755363464,2.4480535984039307,543.9776000976562,0.4874177873134613,0.6595342755317688,0.0038485757540911436,0.07729679346084595,0.5394512414932251,0.29034119844436646,0.9963893890380859,0.0613454207777977,0.013373917900025845,0.1877451241016388,0.9948973655700684,0.0,0.5161588191986084,0.016498511657118797,0.5145734525925946,4.7129453152418135,29.17249972820282,126.08972048014402,274,35.442651199991815
1.7925585508346558,0.45363497734069824,1.039254069328308,1.1949232816696167,2.4659502506256104,0.029148397967219353,0.12385167181491852,2.4510865211486816,543.5681762695312,0.48732325434684753,0.6597685217857361,0.003979356028139591,0.07768340408802032,0.5420046448707581,0.29322803020477295,0.99583500623703,0.06250051409006119,0.01378273032605648,0.18808025121688843,0.9947827458381653,0.0,0.5163421630859375,0.01707003451883793,0.11645270172157325,5.426855842769146,34.858776330947876,141.7808444917202,275,35.88391159998719
1.7876936197280884,0.4428236186504364,1.039056420326233,1.1721949577331543,2.426292896270752,0.029041331261396408,0.12333937734365463,2.432722568511963,543.4619750976562,0.48734816908836365,0.6594650149345398,0.00411259476095438,0.07723980396986008,0.5528985857963562,0.2876407504081726,0.9953001737594604,0.059556905180215836,0.013263401575386524,0.18664364516735077,0.9944852590560913,0.0,0.5161046385765076,0.017639754340052605,-0.8971231351373717,4.151139544695615,36.94109573364258,97.80732175707817,276,36.130892700050026
1.7886344194412231,0.4486739933490753,1.0317133665084839,1.1892509460449219,2.4684269428253174,0.02907598204910755,0.12367215007543564,2.4397969245910645,543.4232177734375,0.4865255653858185,0.6589555740356445,0.003984530456364155,0.07749170809984207,0.5421475172042847,0.2870783805847168,0.9962033033370972,0.06114096939563751,0.013652185909450054,0.1871202439069748,0.9939329028129578,0.0,0.5157058835029602,0.01708218641579151,-0.16601807925035245,5.0493315503001215,34.75269529819489,143.39975348114967,277,35.663377100019716
1.7888705730438232,0.45150816440582275,1.0455999374389648,1.1745775938034058,2.4524102210998535,0.02904989756643772,0.12341928482055664,2.4344542026519775,543.236572265625,0.4873155951499939,0.6595081686973572,0.0040749735198915005,0.07833454757928848,0.5484815835952759,0.28941234946250916,0.9958820343017578,0.061915844678878784,0.013317377306520939,0.18666672706604004,0.9933663606643677,0.0,0.5161384344100952,0.017465967684984207,0.966007436811924,5.001786173880101,31.459364771842957,151.4601129412651,278,35.56575569999404
1.7943410873413086,0.4620201587677002,1.049958348274231,1.1961256265640259,2.513746500015259,0.029116231948137283,0.12352372705936432,2.4443750381469727,543.5490112304688,0.4874115288257599,0.6595916748046875,0.004059095401316881,0.0781400129199028,0.5506672859191895,0.29586145281791687,0.9967091679573059,0.06483244150876999,0.013810480944812298,0.1875227391719818,0.9945628046989441,0.0,0.516203761100769,0.017408857122063637,0.31737019210122525,4.754632376134396,30.22228455543518,127.78870430588722,279,36.24218999990262
1.7868497371673584,0.44167789816856384,1.0197862386703491,1.1736996173858643,2.4444334506988525,0.028943227604031563,0.12390082329511642,2.4229750633239746,543.9934692382812,0.4873320460319519,0.6598217487335205,0.004045726731419563,0.0775938481092453,0.5402343273162842,0.28474968671798706,0.9963950514793396,0.05924912169575691,0.013297474943101406,0.18577226996421814,0.9948054552078247,0.0,0.5163838267326355,0.01734156906604767,-0.9652487177401781,6.237276835739612,43.08490846157074,193.46254566907882,280,35.41209439991508
1.7861510515213013,0.44377291202545166,1.0239572525024414,1.1740602254867554,2.431805372238159,0.029043449088931084,0.12286166101694107,2.4297704696655273,543.5130615234375,0.48685356974601746,0.659034013748169,0.004006430506706238,0.07801839709281921,0.5442670583724976,0.28501617908477783,0.9938092231750488,0.0598125196993351,0.013305647298693657,0.18630139529705048,0.9937933683395386,0.0,0.5157673954963684,0.017170824110507965,-1.9885326698422432,4.940846798568964,64.61976189613343,121.54900774955749,281,35.027061600005254
1.7948145866394043,0.4653880298137665,1.0602872371673584,1.1837037801742554,2.4863815307617188,0.029148682951927185,0.1229247972369194,2.444814682006836,543.15869140625,0.48785871267318726,0.6600448489189148,0.004014461301267147,0.07897800207138062,0.5429916381835938,0.30000007152557373,0.996435821056366,0.06578107178211212,0.013525127433240414,0.1876078099012375,0.9941200017929077,0.0,0.5165584087371826,0.017222126945853233,-0.7815739849349483,4.471513114124536,41.78359386920929,108.33884602189065,282,36.48468520003371
1.7974944114685059,0.46782517433166504,1.0557243824005127,1.1899347305297852,2.4806013107299805,0.029069773852825165,0.12341497093439102,2.4371817111968994,543.5925903320312,0.4880981743335724,0.6601369380950928,0.00429056491702795,0.07787322252988815,0.5550357103347778,0.30179595947265625,0.9963656067848206,0.06647184491157532,0.01366788987070322,0.1870850771665573,0.9952266812324524,0.0,0.5166305303573608,0.018412398174405098,-0.08919304888695478,5.975405643880367,34.33267476558685,151.4451671242714,283,36.74492700002156
1.7914022207260132,0.45765402913093567,1.050797939300537,1.1831876039505005,2.457451581954956,0.029042039066553116,0.12319323420524597,2.431826114654541,543.2926635742188,0.4869002401828766,0.6591439247131348,0.004177715163677931,0.07836473733186722,0.5495117902755737,0.2941780388355255,0.9955675005912781,0.06361288577318192,0.013513331301510334,0.18656156957149506,0.9939460158348083,0.0,0.5158533453941345,0.01791493222117424,1.413514831662178,5.285481927543879,43.81655869483948,140.64084575176238,284,35.98323909996543
1.792423963546753,0.4614717364311218,1.0475358963012695,1.1989208459854126,2.4986729621887207,0.0289828609675169,0.12362203001976013,2.42655086517334,543.4081420898438,0.48770806193351746,0.6598829030990601,0.003950541373342276,0.07798280566930771,0.5329790711402893,0.29411476850509644,0.9957776665687561,0.0646786168217659,0.013875104486942291,0.18613551557064056,0.9943588972091675,0.0,0.5164316892623901,0.016944199800491333,0.7582364402711391,7.177948337048292,31.827037119865416,194.0631530791521,285,36.086156100034714
1.7909016609191895,0.45430126786231995,1.0381286144256592,1.1783548593521118,2.444072723388672,0.02907167561352253,0.1231624186038971,2.43572735786438,543.3221435546875,0.4874914884567261,0.6597222089767456,0.004095348063856363,0.07836725562810898,0.5448882579803467,0.2947385311126709,0.9967396259307861,0.06268423795700073,0.013403166085481644,0.18685394525527954,0.9940909743309021,0.0,0.5163058638572693,0.01756333000957966,0.976699697971344,5.633843858540058,30.517850255966188,146.55840161442757,286,35.670334100024775
1.7922642230987549,0.4579310715198517,1.056269645690918,1.162987470626831,2.442383289337158,0.02911216765642166,0.12336619198322296,2.442736864089966,543.6467895507812,0.48718422651290894,0.6592845916748047,0.004183010198175907,0.0779828205704689,0.5522189736366272,0.29001206159591675,0.9950432181358337,0.06368992477655411,0.01305585540831089,0.18735221028327942,0.994270920753479,0.0,0.5159634351730347,0.01793181523680687,-0.8752995922870468,6.936249446868897,35.42483401298523,214.84368840754033,287,35.5078759000171
1.7928282022476196,0.4579540193080902,1.0433861017227173,1.1707614660263062,2.434323310852051,0.029065418988466263,0.12322013825178146,2.4352517127990723,544.0791625976562,0.48738884925842285,0.659368634223938,0.00409241346642375,0.07867999374866486,0.5494480133056641,0.2924801707267761,0.9937778115272522,0.06369630992412567,0.01323098223656416,0.18682007491588593,0.9955005049705505,0.0,0.5160291790962219,0.017551179975271225,-1.397886786237359,7.382108127325774,53.16609625816345,186.54231010675431,288,36.14682610007003
1.7896921634674072,0.44653138518333435,1.021840214729309,1.173728585243225,2.437113046646118,0.029149217531085014,0.12327452003955841,2.4472649097442627,543.1589965820312,0.4875640869140625,0.6597775220870972,0.004189507570117712,0.07865376025438309,0.5436010360717773,0.28967759013175964,0.9956902265548706,0.060558419674634933,0.013298130594193935,0.18777447938919067,0.9937455058097839,0.0,0.516349196434021,0.017966296523809433,-1.136557162553072,6.065708201378584,45.12286109924317,184.4258660376072,289,35.8560218999628
1.7871806621551514,0.4422746002674103,1.0223478078842163,1.1708407402038574,2.4563117027282715,0.029111070558428764,0.12303278595209122,2.4403176307678223,543.1884765625,0.4874831736087799,0.6596980094909668,0.004118169192224741,0.07800274342298508,0.542687177658081,0.2861214876174927,0.9952729940414429,0.059409305453300476,0.01323277410119772,0.18716607987880707,0.9934316873550415,0.0,0.5162869691848755,0.01765383593738079,0.8475059274584055,4.655769184976816,33.34984622001648,120.28126429915429,290,35.249062999966554
1.7902019023895264,0.45176029205322266,1.0439989566802979,1.1755516529083252,2.4414148330688477,0.0290615726262331,0.12391108274459839,2.439429759979248,543.3286743164062,0.48719027638435364,0.6595171689987183,0.0041342005133628845,0.07858116924762726,0.5496542453765869,0.2887134850025177,0.9941263794898987,0.06198500841856003,0.013339470140635967,0.1870974749326706,0.9939081072807312,0.0,0.5161454081535339,0.017726480960845947,-0.9823599607218056,6.225400891900063,43.90740213394165,142.40165049433708,291,36.285811799927615
1.7882953882217407,0.4517829418182373,1.0302553176879883,1.1659574508666992,2.4291765689849854,0.028920792043209076,0.12333464622497559,2.4160144329071045,543.6986694335938,0.4872879683971405,0.6595827341079712,0.004035680554807186,0.07839079201221466,0.5455225706100464,0.2905021607875824,0.9958475828170776,0.06199122220277786,0.013122620061039925,0.18526211380958557,0.9944213628768921,0.0,0.5161967277526855,0.017301207408308983,-1.681024320423603,6.0896375447511675,45.65297799110412,178.771080493927,292,35.5937566999346
1.7935755252838135,0.465651273727417,1.0518239736557007,1.2130919694900513,2.509305715560913,0.02912370301783085,0.123397596180439,2.444554090499878,542.123046875,0.48779162764549255,0.6599106192588806,0.0040682475082576275,0.07975775748491287,0.5392637252807617,0.2999599277973175,0.9962712526321411,0.06585551053285599,0.01420504692941904,0.18757478892803192,0.9920371770858765,0.0,0.5164533257484436,0.017449576407670975,0.9176810167729854,5.509559960663319,40.16025168895722,133.63927493393422,293,36.17240249994211
1.795875906944275,0.46172645688056946,1.0484739542007446,1.198825478553772,2.489053249359131,0.02913644164800644,0.12381135672330856,2.449147939682007,544.3164672851562,0.4879131019115448,0.6601086854934692,0.0038906147237867117,0.07899600267410278,0.5363368988037109,0.2960658371448517,0.9963419437408447,0.06475003808736801,0.013872897252440453,0.18792900443077087,0.9960283041000366,0.0,0.5166083574295044,0.016687288880348206,-0.702932035853155,6.948868420720101,34.46019842624664,203.41215361952783,294,35.941956499940716
1.7902275323867798,0.45269131660461426,1.0441442728042603,1.1694624423980713,2.452909231185913,0.02903902716934681,0.12258171290159225,2.4272620677948,543.9778442382812,0.486918181180954,0.6593409180641174,0.004025072790682316,0.07871901243925095,0.5436605215072632,0.28869888186454773,0.9920700192451477,0.062240760773420334,0.013201636262238026,0.18622775375843048,0.9952878355979919,0.0,0.5160074830055237,0.017261900007724762,1.47289680801332,6.019856229424477,39.165707635879514,139.33078174591066,295,35.932510799961165
1.7960134744644165,0.46579521894454956,1.0455820560455322,1.2108829021453857,2.541616916656494,0.02905411645770073,0.12351467460393906,2.4356889724731445,543.6172485351562,0.48782116174697876,0.6600503921508789,0.004109011497348547,0.07798720896244049,0.5450008511543274,0.2976985573768616,0.9959083199501038,0.06589623540639877,0.014153358526527882,0.18688030540943146,0.9948943853378296,0.0,0.5165627598762512,0.017626600340008736,-0.8605349149554968,4.272699787467718,37.264688634872435,84.1254897236824,296,36.30961550003849
1.7948983907699585,0.4667532444000244,1.0596553087234497,1.2042895555496216,2.521299123764038,0.02895433083176613,0.1236347034573555,2.42269229888916,543.6619873046875,0.48790794610977173,0.6600208878517151,0.0039938767440617085,0.07838675379753113,0.5405077934265137,0.30078476667404175,0.9959008097648621,0.06616757810115814,0.013999645598232746,0.18590126931667328,0.9951543807983398,0.0,0.5165397524833679,0.01713576540350914,-0.683646891079843,5.8106192268431185,36.29901070594788,118.34729806780815,297,36.70702609990258
1.7867505550384521,0.4463818669319153,1.033972144126892,1.1691124439239502,2.440192461013794,0.028930924832820892,0.12347665429115295,2.4183807373046875,543.5985107421875,0.48692646622657776,0.6591007113456726,0.004058681428432465,0.07833962142467499,0.5489824414253235,0.2876369059085846,0.9963581562042236,0.06051786616444588,0.013193737715482712,0.18546931445598602,0.994348406791687,0.0,0.5158195495605469,0.017401741817593575,-0.3021766163408756,4.587671494483947,36.37859160900116,99.96985676288605,298,35.773092000046745
1.7960692644119263,0.46315181255340576,1.0547293424606323,1.206113338470459,2.4827733039855957,0.02913603186607361,0.12411057949066162,2.4511375427246094,543.69677734375,0.4884273111820221,0.6604635119438171,0.003911228850483894,0.0793321281671524,0.5347988605499268,0.3018130362033844,0.996379554271698,0.0651504248380661,0.01404208317399025,0.18810276687145233,0.9951086640357971,0.0,0.5168860554695129,0.016779322177171707,0.5523698685690761,4.021088004857302,34.59046604633331,92.40907032489777,299,36.34058519999962
1.7960211038589478,0.46005433797836304,1.056179404258728,1.1834359169006348,2.4929418563842773,0.02913803420960903,0.12331080436706543,2.445955991744995,545.2852172851562,0.4879266321659088,0.6599569916725159,0.003939085174351931,0.07787298411130905,0.540062427520752,0.2930687665939331,0.9956981539726257,0.0642819032073021,0.013519005849957466,0.18758663535118103,0.9972580671310425,0.0,0.5164896845817566,0.016885994002223015,0.5807736740214751,4.7734133444726465,29.02174563407898,106.26352898180485,300,35.5611157999374
1.7959400415420532,0.4634464383125305,1.044367790222168,1.2096147537231445,2.5139665603637695,0.02913835644721985,0.12403002381324768,2.450909376144409,543.4520874023438,0.4882547855377197,0.6603825688362122,0.004072755109518766,0.07841604202985764,0.5406984090805054,0.3007130026817322,0.9962623119354248,0.06523334980010986,0.01412373036146164,0.1880245804786682,0.9942701458930969,0.0,0.5168226957321167,0.017465412616729736,-0.2919803828583099,5.072778929769993,33.826036190986635,113.27730273604394,301,36.22264630009886
1.7936478853225708,0.4587371051311493,1.0453531742095947,1.1844336986541748,2.485940456390381,0.029119303449988365,0.12332921475172043,2.443476676940918,543.9027099609375,0.48688027262687683,0.6592591404914856,0.00407377677038312,0.07893753796815872,0.544480562210083,0.29266515374183655,0.9905107617378235,0.06391434371471405,0.013541809283196926,0.1874876320362091,0.9952875375747681,0.0,0.5159435272216797,0.01747317984700203,2.690479122847319,12.238202341645955,59.72473289966583,270.5732999444008,302,36.126258299918845
1.789254069328308,0.44116440415382385,1.0130889415740967,1.1745661497116089,2.4195642471313477,0.028965400531888008,0.12308288365602493,2.4204659461975098,544.7293701171875,0.4873948097229004,0.6597299575805664,0.004219150636345148,0.0791313573718071,0.5557332634925842,0.2883320748806,0.9968204498291016,0.05911142751574516,0.013317114673554897,0.18568941950798035,0.996728777885437,0.0,0.5163119435310364,0.01809541881084442,0.10918333954177797,5.043834584951401,29.45117030143738,145.4765358865261,303,36.521128899999894
1.7885453701019287,0.4468912184238434,1.0170656442642212,1.1637647151947021,2.4336631298065186,0.02908049151301384,0.12351982295513153,2.4393835067749023,543.5762329101562,0.48757898807525635,0.6599964499473572,0.004062172025442123,0.07930833846330643,0.5425390601158142,0.2852964699268341,0.9942946434020996,0.06065606325864792,0.013073312118649483,0.18703466653823853,0.9938520789146423,0.0,0.5165205001831055,0.01740872859954834,-1.2825674776686355,5.536589307338,53.584167420864105,143.26238240599633,304,34.913086400018074
1.7900042533874512,0.4457777440547943,1.0314642190933228,1.1622127294540405,2.4119484424591064,0.02910788170993328,0.12331193685531616,2.441771984100342,544.2850952148438,0.48678573966026306,0.6591585874557495,0.004026826936751604,0.07866116613149643,0.5477200150489807,0.28947505354881287,0.9959756731987,0.060354165732860565,0.013038466684520245,0.18735913932323456,0.9961135387420654,0.0,0.5158648490905762,0.017273996025323868,-1.4100153245031835,3.967423244565725,46.228227090835574,90.48616051971912,305,36.31841700000223
1.7968882322311401,0.4672856628894806,1.0658477544784546,1.1934956312179565,2.485086679458618,0.02898130565881729,0.12399590760469437,2.4288899898529053,544.9723510742188,0.48736846446990967,0.6596491932868958,0.0039947726763784885,0.07782651484012604,0.5515320301055908,0.2993249297142029,0.9948614835739136,0.06631861627101898,0.01374981738626957,0.1863260269165039,0.997113049030304,0.0,0.5162488222122192,0.017132051289081573,-1.0813849764643237,5.469423083215952,47.178150701522824,139.48447766304017,306,35.92932250001468
1.8008190393447876,0.4713614583015442,1.0600039958953857,1.222315788269043,2.545396327972412,0.02919769659638405,0.12359380722045898,2.456190586090088,544.1984252929688,0.488259881734848,0.6600820422172546,0.004105576779693365,0.07855629920959473,0.5434202551841736,0.30277612805366516,0.9959802031517029,0.06748055666685104,0.014421885833144188,0.18851681053638458,0.9961961507797241,0.0,0.516587495803833,0.01761607825756073,-0.010991096426732839,5.576595377922058,34.202021384239195,132.33345179557801,307,36.52815779997036
1.7959554195404053,0.4642619788646698,1.0653201341629028,1.1865589618682861,2.467759609222412,0.0291513130068779,0.12351372838020325,2.449185609817505,544.346435546875,0.48824408650398254,0.660147488117218,0.003985962364822626,0.07818981260061264,0.5447095632553101,0.2934662699699402,0.9939893484115601,0.0654631182551384,0.013590452261269093,0.18779310584068298,0.9953857064247131,0.0,0.5166387557983398,0.01708427630364895,0.771594196697697,9.340603221207857,32.1147833943367,251.98416203856468,308,35.319998399936594
1.7951829433441162,0.4572165608406067,1.0485544204711914,1.199149250984192,2.503509759902954,0.029045388102531433,0.12348057329654694,2.434246301651001,545.111328125,0.4879736304283142,0.6603628993034363,0.0040101660415530205,0.07816579192876816,0.5419160723686218,0.2916271388530731,0.9946050047874451,0.0634913295507431,0.013880391605198383,0.1867177039384842,0.9970927238464355,0.0,0.5168073177337646,0.01719333603978157,0.7050551049411297,8.711459106951953,39.24357554912567,246.07881047725678,309,35.548242199933156
1.794958472251892,0.4641452431678772,1.0523229837417603,1.2035746574401855,2.504167318344116,0.02894124947488308,0.12386476993560791,2.4224555492401123,544.2178955078125,0.48789700865745544,0.6599588394165039,0.004091973416507244,0.07832256704568863,0.5422895550727844,0.2994217574596405,0.9962399005889893,0.06543020904064178,0.01398303173482418,0.18581822514533997,0.99568772315979,0.0,0.5164911150932312,0.01754811964929104,-0.3150563131319359,5.604983714967966,41.37140016555786,151.46513999700545,310,36.014700899948366
1.7947940826416016,0.45810794830322266,1.0386219024658203,1.1629842519760132,2.4151339530944824,0.02916366048157215,0.12328113615512848,2.4493203163146973,545.0769653320312,0.4874550700187683,0.6597164273262024,0.003933542873710394,0.07776951789855957,0.5387659668922424,0.2927965521812439,0.9940007925033569,0.06373914331197739,0.01305578462779522,0.1878814548254013,0.9969528317451477,0.0,0.5163013935089111,0.016863513737916946,-1.0676273448159919,5.404606514424086,48.4310122013092,142.07023543715476,311,35.52269309991971
1.8016667366027832,0.4721504747867584,1.0578770637512207,1.2098902463912964,2.4961445331573486,0.02910965494811535,0.12391091883182526,2.4461045265197754,544.6701049804688,0.4883940815925598,0.6605159640312195,0.004050990100950003,0.07823684066534042,0.5476211905479431,0.3055556118488312,0.9961073994636536,0.06770666688680649,0.014130163937807083,0.18782247602939606,0.9976875185966492,0.0,0.516927182674408,0.017392802983522415,0.40576795120723547,4.716917325556278,36.14557682275772,105.53000750243663,312,37.30925389996264
1.7942026853561401,0.46294742822647095,1.0675188302993774,1.1810299158096313,2.4712350368499756,0.02910599857568741,0.1229981929063797,2.439377784729004,543.7256469726562,0.48722484707832336,0.6593086123466492,0.004066204186528921,0.0784057229757309,0.5444393157958984,0.2981022000312805,0.996491014957428,0.06509293615818024,0.013464091345667839,0.18719054758548737,0.9950308799743652,0.0,0.5159822106361389,0.0174418818205595,0.525990290743357,4.2956472836434845,33.33847918510437,100.89163791239261,313,36.23856089997571
1.7987654209136963,0.47221750020980835,1.0643631219863892,1.1984074115753174,2.513960599899292,0.029063215479254723,0.12384189665317535,2.4391846656799316,543.8811645507812,0.48862430453300476,0.660605788230896,0.003967840690165758,0.07812655717134476,0.5465553402900696,0.30676403641700745,0.995574414730072,0.06772588938474655,0.013863222673535347,0.18722780048847198,0.9959207773208618,0.0,0.5169973969459534,0.017030302435159683,0.5103007146273739,5.233714830130339,35.60507946014404,121.37136459350586,314,36.88870909996331
1.79607093334198,0.46754521131515503,1.049843430519104,1.2089333534240723,2.5210933685302734,0.029003998264670372,0.1236647292971611,2.4297678470611572,544.324951171875,0.4872237741947174,0.6595216393470764,0.003946785815060139,0.07814021408557892,0.5473384261131287,0.3003648519515991,0.995661735534668,0.06639230996370316,0.014107821509242058,0.18641340732574463,0.9960793852806091,0.0,0.5161489248275757,0.016928819939494133,0.8083606374450027,6.069056718051433,37.26080366373062,178.33264376521112,315,36.08812570001464
1.799917221069336,0.46795135736465454,1.071481466293335,1.2065070867538452,2.4897234439849854,0.029057564213871956,0.12413789331912994,2.4404258728027344,545.0182495117188,0.48797687888145447,0.6603261828422546,0.004121304489672184,0.07914832979440689,0.551537036895752,0.30399852991104126,0.9958654046058655,0.06650770455598831,0.01405125018209219,0.18727290630340576,0.9976244568824768,0.0,0.5167785882949829,0.01768227480351925,0.8606333395466208,6.271441067010164,35.34613699913025,191.89634485840799,316,37.18060000007972
1.8000152111053467,0.47248825430870056,1.056926965713501,1.1917333602905273,2.472320795059204,0.029212376102805138,0.12325269728899002,2.45591402053833,544.382568359375,0.48772910237312317,0.6599776148796082,0.004010810051113367,0.07948026061058044,0.5373517274856567,0.3022196590900421,0.9956793785095215,0.06780356913805008,0.013709240593016148,0.18847693502902985,0.9963142275810242,0.0,0.5165058374404907,0.017205670475959778,-0.21912958547472955,7.143236550688743,33.66896569728851,184.94829359650612,317,36.53800960001536
1.8003551959991455,0.4713870584964752,1.0634276866912842,1.203099012374878,2.5161001682281494,0.029174845665693283,0.12402988225221634,2.455986738204956,544.4555053710938,0.4878629446029663,0.6598538756370544,0.004057780839502811,0.07900639623403549,0.5468657612800598,0.3040004074573517,0.9951112866401672,0.06748789548873901,0.013971979729831219,0.1885039210319519,0.9965729713439941,0.0,0.5164089798927307,0.01740935444831848,-0.4623014703858644,5.7169058352708815,35.33985399007797,118.92271232903003,318,37.17594280000776
1.803558349609375,0.4821251332759857,1.0725932121276855,1.217165470123291,2.537912607192993,0.029172150418162346,0.12348147481679916,2.4518661499023438,544.5155639648438,0.48892244696617126,0.6606024503707886,0.00392579659819603,0.07956871390342712,0.5364948511123657,0.3088013231754303,0.9944193363189697,0.07059761881828308,0.014300605282187462,0.1881873905658722,0.9966354966163635,0.0,0.516994833946228,0.016842294484376907,-0.6196014856919646,8.665092977881432,42.373809051513675,211.3434569299221,319,36.82515050005168
1.7944895029067993,0.46266329288482666,1.062553882598877,1.185915470123291,2.4631741046905518,0.028974410146474838,0.12340442836284637,2.423898696899414,544.550537109375,0.4875837564468384,0.6597188711166382,0.004108354914933443,0.07858370244503021,0.552685558795929,0.29569509625434875,0.9937899708747864,0.06501305848360062,0.013575715012848377,0.18589282035827637,0.9960900545120239,0.0,0.516303300857544,0.01761472038924694,0.42565824422053994,6.026025817543268,32.31640019416809,133.17224720418454,320,35.94109670002945
1.7921597957611084,0.4559863209724426,1.042157769203186,1.1680190563201904,2.415182113647461,0.029177337884902954,0.1233583390712738,2.4517500400543213,543.7999267578125,0.48749247193336487,0.6597024202346802,0.0038317067082971334,0.08049437403678894,0.5327004194259644,0.2937549352645874,0.9949471354484558,0.06315012276172638,0.013169068843126297,0.18810808658599854,0.9950087666511536,0.0,0.5162903666496277,0.01643340475857258,-1.7366895008832217,6.685716474801302,51.00046670436859,159.64556901752948,321,36.210889099980704
1.7921700477600098,0.45742809772491455,1.0476393699645996,1.1868915557861328,2.456864356994629,0.029020346701145172,0.12350834161043167,2.4309651851654053,543.5904541015625,0.4881002902984619,0.6603802442550659,0.0040071019902825356,0.079318568110466,0.5456280708312988,0.2976585030555725,0.9961585998535156,0.06355008482933044,0.013598073273897171,0.186488077044487,0.9945288300514221,0.0,0.5168208479881287,0.017183968797326088,-0.6135176359675825,4.531981065124273,35.49057900905609,109.56048709750175,322,36.19361309998203
1.7982293367385864,0.46315997838974,1.0463378429412842,1.197928547859192,2.4776947498321533,0.0289984792470932,0.12344582378864288,2.427510976791382,545.4083862304688,0.48842987418174744,0.6603775024414062,0.004125107079744339,0.07895542681217194,0.5527472496032715,0.3007664978504181,0.9968128204345703,0.06515272706747055,0.01385214552283287,0.1863044649362564,0.9984018206596375,0.0,0.5168187618255615,0.0176997110247612,-1.0696715891361237,3.9735203184187413,38.42528145313263,90.61700372695923,323,36.72477790003177
1.7927680015563965,0.45471903681755066,1.0500757694244385,1.18941068649292,2.4758999347686768,0.028923971578478813,0.12413614988327026,2.421926259994507,544.5151977539062,0.4878333508968353,0.6600095629692078,0.004055843222886324,0.07949312031269073,0.5435730218887329,0.2949460446834564,0.996473491191864,0.0627995952963829,0.01365585345774889,0.18583083152770996,0.9965522289276123,0.0,0.5165307521820068,0.0173987727612257,-0.580803359579295,4.908804661035537,28.190914130210878,117.77405686080456,324,36.23118630005047
1.7987123727798462,0.4684508740901947,1.040600061416626,1.2196204662322998,2.531381130218506,0.029069148004055023,0.123555026948452,2.438049554824829,544.90673828125,0.48799362778663635,0.6600965261459351,0.003906819969415665,0.07960555702447891,0.5336840152740479,0.3032210171222687,0.995922863483429,0.06664976477622986,0.014358353801071644,0.1870855689048767,0.9972606301307678,0.0,0.5165988802909851,0.01675935462117195,-1.1066229335963726,4.4852867476642135,45.40265522003174,123.40782712101937,325,36.366606700001284
1.7936409711837769,0.45301225781440735,1.041826605796814,1.197188138961792,2.488288640975952,0.029195314273238182,0.12370660901069641,2.4566283226013184,544.1673583984375,0.48774221539497375,0.6598537564277649,0.004042158368974924,0.08036105334758759,0.5389110445976257,0.2932818531990051,0.9939269423484802,0.062329042702913284,0.013835026882588863,0.18844278156757355,0.9952958226203918,0.0,0.5164088606834412,0.017329277470707893,0.6736722383386222,5.316582913696766,38.855897426605225,146.30881184339523,326,35.667629400035366
1.7979499101638794,0.46272602677345276,1.0501378774642944,1.2047126293182373,2.5207934379577637,0.029184596613049507,0.12345357984304428,2.453409433364868,544.1210327148438,0.4877570867538452,0.6598498225212097,0.004278650972992182,0.08005205541849136,0.5486337542533875,0.2992926239967346,0.9964218735694885,0.06503070145845413,0.014009485952556133,0.1883055567741394,0.9958435893058777,0.0,0.5164057612419128,0.018354808911681175,0.649453679099679,4.137856633216143,26.548392057418823,79.62597425282001,327,36.48545729997568
1.7946512699127197,0.4578639268875122,1.0503865480422974,1.1973211765289307,2.4816462993621826,0.029062123969197273,0.123328797519207,2.4355337619781494,544.4064331054688,0.4870303273200989,0.6591858863830566,0.004218164831399918,0.07966294884681702,0.5550626516342163,0.29541710019111633,0.9959163069725037,0.06367125362157822,0.013838104903697968,0.1869087666273117,0.996253490447998,0.0,0.5158861875534058,0.018093291670084,0.27154389224015174,7.170091157406569,33.061793422698976,201.8465536803007,328,36.216909499955364
1.7932124137878418,0.4613121449947357,1.0375676155090332,1.176133394241333,2.4311704635620117,0.02912076748907566,0.12374430149793625,2.4465103149414062,543.4132690429688,0.4877399802207947,0.6597926020622253,0.003891369327902794,0.08100021630525589,0.5373494029045105,0.29934605956077576,0.9954255223274231,0.06463389098644257,0.013352679088711739,0.18774136900901794,0.9944320321083069,0.0,0.5163609981536865,0.016691476106643677,-0.15310540650971233,4.781332084536553,43.94577426910401,111.45589580535889,329,36.577168600051664
1.7966454029083252,0.4702870845794678,1.0651960372924805,1.2167302370071411,2.540053129196167,0.02892451174557209,0.12385564297437668,2.420081377029419,544.2979125976562,0.48755943775177,0.6594680547714233,0.00407013762742281,0.07967513799667358,0.5356875658035278,0.30374860763549805,0.9966487884521484,0.0671732947230339,0.014290381222963333,0.1856810301542282,0.9959372878074646,0.0,0.5161070227622986,0.017456283792853355,-0.30193168434780093,5.459590315073728,30.530464601516723,142.09954406917095,330,36.17504300002474
1.7971343994140625,0.472876638174057,1.0638445615768433,1.1927204132080078,2.4844183921813965,0.02896113134920597,0.12343554198741913,2.422274589538574,544.3980102539062,0.48732033371925354,0.6597055196762085,0.00393178965896368,0.08013114333152771,0.5414313077926636,0.3018653392791748,0.9960081577301025,0.06791508942842484,0.013731959275901318,0.18588808178901672,0.9964380860328674,0.0,0.5162928700447083,0.016868306323885918,0.6606358185410499,4.367075015604496,29.413733744621275,84.5712729215622,331,36.608928599976934
1.788167119026184,0.44895440340042114,1.0361660718917847,1.1961663961410522,2.4924402236938477,0.029064204543828964,0.1234833300113678,2.4368746280670166,543.1212158203125,0.48730897903442383,0.6593907475471497,0.003962081857025623,0.08082662522792816,0.5471096634864807,0.29140326380729675,0.9964153170585632,0.06121741980314255,0.013811423443257809,0.1869218945503235,0.9931871294975281,0.0,0.5160465240478516,0.016982637345790863,-0.09468215357046575,6.526740901917219,30.89740002155304,168.34998014569283,332,35.30590730009135
1.7995879650115967,0.4715680778026581,1.0531184673309326,1.199153184890747,2.490471363067627,0.029092038050293922,0.12381228804588318,2.4429826736450195,544.6336059570312,0.48735636472702026,0.6594231724739075,0.004035888239741325,0.08102905005216599,0.5492427945137024,0.30420923233032227,0.9943168759346008,0.06753972172737122,0.013880482874810696,0.18756791949272156,0.9972070455551147,0.0,0.5160719156265259,0.01732078194618225,-1.2624271151144058,5.079300095885992,43.63224310874939,106.25714392364026,333,36.78869369998574
1.7985252141952515,0.47530028223991394,1.0836962461471558,1.2330824136734009,2.5774965286254883,0.029018431901931763,0.12440327554941177,2.436821460723877,543.7677612304688,0.4886978268623352,0.6603938937187195,0.003828163491562009,0.08077742904424667,0.5301535725593567,0.307444304227829,0.9962467551231384,0.06861303746700287,0.014677071943879128,0.18695977330207825,0.9950244426727295,0.0,0.5168315172195435,0.016419434919953346,0.26411234515253457,5.656566023826599,28.092111158370972,133.67407537698745,334,36.0525225000456
1.7882015705108643,0.44487112760543823,1.0296647548675537,1.180547833442688,2.456202745437622,0.028996141627430916,0.1232798621058464,2.4260575771331787,544.0763549804688,0.48725053668022156,0.6593497395515442,0.004083903972059488,0.08101999759674072,0.5504148006439209,0.2869771420955658,0.9963752031326294,0.06010892242193222,0.013453100807964802,0.18607011437416077,0.9950483441352844,0.0,0.5160143971443176,0.01750682108104229,-0.9791668999474495,3.918277686089277,38.449274921417235,97.52844323515892,335,35.653636800008826
1.789942741394043,0.44994184374809265,1.0374221801757812,1.1835200786590576,2.464564800262451,0.02902911603450775,0.12382704764604568,2.4343552589416504,543.8027954101562,0.4873920679092407,0.659581184387207,0.004091008100658655,0.08083531260490417,0.5471408367156982,0.2919030487537384,0.9959125518798828,0.06148699298501015,0.013520929962396622,0.18669787049293518,0.9945048093795776,0.0,0.5161955952644348,0.01753651164472103,-0.24521621901076288,5.764289308339357,28.858659780025484,163.03261361718177,336,35.3875745999394
1.798422932624817,0.4704955518245697,1.0568593740463257,1.1995913982391357,2.4939262866973877,0.029080893844366074,0.12346162647008896,2.4390430450439453,544.2328491210938,0.488068550825119,0.660214364528656,0.0039620231837034225,0.08112554252147675,0.5326582789421082,0.301177442073822,0.9959493279457092,0.06723285466432571,0.013890630565583706,0.1872052550315857,0.9964005947113037,0.0,0.5166910886764526,0.017002534121274948,0.6550939571112394,6.580188074707985,33.09625518321991,165.41794027090071,337,36.4814086999977
1.800912857055664,0.4744661748409271,1.0523607730865479,1.2270334959030151,2.543830633163452,0.029048891738057137,0.12388426065444946,2.4374876022338867,544.3929443359375,0.4888409674167633,0.6608884930610657,0.004118096083402634,0.07976994663476944,0.5408884286880493,0.3022390604019165,0.9955686926841736,0.06837243586778641,0.014533426612615585,0.18701760470867157,0.9961086511611938,0.0,0.5172185897827148,0.01766193099319935,0.9777767807245255,4.700013983249664,43.3334867477417,95.30444970279932,338,35.616816799971275
1.8021572828292847,0.47964146733283997,1.051903247833252,1.2231268882751465,2.539931297302246,0.029055112972855568,0.12407729029655457,2.4396708011627197,544.4320678710938,0.4885717034339905,0.6606211066246033,0.003890562802553177,0.07860057801008224,0.5341078639030457,0.30963757634162903,0.9963234066963196,0.06987212598323822,0.014441030099987984,0.1872667521238327,0.9968703389167786,0.0,0.5170093774795532,0.016697628423571587,-0.672484165802598,5.943545337021351,32.76408383846283,165.41047728657722,339,36.82458950008731
1.788944125175476,0.4493543803691864,1.0368410348892212,1.164097785949707,2.4090957641601562,0.028954407200217247,0.12325330078601837,2.420104503631592,544.2730102539062,0.4867292642593384,0.658847451210022,0.004157294053584337,0.07997066527605057,0.5532260537147522,0.2875552773475647,0.9957189559936523,0.06132654845714569,0.013080793432891369,0.1856216937303543,0.9954710006713867,0.0,0.5156213641166687,0.01782255619764328,-1.6314404979348183,8.295682085305453,57.002202892303465,240.62666016817093,340,35.56342749996111
1.8005354404449463,0.48044973611831665,1.0693438053131104,1.2310529947280884,2.5783751010894775,0.029017506167292595,0.12389253824949265,2.433194160461426,543.68896484375,0.48913419246673584,0.6609330177307129,0.003921350929886103,0.0809309184551239,0.5302889943122864,0.3094685673713684,0.9963194727897644,0.0701078251004219,0.014628799632191658,0.18671880662441254,0.995005190372467,0.0,0.5172535181045532,0.01682123728096485,0.980073518306017,5.611485722661018,37.26096789836883,162.96845590770243,341,36.315294399973936
1.7949209213256836,0.4545987546443939,1.0400382280349731,1.174604892730713,2.429194450378418,0.029097547754645348,0.12378758937120438,2.4435794353485107,545.11328125,0.4873577356338501,0.659613847732544,0.00418662978336215,0.07984531670808792,0.5430037379264832,0.29270127415657043,0.9955348968505859,0.06276637315750122,0.013317993842065334,0.1874215453863144,0.9972413778305054,0.0,0.5162210464477539,0.01795252412557602,1.2812918394804,4.808950512856245,34.14694254398346,103.98823410868644,342,35.77131260000169
1.7986984252929688,0.46945470571517944,1.0691982507705688,1.2055436372756958,2.504431962966919,0.029050689190626144,0.12385872006416321,2.4375619888305664,544.6683349609375,0.4888323247432709,0.6607438325881958,0.003901057643815875,0.07915914058685303,0.5370647311210632,0.3043270409107208,0.9961420893669128,0.0669357180595398,0.014028819277882576,0.18706445395946503,0.9968292117118835,0.0,0.5171054601669312,0.016734719276428223,-0.7396233955398201,4.762229474633932,46.89890718460083,103.58227463364601,343,36.04818899999373
1.7901134490966797,0.44816717505455017,1.0320839881896973,1.1884651184082031,2.4791805744171143,0.02895212359726429,0.12378954887390137,2.4234440326690674,544.773681640625,0.4878309965133667,0.6601173877716064,0.0038862598594278097,0.07895665615797043,0.5366970300674438,0.2888603210449219,0.9963943362236023,0.06100292131304741,0.013634150847792625,0.18585863709449768,0.9963425993919373,0.0,0.5166151523590088,0.016659880056977272,0.23208022973849438,4.996823187172413,33.541168737411496,127.26459577083588,344,35.300640500034206
1.7924858331680298,0.44672951102256775,1.0139615535736084,1.1853150129318237,2.4658377170562744,0.029108192771673203,0.12428634613752365,2.448472261428833,544.6724853515625,0.48776763677597046,0.6598277688026428,0.0040245321579277515,0.07931417226791382,0.5424043536186218,0.288004606962204,0.9964068531990051,0.060612164437770844,0.013561971485614777,0.18786835670471191,0.9967913031578064,0.0,0.516388475894928,0.017263611778616905,-1.2571223616600036,4.112607054412365,42.4019052028656,97.37769389599562,345,35.89689440000802
1.7957247495651245,0.4575560986995697,1.0303910970687866,1.1904479265213013,2.4571645259857178,0.02908787503838539,0.12388686090707779,2.4429149627685547,545.1337890625,0.48822110891342163,0.6602385640144348,0.0038786944933235645,0.07919890433549881,0.5350819230079651,0.29627156257629395,0.9959779381752014,0.06358567625284195,0.013679683208465576,0.18746480345726013,0.9976465106010437,0.0,0.5167099833488464,0.01663820818066597,0.5491442818194627,6.583594359457493,29.069199919700623,179.2337403655052,346,36.28631279990077
1.7940443754196167,0.4642397165298462,1.058323621749878,1.1873362064361572,2.458599805831909,0.028920292854309082,0.12317563593387604,2.4148643016815186,544.4915161132812,0.4873858094215393,0.6595382690429688,0.003947255667299032,0.07903455942869186,0.5439559817314148,0.3023921549320221,0.996319591999054,0.06545685231685638,0.013608262874186039,0.18530863523483276,0.9965746998786926,0.0,0.5161619186401367,0.016934072598814964,0.1461669554002583,6.43751062899828,31.903466153144837,191.29959697425366,347,36.24737230001483
1.7924896478652954,0.45082947611808777,1.0437465906143188,1.1823961734771729,2.4748876094818115,0.029068991541862488,0.1236487478017807,2.438667058944702,545.3643798828125,0.4877333343029022,0.6598315834999084,0.003834670642390847,0.07916750758886337,0.5320249199867249,0.2889494001865387,0.9968586564064026,0.06172984465956688,0.01349525898694992,0.187051460146904,0.9973835349082947,0.0,0.5163915157318115,0.01643807627260685,-0.15724360458552838,4.34024994969368,29.207152915000915,123.89810018241405,348,35.78734969999641
1.7939869165420532,0.4596010446548462,1.050292730331421,1.1971144676208496,2.4828097820281982,0.029006490483880043,0.12390056252479553,2.4317238330841064,544.164306640625,0.48826074600219727,0.6603828072547913,0.0038962080143392086,0.08048099279403687,0.5323393940925598,0.2986897826194763,0.9952182769775391,0.06415529549121857,0.013833325356245041,0.18659380078315735,0.9958682656288147,0.0,0.516822874546051,0.01671326532959938,-1.1022232660092413,4.862040152400732,45.361017847061156,113.25184457302093,349,36.451172299915925
1.7955087423324585,0.46562251448631287,1.060393214225769,1.1888712644577026,2.489346981048584,0.02905690297484398,0.1234653890132904,2.435739517211914,544.4918823242188,0.48795071244239807,0.6599277853965759,0.0038457855116575956,0.0806078165769577,0.5334502458572388,0.2986287772655487,0.9963477253913879,0.06584737449884415,0.013643471524119377,0.18687909841537476,0.9961796402931213,0.0,0.5164668560028076,0.01649220660328865,-0.7057570082135498,3.796620084345341,32.28788040876388,80.24228484928608,350,36.26893079990987
1.7882152795791626,0.4434661865234375,1.0210622549057007,1.166501760482788,2.410674810409546,0.029012875631451607,0.12324133515357971,2.428112745285034,544.0809936523438,0.4877559244632721,0.6596190929412842,0.004056675359606743,0.08039917051792145,0.5480542182922363,0.2885676324367523,0.9966285824775696,0.05972987413406372,0.013134876266121864,0.18627780675888062,0.9954505562782288,0.0,0.5162250995635986,0.017396975308656693,0.4806338842958212,4.371374963223934,26.97714247703552,108.58811022043228,351,36.01915049995296
1.792432427406311,0.4486156702041626,1.0387312173843384,1.1778178215026855,2.4578092098236084,0.029151884838938713,0.12336776405572891,2.448270797729492,544.7100830078125,0.48798051476478577,0.6600386500358582,0.003878552932292223,0.08103639632463455,0.5319244861602783,0.29172128438949585,0.9955307841300964,0.061125077307224274,0.013390953652560711,0.18790048360824585,0.9968255758285522,0.0,0.516553521156311,0.016636842861771584,-1.6353982161730527,7.737515226006508,50.98960325717926,232.22478868961335,352,36.306387200020254
1.7944254875183105,0.46291717886924744,1.0609489679336548,1.2037773132324219,2.4889471530914307,0.029029587283730507,0.12339472025632858,2.431471347808838,543.3135375976562,0.4884442687034607,0.6604902148246765,0.004036704543977976,0.08103535324335098,0.532935619354248,0.30178868770599365,0.9959431290626526,0.06508443504571915,0.013987739570438862,0.1866019070148468,0.9945247769355774,0.0,0.5169069766998291,0.017319662496447563,0.11164086060598492,5.183618032187224,28.954545497894287,124.5321842610836,353,36.67329519998748
1.7859694957733154,0.4362388253211975,1.012497901916504,1.1564304828643799,2.403615951538086,0.028994034975767136,0.12353037297725677,2.4274721145629883,544.6525268554688,0.4872293472290039,0.6596105098724365,0.00404012156650424,0.08024037629365921,0.5484183430671692,0.2825126349925995,0.9967276453971863,0.057798851281404495,0.012909051962196827,0.18610124289989471,0.9956309199333191,0.0,0.5162184238433838,0.017310941591858864,-0.5899759041145444,4.212097584456205,35.89191739559173,100.04822838902473,354,35.179793899995275
1.794960618019104,0.46281394362449646,1.0503897666931152,1.1745750904083252,2.4360687732696533,0.02901718206703663,0.12326153367757797,2.4288463592529297,544.8016967773438,0.4870470464229584,0.6593283414840698,0.003976065199822187,0.0801941454410553,0.5475972294807434,0.30132243037223816,0.9967818260192871,0.06505540758371353,0.013317316770553589,0.18637770414352417,0.997154712677002,0.0,0.5159977078437805,0.0170578770339489,-0.0276075774570927,4.282130955904722,39.0664598941803,99.2634907245636,355,36.43038079992402
1.7954822778701782,0.46250709891319275,1.0594149827957153,1.1886301040649414,2.457779884338379,0.0290583074092865,0.12366029620170593,2.4372634887695312,544.4774169921875,0.48765304684638977,0.6599392890930176,0.003823832841590047,0.08075876533985138,0.5370873808860779,0.30270087718963623,0.9960976243019104,0.06496917456388474,0.013637936674058437,0.18707938492298126,0.9969094395637512,0.0,0.5164758563041687,0.01641051098704338,0.3985704878345132,4.509317180514335,32.113212656974795,104.0733901888132,356,36.873292200034484
1.795994758605957,0.46095338463783264,1.0567898750305176,1.1819130182266235,2.4746339321136475,0.029050979763269424,0.12340053170919418,2.434476613998413,544.9046020507812,0.48773837089538574,0.659821629524231,0.004196105990558863,0.08020526170730591,0.5475567579269409,0.2966681122779846,0.9962450265884399,0.06453340500593185,0.013484232127666473,0.18677115440368652,0.996829628944397,0.0,0.516383707523346,0.017992615699768066,-0.9365699969232082,3.902513961493969,36.61910438537598,72.78118443489075,357,35.94706909998786
1.790346622467041,0.44730889797210693,1.0398344993591309,1.1637630462646484,2.4359755516052246,0.029071060940623283,0.12352294474840164,2.438096284866333,544.7071533203125,0.4872566759586334,0.6594308614730835,0.003971640486270189,0.07973295450210571,0.535469651222229,0.2894746959209442,0.9967520236968994,0.06076949089765549,0.013073273003101349,0.1870296597480774,0.9963679313659668,0.0,0.5160778760910034,0.017028408125042915,0.06654260998475366,3.7890198931097983,29.194446539878847,83.60940833091736,358,35.63005959999282
1.7977285385131836,0.46282970905303955,1.0460184812545776,1.1997050046920776,2.498147487640381,0.02903907001018524,0.12388003617525101,2.4360969066619873,545.1144409179688,0.48807206749916077,0.6603721976280212,0.003963707946240902,0.07909605652093887,0.5358744263648987,0.2999100387096405,0.9966946840286255,0.0650598406791687,0.01389326062053442,0.18698172271251678,0.9979701638221741,0.0,0.516814649105072,0.017009006813168526,0.26583865013672037,4.402415304630995,34.18970637321472,108.5731792986393,359,36.803867399925366
1.792158842086792,0.4534476399421692,1.0232738256454468,1.2033939361572266,2.469486713409424,0.028985587880015373,0.12421571463346481,2.43098783493042,544.4454956054688,0.48843592405319214,0.6605265140533447,0.003860275959596038,0.07981440424919128,0.5373916029930115,0.29445719718933105,0.9950739145278931,0.062448903918266296,0.013978834263980389,0.18646202981472015,0.9957845211029053,0.0,0.5169352889060974,0.016549190506339073,-0.7803293606266379,5.246513944864273,37.70896625518799,144.880617249012,360,35.5074908999959
1.792181372642517,0.4537021219730377,1.031204104423523,1.2042192220687866,2.495192050933838,0.028973711654543877,0.123482845723629,2.4243361949920654,544.1530151367188,0.48821067810058594,0.6602232456207275,0.0039952658116817474,0.07983962446451187,0.5322718024253845,0.2968272566795349,0.9953062534332275,0.06251902133226395,0.013998011127114296,0.1860092729330063,0.9958193302154541,0.0,0.5166980028152466,0.01713770441710949,-0.024638266197871416,5.350118251144886,31.7690021276474,145.83086159825325,361,36.181557299918495
1.797270655632019,0.47075897455215454,1.074126124382019,1.1934877634048462,2.482327461242676,0.028983959928154945,0.12353648245334625,2.426119565963745,544.33056640625,0.48843708634376526,0.6602755784988403,0.00409195851534605,0.07902911305427551,0.5404847860336304,0.30314698815345764,0.9966750741004944,0.06730816513299942,0.01374963577836752,0.18610869348049164,0.9958183169364929,0.0,0.5167389512062073,0.017546724528074265,0.09501376885455101,5.055113326013088,29.717856681346895,137.0585518434644,362,35.77325530000962
1.7961483001708984,0.46287408471107483,1.0499950647354126,1.1858491897583008,2.464188575744629,0.029074368998408318,0.12392419576644897,2.4412949085235596,544.7833862304688,0.48758459091186523,0.6597965955734253,0.0040464396588504314,0.07995516061782837,0.5383623242378235,0.2981314957141876,0.9952229857444763,0.06507231295108795,0.013574198819696903,0.18723294138908386,0.9965546727180481,0.0,0.5163640975952148,0.017349934205412865,0.42597503592260183,4.48936613202095,29.433082807064057,72.64765874147415,363,35.99256629997399
1.7959140539169312,0.45501911640167236,1.042298436164856,1.180342197418213,2.4501194953918457,0.02912117727100849,0.12389430403709412,2.44759202003479,545.3095092773438,0.4878297448158264,0.659975528717041,0.0041027856059372425,0.07892877608537674,0.5512799024581909,0.29246750473976135,0.99604332447052,0.06288249790668488,0.013448415324091911,0.18776589632034302,0.9977179169654846,0.0,0.516504168510437,0.017595065757632256,-0.3336825826205313,4.310882996022701,35.18214291334152,79.6762340426445,364,36.081302800099365
1.7988593578338623,0.46874284744262695,1.0452980995178223,1.1982091665267944,2.4648523330688477,0.028966104611754417,0.12400200963020325,2.4268293380737305,545.5277709960938,0.48883870244026184,0.6607310175895691,0.004004282411187887,0.07924555987119675,0.5366809964179993,0.30305296182632446,0.9965759515762329,0.06673286855220795,0.01385863684117794,0.1861354410648346,0.9978687167167664,0.0,0.5170953869819641,0.017168352380394936,-0.4146540397181525,5.284580951929092,30.480583894252778,168.0441029191017,365,35.81268640002236
1.793218970298767,0.4659782946109772,1.0572768449783325,1.1934868097305298,2.459568500518799,0.028807105496525764,0.12379788607358932,2.4035091400146484,544.4038696289062,0.4877353012561798,0.6598725914955139,0.0038112695328891277,0.07966849952936172,0.5356631875038147,0.3006260395050049,0.9964800477027893,0.06594804674386978,0.013749612495303154,0.18441346287727356,0.9963348507881165,0.0,0.5164235830307007,0.016349375247955322,-0.3644398401957005,6.206120416522026,30.991704368591307,174.3448972851038,366,36.27912860002834
1.7887678146362305,0.44182339310646057,1.0325177907943726,1.160654067993164,2.4182558059692383,0.029039643704891205,0.12316415458917618,2.4312968254089355,545.255126953125,0.4864099621772766,0.658732533454895,0.003963977564126253,0.0795489102602005,0.5562258362770081,0.28571850061416626,0.9967266321182251,0.059288155287504196,0.01300351694226265,0.18648986518383026,0.9974578022956848,0.0,0.5155313611030579,0.016997043043375015,0.491793280094862,5.396963676065207,28.451500523090363,163.69988902509212,367,35.59006059996318
1.7994104623794556,0.4632023572921753,1.057970404624939,1.1904441118240356,2.4697694778442383,0.02903054840862751,0.12353062629699707,2.432530641555786,546.303466796875,0.4879390597343445,0.6599869728088379,0.004035016521811485,0.07965849339962006,0.5441500544548035,0.2998489439487457,0.9939002394676208,0.06516464799642563,0.013679596595466137,0.18666861951351166,1.0000708103179932,0.0,0.5165131092071533,0.01731368713080883,2.241224717348814,10.845425716787577,52.159376215934756,272.604421544075,368,36.799477999913506
1.799664855003357,0.46725785732269287,1.0651203393936157,1.2221487760543823,2.5395915508270264,0.02909822016954422,0.12367460131645203,2.442901372909546,544.9556274414062,0.4879208207130432,0.6597726941108704,0.004020756110548973,0.0797826424241066,0.5477064847946167,0.30398982763290405,0.9968146085739136,0.06631072610616684,0.014417948201298714,0.18753668665885925,0.9977980852127075,0.0,0.5163454413414001,0.017255863174796104,-1.062066414952278,6.448542912304402,42.94305217266083,190.65291393250226,369,36.90069390006829
1.7939212322235107,0.44838249683380127,1.0307645797729492,1.186728835105896,2.470085382461548,0.029109444469213486,0.12368395924568176,2.4445245265960693,545.8768310546875,0.48752304911613464,0.6597685813903809,0.004023970570415258,0.07851515710353851,0.541960597038269,0.2892312705516815,0.9957970380783081,0.061061546206474304,0.013594341464340687,0.1874336451292038,0.9982411861419678,0.0,0.5163421630859375,0.01724817045032978,-1.1782038625795395,6.069215524941683,36.625177121162416,184.55501804053785,370,35.29427110007964
1.7967277765274048,0.45803362131118774,1.0485855340957642,1.1986355781555176,2.4945802688598633,0.029124923050403595,0.12392036616802216,2.4482908248901367,545.6234130859375,0.4885671138763428,0.6608125567436218,0.0037712277844548225,0.07963521033525467,0.5321205258369446,0.2909294664859772,0.9961729049682617,0.06371846050024033,0.013868501409888268,0.1877860575914383,0.9980266690254211,0.0,0.5171591639518738,0.016168856993317604,-0.4572234089486301,7.819162116199732,30.469978761672973,180.43763435035945,371,35.24981709988788
1.7998992204666138,0.46846431493759155,1.045076847076416,1.1902756690979004,2.458104372024536,0.029064839705824852,0.12327855825424194,2.4355688095092773,545.4197387695312,0.48796623945236206,0.6600455045700073,0.004045032896101475,0.07817397266626358,0.5398874282836914,0.3040120303630829,0.9964457750320435,0.06665358692407608,0.01367572508752346,0.1869736760854721,0.9986767172813416,0.0,0.5165588855743408,0.01736055500805378,-0.6446198614314198,4.501848603785038,35.03288705348969,113.85206495523452,372,36.77031209995039
1.7886176109313965,0.4515152871608734,1.0290369987487793,1.184051752090454,2.459987163543701,0.02890739031136036,0.12336788326501846,2.414391040802002,544.4710083007812,0.4874225854873657,0.6594747304916382,0.0038648992776870728,0.07902123779058456,0.5373665690422058,0.2909157872200012,0.9921531677246094,0.06191779300570488,0.013533077202737331,0.18509061634540558,0.9954019784927368,0.0,0.516112208366394,0.01656186953186989,-2.3441080793738367,7.126012234389782,57.6479109287262,193.54795821905137,373,34.79222970001865
1.7897592782974243,0.4464607834815979,1.0352017879486084,1.1761749982833862,2.4444329738616943,0.028979100286960602,0.12329775840044022,2.423821210861206,545.0567626953125,0.4869239628314972,0.6592130661010742,0.003906144527718425,0.08030086010694504,0.5374326109886169,0.2887469232082367,0.9969788193702698,0.06053927168250084,0.013353623449802399,0.18594668805599213,0.997260332107544,0.0,0.5159074664115906,0.016751838847994804,-0.2841948294080794,3.7284060403704644,25.622064781188964,72.71380614638329,374,35.763723199954256
1.8006863594055176,0.4673064053058624,1.0572409629821777,1.2137538194656372,2.5255935192108154,0.029189907014369965,0.12404186278581619,2.4581665992736816,545.7030639648438,0.4884222745895386,0.6603761315345764,0.003977199550718069,0.07972875237464905,0.5413956642150879,0.2987348735332489,0.9960132837295532,0.06632450222969055,0.014220553450286388,0.18848346173763275,0.9977945685386658,0.0,0.5168177485466003,0.017045490443706512,-0.617887765308842,4.344395683705807,30.85638999938965,87.81556695997715,375,35.15360030008014
1.7916675806045532,0.45267945528030396,1.0388641357421875,1.1742066144943237,2.4516024589538574,0.029005136340856552,0.12360021471977234,2.429485559463501,545.1174926757812,0.48714303970336914,0.659551203250885,0.003958990331739187,0.07985642552375793,0.5388725399971008,0.28932952880859375,0.995906412601471,0.062237486243247986,0.013308963738381863,0.18627561628818512,0.9967064261436462,0.0,0.5161720514297485,0.016967155039310455,-0.4294388224603608,4.53907206133008,30.23502825498581,101.77346050143242,376,34.8595186000457
1.7966216802597046,0.4605594575405121,1.046140193939209,1.1898447275161743,2.4825408458709717,0.02905362844467163,0.12339750677347183,2.4348230361938477,545.4093627929688,0.4878412187099457,0.6597180366516113,0.00397787569090724,0.08000143617391586,0.5355830192565918,0.29947060346603394,0.9949015378952026,0.06442315131425858,0.013665822334587574,0.18687443435192108,0.9982896447181702,0.0,0.5163026452064514,0.01706603355705738,0.9808597213588655,5.410311926156282,38.15085949897766,123.3904305100441,377,36.696581199998036
1.794718623161316,0.45800232887268066,1.0536303520202637,1.1826714277267456,2.471630096435547,0.029047898948192596,0.12381455302238464,2.436873197555542,544.978515625,0.4876687824726105,0.6598067283630371,0.003970089368522167,0.0797242522239685,0.5423319935798645,0.2973051071166992,0.9965109825134277,0.06370974332094193,0.013501542620360851,0.186965212225914,0.9971435070037842,0.0,0.5163720846176147,0.017026524990797043,-0.5806932967389002,4.1547528125345705,33.79228889942169,90.06425519585609,378,35.836956300074235
1.7997792959213257,0.46298420429229736,1.0491223335266113,1.2030243873596191,2.4732539653778076,0.02916771173477173,0.12344778329133987,2.4510185718536377,545.56689453125,0.4884597659111023,0.6607238054275513,0.003940632101148367,0.07986067980527878,0.5442626476287842,0.29736730456352234,0.9967522621154785,0.06510328501462936,0.013970249332487583,0.1880984902381897,0.9986107349395752,0.0,0.5170897245407104,0.016906805336475372,0.6371803965419531,6.831907756626606,29.530172324180604,217.61646757125854,379,36.40588089998346
1.7986925840377808,0.46523523330688477,1.069454550743103,1.194251298904419,2.4629526138305664,0.029119227081537247,0.12368134409189224,2.445866107940674,545.3140869140625,0.48827436566352844,0.6602630019187927,0.003974934108555317,0.07988664507865906,0.5432596802711487,0.30032503604888916,0.997054934501648,0.06573788076639175,0.013767234981060028,0.18764668703079224,0.9977643489837646,0.0,0.5167290568351746,0.017047416418790817,0.7654635049402714,3.862560237199068,28.643311643600462,77.40540972948074,380,35.886140599963255
1.7942174673080444,0.45992037653923035,1.0457489490509033,1.2044029235839844,2.5238230228424072,0.029071668162941933,0.12343007326126099,2.4375479221343994,544.7767333984375,0.48789480328559875,0.6600250601768494,0.0037867524661123753,0.07887320220470428,0.5300804972648621,0.2969469130039215,0.9962896704673767,0.06424447894096375,0.014002281241118908,0.18694767355918884,0.9962485432624817,0.0,0.5165429711341858,0.016231680288910866,-0.3037481305829715,4.250537472963333,30.684541845321654,88.08365370035172,381,35.1914557000855
1.7916686534881592,0.45334503054618835,1.0410358905792236,1.1693024635314941,2.423574447631836,0.02891848050057888,0.1236707866191864,2.4179861545562744,545.6947021484375,0.4877583682537079,0.6599031686782837,0.0037761807907372713,0.07729503512382507,0.5407574772834778,0.2950003743171692,0.9961418509483337,0.06242065131664276,0.013198026455938816,0.1854115128517151,0.9980033040046692,0.0,0.5164475440979004,0.016187598928809166,-1.2803541265428067,4.426597007364035,42.97650532722473,102.54172968864441,382,35.42952460004017
1.793472170829773,0.45054173469543457,1.0311648845672607,1.172764539718628,2.4097208976745605,0.029034068807959557,0.12332175672054291,2.431596040725708,545.8334350585938,0.4872285723686218,0.6593745350837708,0.0038830393459647894,0.07842967659235,0.5442639589309692,0.2930660545825958,0.9962493777275085,0.061651065945625305,0.013276294805109501,0.18662211298942566,0.9992271661758423,0.0,0.5160337686538696,0.016661852598190308,0.03684278568252921,7.041525004804134,27.940206789970397,187.0446908056736,383,36.615240299957804
1.7891291379928589,0.44414156675338745,1.0107961893081665,1.1683416366577148,2.4203133583068848,0.029000215232372284,0.12359493225812912,2.4287679195404053,545.05322265625,0.4871063828468323,0.6593767404556274,0.0038652808871120214,0.0790226086974144,0.5375109910964966,0.28758955001831055,0.9965378642082214,0.05991193652153015,0.013176347129046917,0.18630239367485046,0.9971283078193665,0.0,0.5160355567932129,0.01657450757920742,-0.7426346608204767,5.138181637972593,33.30002782344818,128.70569960176945,384,35.3858937000623
1.789984107017517,0.44980716705322266,1.0350837707519531,1.1777487993240356,2.4387619495391846,0.028944190591573715,0.12358475476503372,2.420950174331665,544.9182739257812,0.48786798119544983,0.6598010063171387,0.003830614034086466,0.07858153432607651,0.5360072255134583,0.28982722759246826,0.9960943460464478,0.06145020201802254,0.01338938344269991,0.18567834794521332,0.9966761469841003,0.0,0.516367495059967,0.016422472894191742,-0.12569440132938325,4.3785500459373,27.18600034713745,101.05465434044599,385,35.44480659998953
1.7990180253982544,0.4680902063846588,1.067215085029602,1.1935391426086426,2.481283187866211,0.029035424813628197,0.12368983775377274,2.434292793273926,545.6097412109375,0.4881705343723297,0.659900963306427,0.00390726700425148,0.0792180746793747,0.5348273515701294,0.30310896039009094,0.996054470539093,0.06654717773199081,0.013750818558037281,0.1868363916873932,0.9986745715141296,0.0,0.5164458155632019,0.016763409599661827,0.15491352366952924,5.318449378758669,30.931604981422424,130.46430988013745,386,36.722282900009304
1.8035293817520142,0.48011285066604614,1.0638903379440308,1.219286561012268,2.533586025238037,0.02902515046298504,0.12348447740077972,2.4314680099487305,545.7300415039062,0.4875134527683258,0.659451961517334,0.00416833721101284,0.07843147963285446,0.5493589639663696,0.3056044578552246,0.9957099556922913,0.07000953704118729,0.014350494369864464,0.18655070662498474,0.9986451864242554,0.0,0.5160943865776062,0.01787901669740677,0.5873370303772389,5.982210317254067,33.147386813163756,155.81787604689598,387,35.92324639996514
1.796362280845642,0.46569642424583435,1.0650832653045654,1.2095931768417358,2.54280161857605,0.02898516319692135,0.12408951669931412,2.4300646781921387,544.4508666992188,0.48774468898773193,0.659853994846344,0.003931841813027859,0.08007720857858658,0.5341301560401917,0.30015939474105835,0.996515691280365,0.06586828082799911,0.014123225584626198,0.18649256229400635,0.9965994358062744,0.0,0.5164090394973755,0.016869623214006424,0.9128978468477726,4.537623327970505,34.00452587604523,107.77832070291042,388,36.71622489998117
1.7898582220077515,0.4475144147872925,1.0260475873947144,1.1759206056594849,2.4126715660095215,0.02889087237417698,0.12380264699459076,2.4150779247283936,545.60546875,0.48725625872612,0.6594691872596741,0.0038158767856657505,0.07884492725133896,0.5412919521331787,0.28987184166908264,0.9968966841697693,0.06082535162568092,0.013347846455872059,0.18523389101028442,0.9979830384254456,0.0,0.5161078572273254,0.01636010780930519,0.1873536007711664,3.332953103631735,27.314306211471557,63.08359123468399,389,35.45123489992693
1.793819546699524,0.46267837285995483,1.0419504642486572,1.2074856758117676,2.51261568069458,0.02893872559070587,0.12387099117040634,2.422149658203125,544.283935546875,0.4873211979866028,0.6595396995544434,0.004069834016263485,0.07967241108417511,0.5473981499671936,0.29522016644477844,0.9950771331787109,0.06501729786396027,0.01407405361533165,0.18574301898479462,0.9953765869140625,0.0,0.5161631107330322,0.017445605248212814,0.5748362192884088,6.052051462233067,31.97850753068924,129.0033572524786,390,35.14135270006955
1.7983978986740112,0.47390565276145935,1.0862616300582886,1.1923187971115112,2.478177785873413,0.02895236760377884,0.12396914511919022,2.424705743789673,544.8623046875,0.4880605638027191,0.6600425839424133,0.004011156503111124,0.08017697185277939,0.5476120114326477,0.3030889928340912,0.9968676567077637,0.06821098178625107,0.01372271403670311,0.18597550690174103,0.9967327117919922,0.0,0.5165566205978394,0.017199231311678886,0.23047191061195918,4.084614363312721,29.784906435012818,84.85174392908812,391,35.59181230003014
1.791701078414917,0.44820666313171387,1.0328707695007324,1.1664828062057495,2.4207777976989746,0.02895973064005375,0.12378086894750595,2.424436569213867,545.5963745117188,0.48793134093284607,0.6600781679153442,0.004080707207322121,0.08003027737140656,0.542606770992279,0.2887273132801056,0.9967852234840393,0.061013661324977875,0.01313445158302784,0.18590092658996582,0.9975787997245789,0.0,0.5165844559669495,0.017488742247223854,-0.10807748286738388,3.668327258527279,27.708308339118958,68.4651148378849,392,35.36777149990667
1.7900967597961426,0.44819188117980957,1.036026954650879,1.1769620180130005,2.450564384460449,0.028934570029377937,0.12356659770011902,2.419497489929199,545.3734741210938,0.48708680272102356,0.6593911051750183,0.003818691475316882,0.08041919767856598,0.5370494723320007,0.29129457473754883,0.9962525963783264,0.061009641736745834,0.013371502049267292,0.1856076866388321,0.9976868629455566,0.0,0.5160467624664307,0.01637428067624569,0.16875710771419108,4.562273218482733,27.552751886844636,95.4190492451191,393,35.54176339996047
1.7963708639144897,0.4645085334777832,1.050281047821045,1.207753300666809,2.4865951538085938,0.028920907527208328,0.12401159852743149,2.4206507205963135,545.206298828125,0.4886075556278229,0.6605520248413086,0.0038835774175822735,0.0800996869802475,0.5376611948013306,0.29964229464530945,0.9963850975036621,0.06553268432617188,0.014080291613936424,0.18568839132785797,0.9974602460861206,0.0,0.5169553160667419,0.01665383018553257,-0.054864582876325584,4.212316726148129,27.310844707489014,91.59062435030937,394,35.57619639998302
1.7902880907058716,0.4468626379966736,1.017769694328308,1.1808232069015503,2.460829496383667,0.029018491506576538,0.12374231964349747,2.432304620742798,545.1603393554688,0.4878833591938019,0.6597757935523987,0.003923261072486639,0.08086413145065308,0.5372735857963562,0.2908746600151062,0.9966311454772949,0.060648296028375626,0.01345937792211771,0.18647697567939758,0.996545672416687,0.0,0.5163478851318359,0.016809994354844093,-0.7517625074367971,5.610843307524919,36.64007403850555,160.69890978336335,395,34.7848450000165
1.7991766929626465,0.46704745292663574,1.045037031173706,1.2034283876419067,2.4732675552368164,0.029067611321806908,0.12361344695091248,2.438234329223633,545.2081298828125,0.4886305034160614,0.6608455777168274,0.003884414676576853,0.08052138984203339,0.5332517027854919,0.3044303357601166,0.9926019906997681,0.06625102460384369,0.013979632407426834,0.1871143877506256,0.9979806542396545,0.0,0.5171849727630615,0.016666052863001823,1.2660707131959499,6.382607129216194,45.685446524620055,180.11080415844918,396,36.4135329000419
1.7956042289733887,0.4532809853553772,1.0366004705429077,1.1898475885391235,2.486111640930176,0.029168657958507538,0.12371983379125595,2.45300555229187,545.42822265625,0.4882965087890625,0.6603290438652039,0.003972221165895462,0.08127585053443909,0.5361849665641785,0.29240673780441284,0.9962207674980164,0.06240300089120865,0.013665890321135521,0.1881134957075119,0.997611403465271,0.0,0.5167807340621948,0.01702960394322872,0.37949763517826796,4.729844798892737,28.568407320976256,110.8603226736188,397,35.59979140001815
1.7958351373672485,0.4662385582923889,1.045310616493225,1.171294093132019,2.4371275901794434,0.029004300013184547,0.12318882346153259,2.426567792892456,545.3973999023438,0.48722898960113525,0.6592994332313538,0.003976881504058838,0.08097066730260849,0.5403842926025391,0.2968192398548126,0.9967830777168274,0.06602172553539276,0.013243024237453938,0.18612654507160187,0.9974213242530823,0.0,0.5159750580787659,0.017047302797436714,0.2555810638004914,5.230490974336862,26.34076795578003,134.15832596123218,398,35.44943429995328
1.7948247194290161,0.4544408619403839,1.0309760570526123,1.1888142824172974,2.4800286293029785,0.029070260003209114,0.12358752638101578,2.4384255409240723,545.3048095703125,0.48828452825546265,0.6603786945343018,0.004032105207443237,0.08010076731443405,0.5483554601669312,0.29490959644317627,0.9966146349906921,0.06272277981042862,0.013642163015902042,0.18700015544891357,0.9973540902137756,0.0,0.5168196558952332,0.017285794019699097,-0.9881171297281981,4.724642850458622,40.09798126220703,132.4336392879486,399,35.4644201999763
1.798588514328003,0.4640198349952698,1.0577797889709473,1.2147785425186157,2.5225648880004883,0.02910635992884636,0.12388745695352554,2.445485830307007,545.5927124023438,0.4880712628364563,0.6599711775779724,0.0038770148530602455,0.08055610954761505,0.5297902226448059,0.29992279410362244,0.9966162443161011,0.06539485603570938,0.014244573190808296,0.1876053363084793,0.9982166886329651,0.0,0.5165007710456848,0.01662650890648365,-0.5896038564387709,3.7466163113713264,30.869167160987853,83.18024036288261,400,35.88472690002527
1.7961682081222534,0.46344491839408875,1.069316029548645,1.207322120666504,2.5025100708007812,0.028979724273085594,0.12372012436389923,2.426786422729492,544.87646484375,0.4884379804134369,0.6602119207382202,0.0038118683733046055,0.08144792914390564,0.5312467813491821,0.3015318512916565,0.9971433281898499,0.06523291021585464,0.014070241712033749,0.1862698495388031,0.9975483417510986,0.0,0.516689121723175,0.01635766215622425,-0.43980086464434864,3.7220800690352918,27.2313383102417,92.16504473686219,401,36.73228670004755
1.7990225553512573,0.4669156074523926,1.0661827325820923,1.1998090744018555,2.5166900157928467,0.0290997177362442,0.123653344810009,2.4429640769958496,545.629150390625,0.4878537952899933,0.6597824096679688,0.0038112159818410873,0.08124882727861404,0.5314376950263977,0.30057910084724426,0.9969645738601685,0.06621361523866653,0.0138956718146801,0.18749231100082397,0.9987165331840515,0.0,0.5163530111312866,0.016351427882909775,-0.011153784539601475,3.5523355334997175,26.27516244649887,72.86097786724568,402,36.2242041999707
1.7890983819961548,0.44715380668640137,1.028292179107666,1.1750421524047852,2.44691801071167,0.029098765924572945,0.1235898807644844,2.442399263381958,544.0125122070312,0.4876110851764679,0.6597627997398376,0.0039534056559205055,0.08145251125097275,0.5342379212379456,0.28992170095443726,0.9965202808380127,0.06072736531496048,0.01332791242748499,0.18726405501365662,0.9945014119148254,0.0,0.5163376927375793,0.016940077766776085,-0.10803275927901268,4.36345424503088,32.520433735847476,95.34583357125521,403,34.65475039999001
1.7916779518127441,0.4572959840297699,1.0444681644439697,1.180562973022461,2.4536232948303223,0.02891458384692669,0.1235349252820015,2.4165217876434326,544.5928955078125,0.48712611198425293,0.659421980381012,0.0038655379321426153,0.08159366250038147,0.5444017648696899,0.29482200741767883,0.9956599473953247,0.0635133907198906,0.013453446328639984,0.18542933464050293,0.9966295957565308,0.0,0.5160710215568542,0.016581321135163307,-0.1030275373486802,5.260482183098793,30.014896714687346,127.47865535020829,404,36.243885900010355
1.7969452142715454,0.461713045835495,1.045998454093933,1.1981327533721924,2.478769063949585,0.029168512672185898,0.12356706708669662,2.4519431591033936,544.72412109375,0.48826563358306885,0.6603303551673889,0.0037805817555636168,0.08081404864788055,0.5338917374610901,0.2983286678791046,0.9959126710891724,0.06474628299474716,0.013856868259608746,0.18818435072898865,0.9971544146537781,0.0,0.5167818665504456,0.016221530735492706,0.4902459799166536,4.813425440341234,25.429624032974242,115.16616336703301,405,36.594521500053816
1.7926785945892334,0.45631226897239685,1.0394949913024902,1.1671974658966064,2.419501781463623,0.02900604158639908,0.12341366708278656,2.4283387660980225,545.3152465820312,0.48720455169677734,0.659299373626709,0.0039099231362342834,0.08130131661891937,0.5396737456321716,0.29079726338386536,0.9967334270477295,0.0632404237985611,0.013150552287697792,0.18624728918075562,0.9973046183586121,0.0,0.5159749984741211,0.016760842874646187,0.325896257016575,4.3572438292205335,25.347792041301727,114.94133242070674,406,35.29791079997085
1.793102741241455,0.4584488272666931,1.037454605102539,1.1971876621246338,2.4631128311157227,0.029003020375967026,0.1241174191236496,2.432727098464966,544.2109375,0.4874120056629181,0.6596224308013916,0.0038900214713066816,0.08130938559770584,0.5337649583816528,0.29725828766822815,0.9967144131660461,0.06383402645587921,0.013835016638040543,0.1866418570280075,0.9958783984184265,0.0,0.5162277817726135,0.016685470938682556,-0.03310355629655533,4.5383234523236755,28.80739555358887,105.75507528334856,407,36.41675600002054
1.794986367225647,0.46544966101646423,1.0617479085922241,1.1883991956710815,2.471558094024658,0.028835119679570198,0.12354708462953568,2.4056520462036133,545.5806884765625,0.4871831238269806,0.6594371795654297,0.003927286248654127,0.08180802315473557,0.5396909117698669,0.29917484521865845,0.9967325329780579,0.06579849123954773,0.013632637448608875,0.18453864753246307,0.9980933666229248,0.0,0.5160828232765198,0.016840387135744095,0.8739939376711845,4.589227604120969,30.90548734664917,124.99891973137855,408,35.868261700030416
1.787105917930603,0.4419785737991333,1.0115822553634644,1.159386396408081,2.3973324298858643,0.029084475710988045,0.1238195151090622,2.4419822692871094,544.1659545898438,0.48672088980674744,0.6590958833694458,0.0039510950446128845,0.08321823179721832,0.5348308682441711,0.287050724029541,0.9961265325546265,0.0593298077583313,0.012975129298865795,0.18722186982631683,0.994832456111908,0.0,0.5158157348632812,0.01693103462457657,-0.4413733349647373,4.715705878287554,34.058809876441956,115.85489145815373,409,34.84157970000524
1.7936207056045532,0.45671823620796204,1.0350689888000488,1.184138298034668,2.4585719108581543,0.02907176874577999,0.12379095703363419,2.440023422241211,544.8836669921875,0.48759981989860535,0.6597884893417358,0.0037826504558324814,0.08279246836900711,0.5327628254890442,0.2951434552669525,0.9956688284873962,0.06335300207138062,0.013535058125853539,0.18719661235809326,0.9969557523727417,0.0,0.5163577795028687,0.016222422942519188,-0.43911415338516235,5.135632357001304,30.029835319519044,105.72241230607032,410,36.02671050000936
1.7944515943527222,0.4664992392063141,1.0463080406188965,1.2002910375595093,2.497316360473633,0.028919143602252007,0.12349456548690796,2.4168760776519775,543.9383544921875,0.48795267939567566,0.6601696610450745,0.0037944584619253874,0.08302748948335648,0.5334819555282593,0.30362674593925476,0.9961183667182922,0.06609557569026947,0.01390683650970459,0.1855396330356598,0.9959681630134583,0.0,0.5166560411453247,0.01628519594669342,0.3995598372915993,5.00810783803463,31.996039199829102,143.52216678261757,411,37.01292290003039
1.7942986488342285,0.4587540924549103,1.0554001331329346,1.199466586112976,2.5026450157165527,0.02908329851925373,0.12416741997003555,2.4441990852355957,544.4707641601562,0.4877157211303711,0.6598201394081116,0.003872914472594857,0.08250246196985245,0.5410011410713196,0.29466837644577026,0.9965354204177856,0.0639190748333931,0.0138877397403121,0.18749548494815826,0.9960073232650757,0.0,0.5163825750350952,0.016606315970420837,-0.038778898434247824,4.3600124478340145,34.87811207771301,91.94996442198753,412,35.81752349995077
1.7917171716690063,0.453301340341568,1.0409575700759888,1.176432728767395,2.44543194770813,0.029016446322202682,0.12361868470907211,2.4311771392822266,544.7648315429688,0.48806634545326233,0.6600250005722046,0.003804981941357255,0.0822015330195427,0.5396507978439331,0.291878879070282,0.9931924343109131,0.062408607453107834,0.013359475880861282,0.18649069964885712,0.996599555015564,0.0,0.5165428519248962,0.016315922141075134,-0.7928877990452747,5.1718119122087955,43.656549024581906,123.2794859290123,413,35.79630049993284
1.789101243019104,0.4444715082645416,1.022409200668335,1.1723123788833618,2.4526078701019287,0.029066726565361023,0.12365316599607468,2.438382625579834,543.9774780273438,0.48762431740760803,0.6595292091369629,0.00405645789578557,0.08330721408128738,0.5391977429389954,0.2896648645401001,0.9969138503074646,0.060000982135534286,0.013266059570014477,0.18705888092517853,0.9952250123023987,0.0,0.5161548256874084,0.017395412549376488,-0.20350736752152443,4.92390111759305,28.769468903541565,133.57096949219704,414,36.52177970006596
1.7930688858032227,0.4589710235595703,1.0619900226593018,1.1885932683944702,2.496105432510376,0.028966505080461502,0.12360089272260666,2.4241442680358887,545.0960693359375,0.4873318374156952,0.6595332026481628,0.0037785323802381754,0.08314870297908783,0.532170295715332,0.29348719120025635,0.9942569732666016,0.06397952884435654,0.013637092895805836,0.1859353631734848,0.9971573352813721,0.0,0.5161579847335815,0.016201721504330635,1.753747428767383,7.43286403119564,48.66903431415558,179.73463534414768,415,35.74325249996036
1.7929484844207764,0.4604087769985199,1.043891191482544,1.1852937936782837,2.477489471435547,0.02888728305697441,0.12405823916196823,2.4163308143615723,544.6006469726562,0.488028883934021,0.6600251793861389,0.0037472525145858526,0.08263098448514938,0.5313538908958435,0.297331839799881,0.9917643070220947,0.06438099592924118,0.013561485335230827,0.1854444146156311,0.9969398379325867,0.0,0.5165429711341858,0.016078712418675423,1.2027913992351387,7.838097417354584,42.872626829147336,203.41522333025932,416,37.01235030009411
1.7929528951644897,0.4546789526939392,1.0296359062194824,1.1933479309082031,2.4782228469848633,0.02892076037824154,0.12344834953546524,2.4167845249176025,545.17431640625,0.48789772391319275,0.659966766834259,0.003924081567674875,0.08289442956447601,0.538244366645813,0.2944231629371643,0.9952401518821716,0.06278852373361588,0.0137464115396142,0.1854352504014969,0.9976537823677063,0.0,0.5164972543716431,0.01683177426457405,1.1959970399737359,7.163983235508203,34.57663271427155,216.72512145042418,417,36.65002729999833
