"actor_grad","actor_loss","altered_track","batch","batch_seconds","cost","critic_grad","critic_loss","explained_variance","goal_combined","goal_diff_rmse","goal_velocity_diff_rmse","joint_clip","penetration","penetration_depth","penetration_loss","pos_p95","pos_rmse","ppo_clip_rate","saturation","smooth","torque_util","validation_altered_track","validation_cost","validation_explained_variance","validation_goal_combined","validation_goal_diff_rmse","validation_goal_velocity_diff_rmse","validation_joint_clip","validation_penetration","validation_penetration_depth","validation_pos_p95","validation_pos_rmse","validation_saturation","validation_smooth","validation_torque_util","validation_vel_p95","validation_vel_rmse","validation_weighted_goal","validation_weighted_penetration","validation_weighted_pos","validation_weighted_sat","validation_weighted_smooth","validation_weighted_torque","validation_weighted_vel","vel_p95","vel_rmse","weighted_goal","weighted_penetration","weighted_pos","weighted_sat","weighted_smooth","weighted_torque","weighted_vel"
"4377.93139038086","80.4146236419678","0.57117223739624","1","50.4090805053711","1.49613058567047","1889.00032806396","12669.7273193359","-2.288818359375E-05","1.68556666374207","0.0173311289399862","0.0921067520976067","0.00654761819168925","0.523981273174286","0.00600342219695449","0","1.49932527542114","0.798172950744629","0.343216394633055","0.15507897734642","0.364463180303574","0.313169121742249",,,,,,,,,,,,,,,,,,,,,,,,"2.5111448764801","1.19102692604065","0","0","0.995834410190582","0","0.0670105740427971","0","0.433285593986511"
"1387.53459320068","54.5360297203064","0.564989030361176","2","49.3926429748535","1.47308003902435","2983.47279052734","9974.35362548828","0.00388282537460327","1.66875791549683","0.0171853750944138","0.0925896018743515","0.00684252567589283","0.53110259771347","0.00606065429747105","0","1.47598266601563","0.792170286178589","0.178418215364218","0.154884904623032","0.332708269357681","0.312754690647125",,,,,,,,,,,,,,,,,,,,,,,,"2.51332068443298","1.1878787279129","0","0","0.980912327766418","0","0.0611696019768715","0","0.430998086929321"
"1066.92092895508","32.727108001709","0.570574641227722","3","50.3704032897949","1.48810887336731","2352.87239379883","8932.93405761719","0.00379884243011475","1.68312013149261","0.0172222089022398","0.0935703590512276","0.00703524146229029","0.538788676261902","0.00612477771937847","0","1.49922180175781","0.797480583190918","0.17681521284394","0.155247181653976","0.358251482248306","0.313151955604553",,,,,,,,,,,,,,,,,,,,,,,,"2.50322675704956","1.18392407894135","0","0","0.99410742521286","0","0.0658682063221931","0","0.42813315987587"
"1222.76642074585","15.6989581108093","0.575587868690491","4","50.3693695068359","1.51654887199402","3466.61747741699","8414.95106201172","0.00683766603469849","1.76832187175751","0.0177117306739092","0.0949763506650925","0.00718356110155582","0.542412757873535","0.00642778864130378","0","1.51600682735443","0.806150674819946","0.17337532939855","0.156268760561943","0.375357359647751","0.314275830984116",,,,,,,,,,,,,,,,,,,,,,,,"2.5111837387085","1.18882787227631","0","0","1.0158406496048","0","0.0690212398767471","0","0.431687116622925"
"1026.57433547974","17.5335498809814","0.580202877521515","5","48.0741157531738","1.53913164138794","7934.63916625977","7820.16146240234","0.0985329151153564","1.78554344177246","0.0178720280528069","0.0942455157637596","0.00677134562283754","0.530942022800446","0.00627715978771448","0","1.5233428478241","0.81059056520462","0.185503601888195","0.158199951052666","0.381622433662415","0.316390872001648",,,,,,,,,,,,,,,,,,,,,,,,"2.53366494178772","1.20280933380127","0","0","1.02706074714661","0","0.0701701641082764","0","0.441900670528412"
"1140.96944046021","22.0432179927826","0.571074903011322","6","47.438549041748","1.50660467147827","8566.88748779297","6844.97796630859","0.236488163471222","1.80447971820831","0.0179626941680908","0.0948063582181931","0.00633983220905066","0.520379364490509","0.00605252850800753","0","1.51261067390442","0.802150011062622","0.209625847009011","0.15643210709095","0.358267962932587","0.31433030962944",,,,,,,,,,,,,,,,,,,,,,,,"2.51865434646606","1.19332659244537","0","0","1.0057829618454","0","0.0658613368868828","0","0.434960454702377"
"872.586016082764","21.0237378358841","0.564502835273743","7","46.5631790161133","1.47369706630707","10825.7164550781","6229.70994262695","0.311103045940399","1.84673273563385","0.018208222463727","0.0953180193901062","0.00658848322927952","0.525304436683655","0.00633284542709589","0","1.48280835151672","0.793060898780823","0.230759222153574","0.155028313398361","0.369038432836533","0.313230276107788",,,,,,,,,,,,,,,,,,,,,,,,"2.48662519454956","1.17643344402313","0","0","0.983119130134583","0","0.0678452178835869","0","0.42273274064064"
"743.121803283691","12.9886798381805","0.562828361988068","8","46.0046272277832","1.47343993186951","7738.63759155273","4946.13208007813","0.363807678222656","1.84586298465729","0.0182401146739721","0.0947031527757645","0.00642625149339437","0.521117746829987","0.00621206033974886","0","1.48340880870819","0.789299368858337","0.224934139382094","0.15515673160553","0.351233810186386","0.312710762023926",,,,,,,,,,,,,,,,,,,,,,,,"2.51771092414856","1.19345784187317","0","0","0.973815321922302","0","0.0645684823393822","0","0.435056179761887"
"730.328479003906","22.3323710441589","0.565248847007751","9","46.6008911132813","1.47628176212311","11315.7596801758","4397.88840332031","0.458425521850586","1.8643091917038","0.0183723717927933","0.0944921150803566","0.00661648903042078","0.521836340427399","0.00604384997859597","0","1.4924703836441","0.790847063064575","0.242859262507409","0.155975192785263","0.35162165760994","0.313580960035324",,,,,,,,,,,,,,,,,,,,,,,,"2.51571893692017","1.19201004505157","0","0","0.977638125419617","0","0.0646424070000648","0","0.434001266956329"
"722.78311920166","18.9514678001404","0.565929055213928","10","48.334285736084","1.47132730484009","11098.1414428711","4392.8237487793","0.473333477973938","1.91869342327118","0.0186449475586414","0.0957520008087158","0.00663543259724975","0.528761386871338","0.00639177300035954","0","1.48443865776062","0.792212307453156","0.260719107044861","0.155526533722878","0.344431102275848","0.313340842723846","0.0830086469650269","0.157033324241638","-0.409567356109619","0.0141548700630665","0.00175991526339203","0.00470777833834291","0.00310813030228019","0.159893438220024","0.000437097129179165","0.315966844558716","0.154245167970657","0.0394503884017467","0.0103649171069264","0.167559608817101","1.27912187576294","0.621638894081116","0","0","0.0371891483664513","0","0.00181006384082139","0","0.118034109473228","2.51157402992249","1.18233919143677","0","0","0.981016397476196","0","0.0633232519030571","0","0.426987677812576"
"784.414655303955","9.00763698816299","0.570919394493103","11","46.9069709777832","1.48886501789093","11227.9809936523","4215.19376831055","0.476908385753632","2.00739121437073","0.0192228443920612","0.0953729450702667","0.00660736672580242","0.531361699104309","0.00659424904733896","0","1.49778568744659","0.798610329627991","0.241850952617824","0.157206699252129","0.338615834712982","0.315908819437027",,,,,,,,,,,,,,,,,,,,,,,,"2.5114221572876","1.1860636472702","0","0","0.996926009654999","0","0.0622570477426052","0","0.429681956768036"
"761.873414611816","10.28225055933","0.572977364063263","12","47.3245544433594","1.50905275344849","10312.0403564453","4702.35361328125","0.484609961509705","1.97333693504333","0.0189837105572224","0.0958463102579117","0.00691577978432178","0.545909285545349","0.00695435982197523","0","1.51170015335083","0.805616021156311","0.21491926079616","0.156651496887207","0.333419919013977","0.314805150032043",,,,,,,,,,,,,,,,,,,,,,,,"2.518798828125","1.19098114967346","0","0","1.01449346542358","0","0.0613069757819176","0","0.433252304792404"
"744.863809204102","5.69367084950209","0.576745212078094","13","47.4908905029297","1.50951647758484","11790.9474853516","3419.91802062988","0.558384239673615","2.07280540466309","0.0195196606218815","0.0971529111266136","0.00640983087942004","0.529655039310455","0.00677398778498173","0","1.51033401489258","0.803174495697021","0.240873503498733","0.158292710781097","0.324864625930786","0.316910117864609",,,,,,,,,,,,,,,,,,,,,,,,"2.53177094459534","1.2021712064743","0","0","1.00835359096527","0","0.0597308203577995","0","0.441431999206543"
"885.693490600586","8.87401070594788","0.568429529666901","14","46.64599609375","1.48880958557129","8331.12127685547","4013.13337402344","0.536983609199524","2.0940055847168","0.0196472872048616","0.0971656516194344","0.00624671997502446","0.541337072849274","0.00708360690623522","0","1.51171481609344","0.799631893634796","0.248540248908103","0.155775636434555","0.325608968734741","0.313504070043564",,,,,,,,,,,,,,,,,,,,,,,,"2.50509834289551","1.18576502799988","0","0","0.999478101730347","0","0.0598659217357635","0","0.429465621709824"
"747.604400634766","9.68701429367065","0.570171594619751","15","46.9824714660645","1.48693466186523","12658.5739990234","3610.70413513184","0.57398933172226","2.28380608558655","0.0207220651209354","0.0978765562176704","0.0065129091963172","0.537734150886536","0.00728701194748282","0","1.48512089252472","0.797967076301575","0.264906626287848","0.158070161938667","0.336706846952438","0.316510617733002",,,,,,,,,,,,,,,,,,,,,,,,"2.5159969329834","1.18609368801117","0","0","0.995320737361908","0","0.0619101859629154","0","0.429703682661057"
"515.462250137329","6.61181507706642","0.565113544464111","16","47.5561828613281","1.46061444282532","11164.9330078125","2572.54385375977","0.644708633422852","2.31034541130066","0.0207612402737141","0.0998919606208801","0.00629701325669885","0.536651313304901","0.00737906387075782","0","1.48440051078796","0.790468156337738","0.239534250413999","0.157464161515236","0.313337296247482","0.315545648336411",,,,,,,,,,,,,,,,,,,,,,,,"2.50175213813782","1.18140518665314","0","0","0.976701378822327","0","0.0575998052954674","0","0.426313281059265"
"662.691577148438","5.11960053443909","0.569389462471008","17","46.539192199707","1.48368072509766","13763.5162353516","2965.97600097656","0.628157138824463","2.36446118354797","0.0211417526006699","0.0985537394881248","0.00609710160642862","0.533338665962219","0.00741989258676767","0","1.48682391643524","0.797190427780151","0.228443433716893","0.156930446624756","0.328463584184647","0.314944416284561",,,,,,,,,,,,,,,,,,,,,,,,"2.51442527770996","1.1863694190979","0","0","0.993384182453156","0","0.0603929944336414","0","0.429903537034988"
"574.604244232178","9.16332021951675","0.569110989570618","18","47.0195732116699","1.48419606685638","14445.4797729492","3159.55472106934","0.629145085811615","2.41943979263306","0.0214261673390865","0.0989563912153244","0.00589143857359886","0.541243255138397","0.00765547156333923","0","1.49723839759827","0.797562897205353","0.250178855285048","0.157731786370277","0.319409012794495","0.316251963376999",,,,,,,,,,,,,,,,,,,,,,,,"2.50871515274048","1.18809747695923","0","0","0.994312703609467","0","0.0587264411151409","0","0.431156873703003"
"548.423773956299","-0.0826371284900233","0.56382143497467","19","46.9765663146973","1.44982898235321","11299.4215759277","2266.84519042969","0.674028038978577","2.41616201400757","0.0214288849383593","0.0985701084136963","0.00543157011270523","0.541644275188446","0.00796171743422747","0","1.46798431873322","0.787692487239838","0.219004748575389","0.15729646384716","0.305485159158707","0.315722733736038",,,,,,,,,,,,,,,,,,,,,,,,"2.48770761489868","1.17792987823486","0","0","0.969854295253754","0","0.0561658777296543","0","0.423808842897415"
"703.652123641968","4.37585852518678","0.576311349868774","20","49.3062705993652","1.50994181632996","13014.606628418","2487.1359375","0.692896246910095","2.52198052406311","0.021838741376996","0.101708203554153","0.00547811388969421","0.543329834938049","0.00833324994891882","0","1.52572655677795","0.806404173374176","0.243331524729729","0.159426882863045","0.306060016155243","0.318067282438278","0.0823516026139259","0.155776098370552","-0.527198553085327","0.037484422326088","0.00286735733971","0.00755121093243361","0.00167961360421032","0.25042650103569","0.00101999042090029","0.31144118309021","0.152618244290352","0.0433241575956345","0.0176462680101395","0.172313317656517","1.25910305976868","0.61701762676239","0","0","0.0364087671041489","0","0.00308162928558886","0","0.11628569662571","2.5188615322113","1.19635772705078","0","0","1.0164794921875","0","0.0562893971800804","0","0.43717285990715"
"573.081106567383","0.586422231793404","0.572666704654694","21","47.4332962036133","1.4892646074295","14442.7447875977","2451.39226989746","0.689182639122009","2.54093384742737","0.0220637246966362","0.0994236320257187","0.00507021881639957","0.539473176002502","0.00826573651283979","0","1.510666847229","0.801274538040161","0.238687687274069","0.157845050096512","0.305653244256973","0.316132366657257",,,,,,,,,,,,,,,,,,,,,,,,"2.50742435455322","1.18577241897583","0","0","1.00358855724335","0","0.0562051013112068","0","0.429470986127853"
"601.511577224731","4.92796506285667","0.564793467521667","22","46.3050765991211","1.46800374984741","13467.205480957","2422.53609313965","0.695682406425476","2.54880452156067","0.0220457427203655","0.10055910795927","0.00526211597025394","0.541653513908386","0.00816782470792532","0","1.48259174823761","0.792226910591125","0.233322792453691","0.157921612262726","0.307761073112488","0.315859586000443",,,,,,,,,,,,,,,,,,,,,,,,"2.51574420928955","1.18701553344727","0","0","0.981052458286285","0","0.0565793104469776","0","0.430371969938278"
"641.74627456665","5.55161194503307","0.56954562664032","23","47.2503318786621","1.48615765571594","13423.7950683594","3070.04087219238","0.661431193351746","2.53412771224976","0.0220155380666256","0.0996423214673996","0.00485034426674247","0.53346836566925","0.00806045904755592","0","1.49257624149323","0.800266206264496","0.251550758443773","0.158363655209541","0.304237335920334","0.31695944070816",,,,,,,,,,,,,,,,,,,,,,,,"2.50872468948364","1.18533480167389","0","0","1.00106453895569","0","0.055939007550478","0","0.42915403842926"
"486.466123962402","-0.514536814438179","0.565776407718658","24","46.4876174926758","1.4698441028595","14743.4552978516","2031.89190063477","0.733131289482117","2.66063785552979","0.0226211063563824","0.100907489657402","0.00475379498675466","0.541611671447754","0.00844759587198496","0","1.48977935314178","0.793467700481415","0.25766891464591","0.157697737216949","0.326628148555756","0.315626353025436",,,,,,,,,,,,,,,,,,,,,,,,"2.50347542762756","1.18049609661102","0","0","0.984128057956696","0","0.0600584857165813","0","0.425657480955124"
"580.798370361328","4.54538524150848","0.561161696910858","25","46.785327911377","1.46467769145966","15645.7909545898","2112.04635162353","0.741097807884216","2.59850311279297","0.0223347321152687","0.100116953253746","0.00463620573282242","0.542385339736938","0.00855604745447636","0","1.49608659744263","0.791842758655548","0.249047301709652","0.157794311642647","0.295880824327469","0.31516033411026",,,,,,,,,,,,,,,,,,,,,,,,"2.51499152183533","1.18674850463867","0","0","0.98010128736496","0","0.0543981678783894","0","0.430178284645081"
"600.108493041992","0.291554357856512","0.564508616924286","26","46.4139404296875","1.47421908378601","16729.732824707","1857.99086914062","0.757064521312714","2.63804173469543","0.022488247603178","0.101175516843796","0.00502166198566556","0.553651630878448","0.00879039987921715","0","1.49537634849548","0.792018353939056","0.233074645511806","0.157813563942909","0.318535417318344","0.315458804368973",,,,,,,,,,,,,,,,,,,,,,,,"2.51651048660278","1.19354391098022","0","0","0.980535984039307","0","0.0585642382502556","0","0.435118913650513"
"524.233458328247","7.06648539304733","0.569501161575317","27","46.9768676757813","1.48302817344666","20776.5075439453","2246.01694335938","0.738580882549286","2.63104724884033","0.0224301740527153","0.101575471460819","0.00480735115706921","0.549390971660614","0.00881366804242134","0","1.49566149711609","0.798470139503479","0.29178102184087","0.158513635396957","0.302326560020447","0.317095905542374",,,,,,,,,,,,,,,,,,,,,,,,"2.50992250442505","1.18769025802612","0","0","0.996575951576233","0","0.0555908530950546","0","0.430861324071884"
"410.484601593018","8.55160048007965","0.557417213916779","28","46.8367691040039","1.45326626300812","15886.7967529297","2187.39752349854","0.729248344898224","2.49832987785339","0.0217620860785246","0.100752435624599","0.00483312271535397","0.534530341625214","0.00824251212179661","0","1.47108352184296","0.783928751945496","0.269642823934555","0.158070117235184","0.314158350229263","0.316074579954147",,,,,,,,,,,,,,,,,,,,,,,,"2.52926588058472","1.19324922561646","0","0","0.960608124732971","0","0.0577541217207909","0","0.434904038906097"
"697.121230697632","1.83476813212037","0.568893849849701","29","46.3351821899414","1.4907261133194","13286.7051513672","2548.47043762207","0.717381238937378","2.62369132041931","0.0224464628845453","0.100529707968235","0.00494116172194481","0.542535126209259","0.00852671265602112","0","1.49414205551147","0.80175244808197","0.276061371294782","0.158886179327965","0.300239503383636","0.317280054092407",,,,,,,,,,,,,,,,,,,,,,,,"2.50902199745178","1.18752598762512","0","0","1.00478625297546","0","0.0551977381110191","0","0.430742114782333"
"634.907860565186","2.33336285976693","0.564268946647644","30","49.187614440918","1.46850919723511","12828.9992797852","2215.09207000732","0.739009976387024","2.4439709186554","0.0214451644569635","0.101091578602791","0.0052615306340158","0.545400500297546","0.00831089168787003","0","1.48779940605164","0.794644951820374","0.248887985758483","0.157710120081902","0.287708759307861","0.315638065338135","0.0819729566574097","0.156247660517693","0.27184009552002","0.0310650765895844","0.00255320547148585","0.00851055234670639","0.00161099701654166","0.253955274820328","0.000961297831963748","0.308200150728226","0.152473151683807","0.0433238595724106","0.0222174394875765","0.172182038426399","1.26174426078796","0.616334080696106","0","0","0.0363395772874355","0","0.00387988472357392","0","0.11602820456028","2.5149519443512","1.1845086812973","0","0","0.987050414085388","0","0.052902776747942","0","0.428556054830551"
"517.007500076294","-0.0907287226524204","0.563617169857025","31","46.226692199707","1.47524690628052","11069.9314941406","1907.92008056641","0.762770175933838","2.38755059242249","0.0211278591305017","0.10114573687315","0.00498730363324285","0.535862147808075","0.00783355813473463","0","1.48282194137573","0.794673144817352","0.264221950946376","0.158716470003128","0.279534250497818","0.317441672086716",,,,,,,,,,,,,,,,,,,,,,,,"2.53411912918091","1.19576728343964","0","0","0.987120449542999","0","0.0513849444687366","0","0.436741501092911"
"572.168762969971","1.2397085015662","0.552911400794983","32","46.0725898742676","1.42217242717743","17704.3657836914","1635.48987579346","0.779524743556976","2.30011510848999","0.0206533614546061","0.100760579109192","0.00492798956111073","0.531835436820984","0.00756759895011783","0","1.45384407043457","0.777562379837036","0.254893266037106","0.158410742878914","0.269294708967209","0.317496478557587",,,,,,,,,,,,,,,,,,,,,,,,"2.50962686538696","1.18319427967072","0","0","0.945069134235382","0","0.0494977496564388","0","0.427605450153351"
"440.469213867187","7.0267592549324","0.566799461841583","33","46.5193786621094","1.47103023529053","12596.110534668","1675.87870941162","0.796106219291687","2.43265461921692","0.0213418547064066","0.101822137832642","0.00500086974352598","0.545282125473022","0.00833713915199041","0","1.48239958286285","0.79607230424881","0.25907141440548","0.159076794981956","0.281797170639038","0.317545235157013",,,,,,,,,,,,,,,,,,,,,,,,"2.51600289344788","1.18459010124207","0","0","0.990599513053894","0","0.051815714687109","0","0.428614974021912"
"441.007608032227","5.86028090119362","0.564441323280334","34","46.788257598877","1.46140205860138","12998.4548950195","1106.59990386963","0.842137217521667","2.39587330818176","0.0211089681833982","0.102308660745621","0.00541037600487471","0.553003370761871","0.00825834460556507","0","1.4970920085907","0.791617572307587","0.261798753216863","0.159498333930969","0.279534310102463","0.317611277103424",,,,,,,,,,,,,,,,,,,,,,,,"2.5121545791626","1.18713533878326","0","0","0.97954398393631","0","0.0513992235064507","0","0.430458873510361"
"382.818245697021","5.71815494894981","0.56971275806427","35","46.4159088134766","1.48009562492371","12848.4963134766","1442.11017150879","0.814251303672791","2.44346380233765","0.0213470123708248","0.102799877524376","0.00529807573184371","0.547014832496643","0.00809318572282791","0","1.50971591472626","0.801124274730682","0.281055703014135","0.159070894122124","0.263474375009537","0.31776636838913",,,,,,,,,,,,,,,,,,,,,,,,"2.50516271591187","1.18434643745422","0","0","1.00321233272552","0","0.048444576561451","0","0.428438603878021"
"444.431958007813","3.23744221180677","0.555982887744904","36","47.2574729919434","1.44094741344452","13606.9675292969","1445.121043396","0.817544341087341","2.40688705444336","0.0211676228791475","0.102363795042038","0.00532407825812697","0.547717809677124","0.00811811815947294","0","1.48018860816956","0.785136818885803","0.292061942210421","0.158174738287926","0.270134210586548","0.31621241569519",,,,,,,,,,,,,,,,,,,,,,,,"2.50805735588074","1.18335020542145","0","0","0.963571131229401","0","0.0496580675244331","0","0.427718192338943"
"348.477398300171","0.476897233189084","0.569563210010529","37","48.0137786865234","1.4815319776535","13483.004296875","1344.15509643555","0.820688366889954","2.51382446289063","0.0216507632285357","0.104294501245022","0.00541557185351849","0.544737637042999","0.00817024521529675","0","1.50453794002533","0.798670530319214","0.251028655027039","0.160204261541367","0.277363389730453","0.319087296724319",,,,,,,,,,,,,,,,,,,,,,,,"2.5084183216095","1.19125831127167","0","0","0.997076392173767","0","0.0510015152394772","0","0.433454036712646"
"358.990478515625","0.766585382074118","0.551313757896423","38","46.740047454834","1.40394115447998","11629.4399658203","979.036700439453","0.850156784057617","2.44411158561707","0.0213539339601994","0.102740928530693","0.00553885055705905","0.547879874706268","0.00813546031713486","0","1.46086883544922","0.774622559547424","0.243283619266003","0.157162114977837","0.275933414697647","0.315107762813568",,,,,,,,,,,,,,,,,,,,,,,,"2.4728684425354","1.16601729393005","0","0","0.937936365604401","0","0.0507247187197208","0","0.415280133485794"
"509.632402801514","-1.23852270366624","0.557725667953491","39","47.5215263366699","1.4423576593399","16147.8536621094","1410.90329589844","0.813911020755768","2.56878995895386","0.0219849124550819","0.10366003960371","0.005367879755795","0.540525436401367","0.00820878613740206","0","1.48466277122498","0.786840915679932","0.253358985483646","0.157946437597275","0.275332748889923","0.316051006317139",,,,,,,,,,,,,,,,,,,,,,,,"2.5020923614502","1.17817449569702","0","0","0.967758476734161","0","0.0506142750382423","0","0.423984915018082"
"389.386961174011","-2.67323076054454","0.556635975837708","40","50.4210205078125","1.42621612548828","13888.4617553711","1093.25904464722","0.838141620159149","2.57235550880432","0.0219276547431946","0.105034455657005","0.00574019737541676","0.551605641841888","0.00833415053784847","0","1.45656096935272","0.779245615005493","0.242087758239359","0.158858701586723","0.288055449724197","0.317293345928192","0.0824017003178596","0.159924075007439","0.547677516937256","0.0423859506845474","0.00294960895553231","0.0107429903000593","0.00231008999980986","0.284288763999939","0.0011224573245272","0.310522228479385","0.152882412075996","0.0471541285514832","0.0327409021556377","0.177453190088272","1.26770067214966","0.620683372020721","0","0","0.0365349166095257","0","0.00571765284985304","0","0.117671504616737","2.49387884140015","1.17831575870514","0","0","0.949165284633636","0","0.0529643706977367","0","0.424086540937424"
"309.177538299561","5.73449112772942","0.565915286540985","41","48.9319152832031","1.46739971637726","12233.3568359375","1161.05682373047","0.847811758518219","2.58960223197937","0.0220234058797359","0.104986444115639","0.00569337187334895","0.544672846794128","0.00816043000668287","0","1.48856580257416","0.791293680667877","0.308801792468876","0.161095276474953","0.29499489068985","0.319932609796524",,,,,,,,,,,,,,,,,,,,,,,,"2.52578735351563","1.19257605075836","0","0","0.978742659091949","0","0.0542435832321644","0","0.434413492679596"
"352.730646514893","6.02273843288422","0.560406923294067","42","47.8828201293945","1.45150065422058","14129.8885620117","1360.05195922852","0.832753777503967","2.58474445343018","0.0220289323478937","0.104417577385902","0.00534633686766028","0.551813304424286","0.00844258721917868","0","1.48583388328552","0.790754854679108","0.271421865001321","0.158449590206146","0.27153354883194","0.316426873207092",,,,,,,,,,,,,,,,,,,,,,,,"2.50377225875854","1.17842221260071","0","0","0.977410018444061","0","0.0499274991452694","0","0.42416313290596"
"362.728256225586","7.88644374608994","0.558759272098541","43","48.5675773620605","1.44035530090332","12662.0646728516","1102.30666503906","0.84697037935257","2.65321493148804","0.0223704911768436","0.104855373501778","0.00554859172552824","0.546540975570679","0.00840744655579329","0","1.47817873954773","0.784432888031006","0.284018957335502","0.159232884645462","0.285533130168915","0.317437797784805",,,,,,,,,,,,,,,,,,,,,,,,"2.50153136253357","1.1809823513031","0","0","0.961844086647034","0","0.0525030270218849","0","0.42600816488266"
"336.583061218262","3.15067346692085","0.556896567344666","44","47.0616760253906","1.42765033245087","17665.6776000977","1087.239112854","0.855874300003052","2.63587641716003","0.0221514236181974","0.107127234339714","0.00556143373250961","0.543181777000427","0.00812071934342384","0","1.47289001941681","0.780966997146606","0.265008716168813","0.159309938549995","0.271462976932526","0.317695915699005",,,,,,,,,,,,,,,,,,,,,,,,"2.49942064285278","1.17871260643005","0","0","0.953363418579102","0","0.0499146431684494","0","0.424372225999832"
"319.813702964783","-0.260602401234428","0.552830934524536","45","47.4124717712402","1.41180694103241","11509.1786132813","889.598526763916","0.862773358821869","2.73883175849915","0.0227224733680487","0.106644526124001","0.00546122901141644","0.545982837677002","0.0081718098372221","0","1.45357239246368","0.775924026966095","0.250835144100711","0.158795818686485","0.269284963607788","0.317231386899948",,,,,,,,,,,,,,,,,,,,,,,,"2.49572825431824","1.1743129491806","0","0","0.941090762615204","0","0.049505989998579","0","0.421210169792175"
"373.810887527466","2.28734381943941","0.556514382362366","46","47.9910125732422","1.43883442878723","13236.6022705078","912.947265625","0.874112367630005","2.70121574401855","0.0224847998470068","0.107371978461742","0.00561146065592766","0.552593231201172","0.00845269486308098","0","1.47994518280029","0.783106565475464","0.282987142167985","0.158861726522446","0.289750576019287","0.317133605480194",,,,,,,,,,,,,,,,,,,,,,,,"2.51259160041809","1.18231618404388","0","0","0.95859432220459","0","0.0532691180706024","0","0.426971018314362"
"325.392865371704","-2.08117598295212","0.55920535326004","47","47.2276191711426","1.43364274501801","17796.758215332","978.652728271484","0.859611511230469","2.76333546638489","0.0227414313703775","0.108607456088066","0.00552091049030423","0.556102275848389","0.00879167392849922","0","1.47038745880127","0.780536770820618","0.248475031368434","0.160971105098724","0.28221070766449","0.319926857948303",,,,,,,,,,,,,,,,,,,,,,,,"2.51492786407471","1.18573677539825","0","0","0.952313303947449","0","0.0518843606114388","0","0.429445177316666"
"312.332489776611","3.17712978124619","0.557735800743103","48","49.1683349609375","1.4291158914566","14403.5348876953","901.166619110107","0.867950320243835","2.76311540603638","0.0226608999073505","0.110014855861664","0.00530599663034081","0.559206962585449","0.0090811476111412","0","1.47411525249481","0.781182825565338","0.269707763940096","0.160895988345146","0.274969667196274","0.319879829883575",,,,,,,,,,,,,,,,,,,,,,,,"2.50627207756042","1.17911565303802","0","0","0.953890264034271","0","0.0505630411207676","0","0.424662560224533"
"377.093006134033","-2.43210622854531","0.564224898815155","49","49.423713684082","1.45421814918518","15423.7741210937","909.525288391113","0.869356393814087","2.90779447555542","0.0233175996690989","0.111600965261459","0.00517124170437455","0.56424343585968","0.00922071654349566","0","1.48568570613861","0.790340185165405","0.234380641067401","0.160797223448753","0.269560813903809","0.319230377674103",,,,,,,,,,,,,,,,,,,,,,,,"2.50420379638672","1.18409776687622","0","0","0.976385235786438","0","0.0495741553604603","0","0.428258746862411"
"325.103073120117","-2.13419008210767","0.554961502552032","50","51.555591583252","1.42762744426727","15383.4924194336","941.552632141113","0.866618931293488","2.79793739318848","0.0227981600910425","0.110795266926289","0.00507635530084372","0.558679580688477","0.00931497663259506","0","1.47229778766632","0.781948745250702","0.24003177639097","0.1605024933815","0.273824393749237","0.318956255912781","0.0817787423729897","0.160685375332832","0.562066376209259","0.0675113648176193","0.00368908140808344","0.0143181597813964","0.00229020114056766","0.311934739351273","0.00148925743997097","0.306411355733871","0.151517435908318","0.050141267478466","0.0480569414794445","0.181416362524033","1.26085031032562","0.617340743541718","0","0","0.0358854457736015","0","0.00839240849018097","0","0.116407513618469","2.49267196655273","1.17474293708801","0","0","0.955761730670929","0","0.0503470450639725","0","0.421518683433533"
"326.27119140625","6.86629467010498","0.557200968265533","51","49.7350158691406","1.42068326473236","13443.4246582031","908.024974060059","0.864723443984985","2.92718315124512","0.023320322856307","0.11329810321331","0.00535401096567512","0.560193479061127","0.00923877954483032","0","1.46078670024872","0.779917240142822","0.264418828766793","0.159605115652084","0.275030195713043","0.31827038526535",,,,,,,,,,,,,,,,,,,,,,,,"2.49861311912537","1.1716480255127","0","0","0.950802206993103","0","0.0505805276334286","0","0.419300585985184"
"280.489215278625","2.58034621477127","0.55178564786911","52","48.1766242980957","1.42166924476624","10850.4025390625","932.315660095215","0.866332113742828","2.87050342559814","0.023150984197855","0.11117884516716","0.00494996691122651","0.560523569583893","0.00933607947081327","0","1.46978008747101","0.780157148838043","0.290166621934623","0.159502983093262","0.266565263271332","0.31786373257637",,,,,,,,,,,,,,,,,,,,,,,,"2.49712562561035","1.17440593242645","0","0","0.951387226581573","0","0.049005251377821","0","0.421276837587357"
"372.674188232422","-0.72526796432212","0.545081198215485","53","48.2114143371582","1.40377259254456","15488.0502929688","810.105005645752","0.880438268184662","2.80951809883118","0.0228292420506477","0.111305847764015","0.00510867219418287","0.557453811168671","0.00928716361522675","0","1.46015608310699","0.769906342029572","0.246147379558533","0.160341292619705","0.280571699142456","0.318367540836334",,,,,,,,,,,,,,,,,,,,,,,,"2.50405526161194","1.18048334121704","0","0","0.926549971103668","0","0.0515743680298328","0","0.425648242235184"
"465.757590866089","2.85330425370485","0.560370862483978","54","49.8979415893555","1.45800268650055","15249.557824707","1020.11572723389","0.866785049438477","2.93889951705933","0.0233601164072752","0.113644622266293","0.00511981593444943","0.561177313327789","0.0093532120808959","0","1.49142050743103","0.790379166603088","0.252656657062471","0.161441177129745","0.278677880764008","0.319955348968506",,,,,,,,,,,,,,,,,,,,,,,,"2.52308177947998","1.18688499927521","0","0","0.97648161649704","0","0.0512437894940376","0","0.43027725815773"
"397.00260887146","-0.915497683174908","0.555563986301422","55","48.99462890625","1.44269144535065","15512.9307006836","812.528983306885","0.886462211608887","2.89220809936523","0.0232413988560438","0.111544147133827","0.00501721818000078","0.56123811006546","0.00957502331584692","0","1.48064005374908","0.783225059509277","0.239882850274444","0.161499783396721","0.27148699760437","0.32037416100502",,,,,,,,,,,,,,,,,,,,,,,,"2.52874541282654","1.19186198711395","0","0","0.958884358406067","0","0.0499136596918106","0","0.433893442153931"
"377.084580230713","-2.78940954059362","0.561010122299194","56","50.1710815429688","1.4414587020874","13549.7391418457","756.325581359863","0.88599681854248","2.99530911445618","0.0236929878592491","0.112783275544643","0.00480072479695082","0.557060956954956","0.00930690672248602","0","1.49273920059204","0.78629058599472","0.274392680171877","0.162616521120071","0.269459336996078","0.321914464235306",,,,,,,,,,,,,,,,,,,,,,,,"2.49985074996948","1.18028616905212","0","0","0.966405153274536","0","0.0495474860072136","0","0.42550602555275"
"400.24532623291","3.56542954742908","0.552277147769928","57","49.164005279541","1.41482794284821","12150.7878662109","833.649136352539","0.879608333110809","2.94019055366516","0.0234293062239885","0.112538278102875","0.00486150197684765","0.562680900096893","0.00963066332042217","0","1.47253918647766","0.778454959392548","0.29122643051669","0.160553008317947","0.268972635269165","0.319025754928589",,,,,,,,,,,,,,,,,,,,,,,,"2.49107980728149","1.17001366615295","0","0","0.947240114212036","0","0.0494561642408371","0","0.418131589889526"
"350.623650360107","4.09461681842804","0.552167057991028","58","50.1304092407227","1.41884553432465","18748.2063232422","791.77307434082","0.887763977050781","3.01307916641235","0.0236813109368086","0.114573396742344","0.00469757616519928","0.555517375469208","0.0092844357714057","0","1.4696798324585","0.777500510215759","0.250165817234665","0.161665663123131","0.265681087970734","0.320126980543137",,,,,,,,,,,,,,,,,,,,,,,,"2.50387096405029","1.17967963218689","0","0","0.944918751716614","0","0.0488578677177429","0","0.425068855285645"
"419.332842826843","-1.65742737352848","0.552578508853912","59","46.5644187927246","1.4161080121994","18922.9816650391","689.521028137207","0.892845749855042","2.95484828948975","0.0234885700047016","0.112801887094975","0.00493908673524857","0.554219722747803","0.00911980681121349","0","1.48185670375824","0.776973903179169","0.249301583413035","0.161310896277428","0.265561401844025","0.319976061582565",,,,,,,,,,,,,,,,,,,,,,,,"2.50127744674683","1.17770683765411","0","0","0.943639039993286","0","0.0488206073641777","0","0.423648416996002"
"342.220575141907","-0.272311794292182","0.553948760032654","60","50.0560264587402","1.42766153812408","13412.6614746094","720.193244934082","0.893285036087036","2.96691012382507","0.0236057881265879","0.111790843307972","0.00525802792981267","0.540469527244568","0.00856949109584093","0","1.44830727577209","0.778049826622009","0.249790933914483","0.161341115832329","0.286585181951523","0.319971114397049","0.0823407843708992","0.163038775324821","0.653047800064087","0.0786762088537216","0.00400232523679733","0.0150124188512564","0.00223898724652827","0.308125525712967","0.0015003482112661","0.308769822120667","0.152248054742813","0.0523472130298615","0.0540835112333298","0.183901965618134","1.25509119033813","0.619865655899048","0","0","0.0362323559820652","0","0.00944473966956139","0","0.117361672222614","2.51273012161255","1.18472230434418","0","0","0.946254312992096","0","0.0526965446770191","0","0.428710609674454"
"347.875391197205","0.450880155630875","0.548791825771332","61","47.4957084655762","1.38058185577393","10541.747454834","553.898006439209","0.900141417980194","3.00707578659058","0.0238615088164806","0.110788680613041","0.00503116426989436","0.542412996292114","0.00863871816545725","0","1.44933438301086","0.766147494316101","0.275170047301799","0.1620834171772","0.262551069259644","0.320402473211288",,,,,,,,,,,,,,,,,,,,,,,,"2.47099590301514","1.16531360149384","0","0","0.917524993419647","0","0.048277847468853","0","0.414779007434845"
"552.16982383728","-2.33950667250901","0.55448716878891","62","47.989501953125","1.42642819881439","16244.2026733398","844.20435256958","0.883261919021606","2.98222923278809","0.0236584059894085","0.112227626144886","0.00503454962745309","0.531392574310303","0.00827172305434942","0","1.47429966926575","0.779701173305511","0.268905746564269","0.162967383861542","0.270634710788727","0.321928888559341",,,,,,,,,,,,,,,,,,,,,,,,"2.51020574569702","1.18150913715363","0","0","0.950275301933289","0","0.0497646555304527","0","0.426388323307037"
"317.362826347351","6.3630256652832","0.54981142282486","63","48.7840728759766","1.42122948169708","15156.3871948242","853.680707550049","0.885497093200684","2.99743413925171","0.0237477570772171","0.111987754702568","0.00505752628669143","0.547636747360229","0.00854330696165562","0","1.46529924869537","0.777990460395813","0.285125147178769","0.16059622168541","0.270270198583603","0.31844961643219",,,,,,,,,,,,,,,,,,,,,,,,"2.5117974281311","1.18017446994781","0","0","0.946110129356384","0","0.0496937185525894","0","0.425425589084625"
"394.892601013184","-0.912201794423163","0.556137263774872","64","47.5361671447754","1.4420952796936","9271.63151855469","699.540872192383","0.900488674640656","3.03537917137146","0.0238722916692495","0.113151349127293","0.00512722739949822","0.53325217962265","0.00817825924605131","0","1.48185276985168","0.784827888011932","0.220280655473471","0.162704139947891","0.274131417274475","0.321543633937836",,,,,,,,,,,,,,,,,,,,,,,,"2.51739025115967","1.1849547624588","0","0","0.962813019752502","0","0.0504033267498016","0","0.428878873586655"
"293.808229637146","2.52949918806553","0.552347958087921","65","47.8279304504395","1.41357386112213","11713.7522338867","593.624499511719","0.906387567520142","3.08068323135376","0.0241323299705982","0.112493462860584","0.0052625983953476","0.542331397533417","0.00856401491910219","0","1.46876668930054","0.776587128639221","0.283837560890242","0.161542788147926","0.277995973825455","0.320073008537292",,,,,,,,,,,,,,,,,,,,,,,,"2.48998236656189","1.17229020595551","0","0","0.942699909210205","0","0.0511136762797832","0","0.419760316610336"
"344.926671600342","5.9081997692585","0.555298745632172","66","48.22021484375","1.46880090236664","13837.5777709961","866.71782989502","0.88886958360672","3.14578652381897","0.0244115069508553","0.113207325339317","0.00559543585404754","0.544223248958588","0.00862792413681746","0","1.49060153961182","0.784157991409302","0.298878932744265","0.162583947181702","0.270818829536438","0.321182608604431",,,,,,,,,,,,,,,,,,,,,,,,"2.49025368690491","1.17254459857941","0","0","1.02245271205902","0","0","0","0.446348130702972"
"306.182173919678","3.35748140513897","0.549437761306763","67","46.2072143554688","1.45463502407074","17333.7989013672","881.221323394775","0.892122209072113","3.17739510536194","0.024526160210371","0.11391593515873","0.00552964862436056","0.542706906795502","0.00832649692893028","0","1.45499706268311","0.776435673236847","0.289719006046653","0.162643805146217","0.291148006916046","0.32080751657486",,,,,,,,,,,,,,,,,,,,,,,,"2.5063259601593","1.18023359775543","0","0","1.00241386890411","0","0","0","0.452221244573593"
"314.187742614746","-5.90794255137444","0.550917446613312","68","46.6685409545898","1.4482433795929","14726.1470947266","1205.96770172119","0.85730367898941","3.22574520111084","0.0247017610818148","0.114968553185463","0.00544555392116308","0.540487051010132","0.00852327607572079","0","1.4515278339386","0.776567995548248","0.277234209515154","0.162706077098846","0.292553424835205","0.321302443742752",,,,,,,,,,,,,,,,,,,,,,,,"2.49252200126648","1.17141389846802","0","0","1.00275564193726","0","0","0","0.44548773765564"
"324.134008407593","-0.84669420090504","0.55300635099411","69","46.9077835083008","1.44944405555725","16182.1470947266","841.701892089844","0.885590195655823","3.2472403049469","0.0248135253787041","0.11480638384819","0.00557019095867872","0.543842613697052","0.00863428693264723","0","1.4570140838623","0.774878203868866","0.286103427968919","0.163479045033455","0.297069638967514","0.322051465511322",,,,,,,,,,,,,,,,,,,,,,,,"2.50594425201416","1.17870116233826","0","0","0.998396456241608","0","0","0","0.451047629117966"
"346.199311447144","1.88234918937087","0.555637538433075","70","48.5847511291504","1.46558833122253","13077.673425293","727.11149597168","0.901184260845184","3.25419354438782","0.0248335618525743","0.115049451589584","0.00575568526983261","0.533312916755676","0.00824708770960569","0","1.47616910934448","0.782229542732239","0.287321320362389","0.162918493151665","0.298738181591034","0.321640253067017","0.082065612077713","0.162066116929054","0.606342196464539","0.103087194263935","0.00462137348949909","0.0162435043603182","0.00277200830169022","0.325255304574966","0.00172057549934834","0.307001888751984","0.151833519339561","0.0537378787994385","0.0628807544708252","0.186146810650826","1.26155757904053","0.61735600233078","0","0","0.0383328758180141","0","0","0","0.12373323738575","2.50216174125671","1.17491984367371","0","0","1.01742994785309","0","0","0","0.448158353567123"
"496.120487976074","-5.97970018386841","0.536673069000244","71","46.1248512268066","1.41696238517761","15604.5501464844","754.575842285156","0.890968978404999","3.230393409729","0.0248489119112492","0.112647213041782","0.00565902329981327","0.538467407226563","0.00851513631641865","0","1.46277153491974","0.762551963329315","0.260929497936741","0.162832245230675","0.322937458753586","0.320870697498322",,,,,,,,,,,,,,,,,,,,,,,,"2.50823926925659","1.17743229866028","0","0","0.966885387897491","0","0","0","0.450077027082443"
"365.70018081665","-8.86557966470718","0.554196000099182","72","46.2924308776855","1.45899927616119","18949.0201538086","978.898707580566","0.871060967445374","3.34213972091675","0.0252941623330116","0.114218287169933","0.00578918866813183","0.530193090438843","0.00824897456914186","0","1.47228074073792","0.781086921691895","0.242670330032706","0.164457783102989","0.329882085323334","0.322816103696823",,,,,,,,,,,,,,,,,,,,,,,,"2.48799920082092","1.17016649246216","0","0","1.01445984840393","0","0","0","0.444539487361908"
"278.57805595398","-3.19711531698704","0.545141816139221","73","46.5191917419434","1.43541061878204","14009.6905883789","891.838968658447","0.891989409923553","3.41443276405334","0.0256958678364754","0.112963899970055","0.00589238340035081","0.535518407821655","0.00832481496036053","0","1.45407235622406","0.772294044494629","0.291386179346591","0.162681102752686","0.346264541149139","0.320802688598633",,,,,,,,,,,,,,,,,,,,,,,,"2.49393177032471","1.16901159286499","0","0","0.99174827337265","0","0","0","0.443662405014038"
"272.524943161011","1.45853340122849","0.554041743278503","74","46.7286987304688","1.46043372154236","13336.6631713867","617.538990783691","0.910815238952637","3.43797135353088","0.0257944203913212","0.113155595958233","0.00606262125074863","0.536196947097778","0.00829102285206318","0","1.48601078987122","0.779936671257019","0.266092480625957","0.163806244730949","0.333683788776398","0.322689801454544",,,,,,,,,,,,,,,,,,,,,,,,"2.50885772705078","1.17596971988678","0","0","1.01147425174713","0","0","0","0.448959529399872"
"361.547400283813","-0.511614514130633","0.54273509979248","75","46.5805168151855","1.40874361991882","16323.3776855469","636.059903717041","0.89796394109726","3.36838126182556","0.0253971572965384","0.114592328667641","0.00628250231966376","0.535916030406952","0.0081815579906106","0","1.44595813751221","0.762834668159485","0.242441002558917","0.162899866700172","0.311947077512741","0.321330964565277",,,,,,,,,,,,,,,,,,,,,,,,"2.49042439460754","1.16568517684937","0","0","0.967602372169495","0","0","0","0.441141158342361"
"391.656526947021","-3.50517939776182","0.549813508987427","76","46.4907150268555","1.44606292247772","14994.9060180664","937.158681488037","0.884269297122955","3.4665207862854","0.0257747769355774","0.116054698824883","0.00633259443566203","0.531279861927032","0.00801010336726904","0","1.45141911506653","0.776222169399261","0.260078545194119","0.163405239582062","0.325230121612549","0.322186976671219",,,,,,,,,,,,,,,,,,,,,,,,"2.49039030075073","1.16972005367279","0","0","1.00186264514923","0","0","0","0.444200336933136"
"352.77645816803","3.32236090004444","0.552582383155823","77","46.6766777038574","1.46715092658997","17738.450769043","767.99867477417","0.908877432346344","3.55402898788452","0.0261708498001099","0.116120472550392","0.00665615871548653","0.535754024982452","0.0080757662653923","0","1.49092876911163","0.782245874404907","0.268414072878659","0.164310857653618","0.334663152694702","0.322832643985748",,,,,,,,,,,,,,,,,,,,,,,,"2.50411081314087","1.17691075801849","0","0","1.01747250556946","0","0","0","0.449678361415863"
"268.316082763672","-0.813994547352195","0.542612850666046","78","46.4086456298828","1.424849152565","18330.6213500977","668.014115142822","0.910554170608521","3.48009467124939","0.0257911533117294","0.116924874484539","0.00646666390821338","0.537822902202606","0.00813874881714582","0","1.45356011390686","0.768603503704071","0.280474457796663","0.162857756018639","0.33731535077095","0.321168541908264",,,,,,,,,,,,,,,,,,,,,,,,"2.49130344390869","1.16755390167236","0","0","0.982292532920837","0","0","0","0.44255667924881"
"284.336590957642","1.08247980475426","0.547512471675873","79","45.8617515563965","1.43620502948761","12225.7159973145","643.141557312012","0.907570660114288","3.47759222984314","0.0257857311517","0.116810277104378","0.00634185504168272","0.533699214458466","0.00812302809208632","0","1.47789967060089","0.772502899169922","0.300851363688707","0.163567751646042","0.329006940126419","0.322146207094193",,,,,,,,,,,,,,,,,,,,,,,,"2.48339653015137","1.16935122013092","0","0","0.992284834384918","0","0","0","0.443920195102692"
"329.37401638031","-6.01667224168777","0.541698575019836","80","48.8227043151855","1.40926599502563","11640.3307128906","598.074201202393","0.903620362281799","3.50790333747864","0.0258991364389658","0.117294140160084","0.00640895357355475","0.530684053897858","0.00794512778520584","0","1.44443511962891","0.761652767658234","0.231496351445094","0.163550302386284","0.33385506272316","0.321767210960388","0.0821616649627686","0.16248930990696","0.692909836769104","0.120307631790638","0.00498392060399055","0.0177540723234415","0.0030668608378619","0.329742223024368","0.00182633451186121","0.308242470026016","0.15191750228405","0.0572482161223888","0.0732316747307777","0.190019086003304","1.25494086742401","0.618305206298828","0","0","0.038375299423933","0","0","0","0.124114014208317","2.48817181587219","1.17032444477081","0","0","0.964606463909149","0","0","0","0.444659531116486"
"308.612349700928","1.76420413237065","0.544279217720032","81","46.7395706176758","1.42430806159973","9530.71872558594","697.259441375732","0.905661702156067","3.63255786895752","0.0264828447252512","0.116924896836281","0.0062022777274251","0.523566722869873","0.00792593322694302","0","1.4557056427002","0.768856346607208","0.308015496935695","0.163978293538094","0.350046187639236","0.32243487238884",,,,,,,,,,,,,,,,,,,,,,,,"2.49017381668091","1.16598653793335","0","0","0.982938945293427","0","0","0","0.441369235515594"
"347.287617111206","-5.26358647346497","0.550107598304749","82","46.712947845459","1.44660937786102","11012.6882568359","637.050395202637","0.912172555923462","3.80304884910583","0.0271547883749008","0.1185172945261","0.00672674085944891","0.530052244663239","0.00788382720202208","0","1.45854640007019","0.77659672498703","0.236335077136755","0.16410805284977","0.349371135234833","0.322359472513199",,,,,,,,,,,,,,,,,,,,,,,,"2.48922252655029","1.16916584968567","0","0","1.00282979011536","0","0","0","0.443779468536377"
"316.000397109985","-1.43456156210741","0.548515319824219","83","46.6679420471191","1.44466590881348","10761.3668701172","644.622913360596","0.914234578609467","3.75279092788696","0.0270169414579868","0.116902895271778","0.00687205977737904","0.523384153842926","0.00785172171890736","0","1.45110368728638","0.77338695526123","0.265699176304042","0.164246946573257","0.353719055652618","0.322559893131256",,,,,,,,,,,,,,,,,,,,,,,,"2.50846481323242","1.17747366428375","0","0","0.994557201862335","0","0","0","0.450108736753464"
"358.321312141418","1.5424280423671","0.549310922622681","84","47.119758605957","1.43312561511993","10715.5530029297","550.153995513916","0.914131879806519","3.91208124160767","0.0276666656136513","0.117720678448677","0.00661722756922245","0.523156046867371","0.0078391982242465","0","1.44431865215302","0.768214285373688","0.299913541646674","0.166094452142715","0.338562577962875","0.325247704982758",,,,,,,,,,,,,,,,,,,,,,,,"2.50840187072754","1.17971968650818","0","0","0.981297969818115","0","0","0","0.451827555894852"
"326.318713378906","3.27155268788338","0.551143109798431","85","46.715950012207","1.44418096542358","15560.3253173828","583.086926269531","0.920993506908417","4.11049175262451","0.0285280887037516","0.117229029536247","0.00712515693157911","0.530891358852386","0.0079718129709363","0","1.47363781929016","0.774835288524628","0.293395302956924","0.165134996175766","0.324793577194214","0.323395222425461",,,,,,,,,,,,,,,,,,,,,,,,"2.48465657234192","1.17194950580597","0","0","0.998285830020905","0","0","0","0.445895165205002"
"322.485662651062","-3.49100128114223","0.550256371498108","86","47.1443405151367","1.4436172246933","14342.8546142578","632.187829589844","0.916485488414764","4.13631105422974","0.0286111626774073","0.11772907525301","0.00695814937353134","0.529481768608093","0.00806464534252882","0","1.46472692489624","0.774128139019012","0.258702373318374","0.165084034204483","0.335201680660248","0.323967009782791",,,,,,,,,,,,,,,,,,,,,,,,"2.49887871742249","1.17360103130341","0","0","0.996464490890503","0","0","0","0.44715279340744"
"299.821766281128","1.8014287032187","0.54271000623703","87","46.3266944885254","1.41415596008301","9298.64779052734","585.251712036133","0.919050753116608","4.11171436309814","0.028542198240757","0.11704121530056","0.00674882810562849","0.535055637359619","0.00825173873454332","0","1.44198083877563","0.764913439750671","0.268286697030999","0.165103748440742","0.339629977941513","0.323290139436722",,,,,,,,,,,,,,,,,,,,,,,,"2.47942399978638","1.16585922241211","0","0","0.97288316488266","0","0","0","0.44127282500267"
"323.391444778442","-3.92093020379543","0.547768533229828","88","46.4056663513184","1.42956650257111","17899.491394043","592.816249847412","0.917980790138245","4.3771185874939","0.0295664463192225","0.118283659219742","0.00736120203509927","0.525001168251038","0.00788102112710476","0","1.46789789199829","0.76961761713028","0.254557062778622","0.165297210216522","0.338715791702271","0.323612123727798",,,,,,,,,,,,,,,,,,,,,,,,"2.49233555793762","1.17035162448883","0","0","0.984886348247528","0","0","0","0.444680124521255"
"284.526170158386","4.2844248354435","0.546757161617279","89","46.6775741577148","1.42398130893707","12588.8959350586","627.01051864624","0.909607648849487","4.65254020690918","0.0306388232856989","0.118555799126625","0.00686135794967413","0.506954371929169","0.0073158829472959","0","1.45966112613678","0.767679333686829","0.317007338348776","0.165659174323082","0.323335736989975","0.323931634426117",,,,,,,,,,,,,,,,,,,,,,,,"2.48892450332642","1.16952157020569","0","0","0.979931712150574","0","0","0","0.444049596786499"
"252.809040641785","-1.72465221397579","0.544433534145355","90","48.8117294311523","1.40074157714844","9472.50373535156","522.823413848877","0.921558856964111","4.84987640380859","0.0312019698321819","0.122791267931461","0.00711212633177638","0.50821977853775","0.00739437434822321","0","1.43156719207764","0.759940087795258","0.248604535590857","0.166923671960831","0.323136687278748","0.325332343578339","0.0835858285427094","0.164759457111359","0.761826515197754","0.158902913331985","0.00580684840679169","0.0183989107608795","0.00314542162232101","0.341263353824615","0.00194778048899025","0.311141788959503","0.153140917420387","0.0627401098608971","0.0849620178341866","0.195850372314453","1.26298761367798","0.622400522232056","0","0","0.0389958657324314","0","0","0","0.125763580203056","2.48644208908081","1.16479599475861","0","0","0.960273146629333","0","0","0","0.440468370914459"
"301.634525299072","-1.58830080144107","0.543828129768372","91","46.8741188049316","1.40301418304443","10394.93671875","491.639385223389","0.923960030078888","4.8640718460083","0.0313702560961246","0.12027533352375","0.00678991992026567","0.504710376262665","0.00744788907468319","0","1.44965076446533","0.761699318885803","0.222719906363636","0.166435986757278","0.31055960059166","0.324574291706085",,,,,,,,,,,,,,,,,,,,,,,,"2.48710918426514","1.16191184520721","0","0","0.96472430229187","0","0","0","0.438289791345596"
"268.726875305176","2.19071713760495","0.546255528926849","92","46.112003326416","1.42820703983307","11585.353894043","521.558001708984","0.929830431938171","4.83010864257813","0.0311625450849533","0.12201389670372","0.00678536668419838","0.5111004114151","0.00747452583163977","0","1.45781683921814","0.768241822719574","0.315763496048748","0.165921345353127","0.326229751110077","0.324097156524658",,,,,,,,,,,,,,,,,,,,,,,,"2.50355529785156","1.17318880558014","0","0","0.98136830329895","0","0","0","0.446838766336441"
"235.289749336243","-0.504456740245223","0.543801784515381","93","46.7277374267578","1.4180154800415","11052.3364746094","599.247393035889","0.911292731761932","4.77177906036377","0.0309670623391867","0.121421970427036","0.0065348781645298","0.5078946352005","0.00742671033367515","0","1.45626056194305","0.765621781349182","0.282020457368344","0.165844485163689","0.323786169290543","0.324289292097092",,,,,,,,,,,,,,,,,,,,,,,,"2.49349761009216","1.1685733795166","0","0","0.974685788154602","0","0","0","0.443329811096191"
"266.503671264648","2.57961830049753","0.541522920131683","94","45.6279449462891","1.41300678253174","10039.0981079102","571.392495727539","0.914785027503967","4.72825574874878","0.0307923723012209","0.1215860247612","0.00638802908360958","0.500148236751556","0.00738844880834222","0","1.46546745300293","0.76303106546402","0.298863804573193","0.167324587702751","0.355024307966232","0.325737744569778",,,,,,,,,,,,,,,,,,,,,,,,"2.49859666824341","1.17064893245697","0","0","0.968100726604462","0","0","0","0.444906026124954"
"275.076440238953","-2.23998899469152","0.542124569416046","95","46.6816139221191","1.39823853969574","8470.90794677734","700.789389038086","0.902388036251068","4.98984813690186","0.0317714512348175","0.121860414743423","0.00692739663645625","0.501281142234802","0.00726417964324355","0","1.4309995174408","0.761564552783966","0.300004129111767","0.166699260473251","0.369334995746613","0.324773102998734",,,,,,,,,,,,,,,,,,,,,,,,"2.46967339515686","1.15601933002472","0","0","0.964383006095886","0","0","0","0.433855563402176"
"270.732830619812","-1.79576600566506","0.542832672595978","96","46.6297225952148","1.41014957427979","12542.8175354004","533.081604766846","0.91922664642334","4.91876649856567","0.031567171216011","0.120480231940746","0.0068974238820374","0.496615558862686","0.00708594964817166","0","1.43956899642944","0.761080801486969","0.263857194734737","0.166912987828255","0.370989918708801","0.325486332178116",,,,,,,,,,,,,,,,,,,,,,,,"2.50607943534851","1.17338895797729","0","0","0.963158369064331","0","0","0","0.446991264820099"
"324.186281776428","-2.20071686804295","0.540165543556213","97","46.2910041809082","1.4060492515564","15373.4699829102","595.287220001221","0.919950008392334","5.05882692337036","0.0320023968815804","0.122430332005024","0.00668006762862206","0.499470740556717","0.00723281595855951","0","1.43548917770386","0.760277032852173","0.295800309814513","0.167579621076584","0.390350788831711","0.326480746269226",,,,,,,,,,,,,,,,,,,,,,,,"2.49834084510803","1.17067289352417","0","0","0.961124956607819","0","0","0","0.444924265146255"
"247.6418384552","2.48150714337826","0.541538834571838","98","46.9661331176758","1.40035927295685","12008.3590942383","576.748062133789","0.916718363761902","5.1095290184021","0.0321198999881744","0.123985938727856","0.00694334227591753","0.499465674161911","0.00723751168698072","0","1.43460392951965","0.760580360889435","0.287170778401196","0.167228132486343","0.364219456911087","0.325161010026932",,,,,,,,,,,,,,,,,,,,,,,,"2.47813320159912","1.16214692592621","0","0","0.961892008781433","0","0","0","0.43846720457077"
"266.684692573547","2.61322708055377","0.55007392168045","99","46.7485466003418","1.44388675689697","12216.1473388672","533.135427856445","0.926430761814117","5.45310735702515","0.0333381779491901","0.124581977725029","0.00687785446643829","0.489106833934784","0.00685916189104319","0","1.48379027843475","0.773276269435883","0.301038965396583","0.169472426176071","0.401970058679581","0.327873378992081",,,,,,,,,,,,,,,,,,,,,,,,"2.50936627388","1.17682683467865","0","0","0.994272530078888","0","0","0","0.449614286422729"
"240.915021133423","1.0845471765846","0.548617362976074","100","49.3115577697754","1.43046367168427","9948.53479614258","527.122035217285","0.926806092262268","5.51746320724487","0.0335600040853024","0.124726682901382","0.0068188589066267","0.48919215798378","0.00705953687429428","0","1.45822656154633","0.765970230102539","0.2623375560157","0.170179933309555","0.412733316421509","0.328862816095352","0.0837606191635132","0.16474024951458","0.720328807830811","0.192297548055649","0.0064211362041533","0.0193228330463171","0.0030245971865952","0.341053038835526","0.00213316269218922","0.310702741146088","0.152547776699066","0.0654951930046082","0.101682253181934","0.198920696973801","1.26723504066467","0.62309867143631","0","0","0.0386943742632866","0","0","0","0.126045867800713","2.51500082015991","1.18371152877808","0","0","0.975573241710663","0","0","0","0.45489040017128"
"305.191318130493","-6.02378027439117","0.542922914028168","101","46.5015296936035","1.40333521366119","9868.28842773437","449.21031036377","0.929610967636108","5.67994499206543","0.0341187529265881","0.124972194433212","0.00711523927748203","0.486505895853043","0.00699625769630075","0","1.44244575500488","0.759694278240204","0.232619252521545","0.169069454073906","0.421399116516113","0.327548652887344",,,,,,,,,,,,,,,,,,,,,,,,"2.49437189102173","1.1690388917923","0","0","0.959652066230774","0","0","0","0.443683117628098"
"322.160189819336","2.76893546283245","0.545291602611542","102","46.905891418457","1.41746926307678","14541.9340087891","581.505544281006","0.915076315402985","5.67130613327026","0.0341080762445927","0.124520257115364","0.00703501235693693","0.491966158151627","0.007100451271981","0","1.44623136520386","0.763794541358948","0.315632964111865","0.16987007856369","0.435490757226944","0.328621447086334",,,,,,,,,,,,,,,,,,,,,,,,"2.50023245811462","1.1739649772644","0","0","0.970039069652557","0","0","0","0.447430223226547"
"237.280348396301","-2.16700887419283","0.545884609222412","103","46.3170051574707","1.4165745973587","9430.44477539062","474.678863525391","0.932093024253845","5.74538612365723","0.0343443192541599","0.124998450279236","0.00729168206453323","0.485308825969696","0.00683900527656078","0","1.45951569080353","0.766568005084991","0.275207290844992","0.168645277619362","0.42189222574234","0.326948076486588",,,,,,,,,,,,,,,,,,,,,,,,"2.48813366889954","1.16348552703857","0","0","0.977096676826477","0","0","0","0.439477890729904"
"241.093284988403","1.01603489471599","0.543144822120667","104","47.1738166809082","1.40122747421265","9223.40680541992","474.41011505127","0.926823139190674","5.84542322158813","0.0346316881477833","0.126324102282524","0.0072021740488708","0.486107975244522","0.00689351418986917","0","1.44289481639862","0.760204374790192","0.315695160254836","0.169798612594604","0.450481653213501","0.327909678220749",,,,,,,,,,,,,,,,,,,,,,,,"2.49080920219421","1.16455519199371","0","0","0.960941314697266","0","0","0","0.440286248922348"
"265.278039932251","2.28045589700341","0.541338920593262","105","46.1818466186523","1.39395403862","9805.37913208008","486.208142852783","0.920623123645782","5.94363451004028","0.0349576249718666","0.126530036330223","0.00739196874201298","0.486299484968185","0.00687121180817485","0","1.45569908618927","0.75883537530899","0.284390627313405","0.169892847537994","0.432076185941696","0.328298151493073",,,,,,,,,,,,,,,,,,,,,,,,"2.46914649009705","1.1594979763031","0","0","0.957483351230621","0","0","0","0.436470657587051"
"323.606620788574","-6.01483284831047","0.546039760112762","106","46.3488159179688","1.41463375091553","10675.8108764648","539.134261322022","0.917406857013702","5.82929754257202","0.0345297530293465","0.127409487962723","0.00734468316659331","0.494832426309586","0.00702755013480783","0","1.44590711593628","0.764724254608154","0.251170147419907","0.169848948717117","0.437208503484726","0.328234702348709",,,,,,,,,,,,,,,,,,,,,,,,"2.49349522590637","1.16712522506714","0","0","0.972401976585388","0","0","0","0.442231714725494"
"275.866831207275","-1.33971283868887","0.543147385120392","107","46.2161560058594","1.39952635765076","8667.5049987793","460.573608398438","0.927097320556641","6.16429662704468","0.0356983318924904","0.126528695225716","0.00723305763676763","0.487248331308365","0.0071170637384057","0","1.45418167114258","0.759762167930603","0.240379941277206","0.170084342360497","0.445342063903809","0.328290492296219",,,,,,,,,,,,,,,,,,,,,,,,"2.48350930213928","1.16378319263458","0","0","0.959823668003082","0","0","0","0.439702689647675"
"223.94733581543","-0.688233286427567","0.549041330814362","108","46.7425498962402","1.41214919090271","11238.8174316406","480.039183807373","0.92854779958725","6.27186584472656","0.0359281376004219","0.129545912146568","0.0072534866631031","0.488564074039459","0.00713535910472274","0","1.43235802650452","0.761890769004822","0.320834311284125","0.171797215938568","0.43714714050293","0.330682247877121",,,,,,,,,,,,,,,,,,,,,,,,"2.4965193271637","1.1733216047287","0","0","0.965209305286407","0","0","0","0.446939945220947"
"239.51039981842","0.35229914681986","0.54748523235321","109","46.116455078125","1.42086887359619","9043.16060180664","467.900524139404","0.930795729160309","6.11409568786621","0.0354075394570827","0.129453852772713","0.00694480491802096","0.486358463764191","0.0071250326000154","0","1.43830502033234","0.765871345996857","0.306007897853851","0.170740738511086","0.461035668849945","0.328890860080719",,,,,,,,,,,,,,,,,,,,,,,,"2.49868941307068","1.17149257659912","0","0","0.975321292877197","0","0","0","0.445547550916672"
"354.614433288574","-3.22279482036829","0.546523988246918","110","48.991828918457","1.41211903095245","20850.4432739258","603.575137329102","0.929762840270996","6.11795520782471","0.0353374853730202","0.131375640630722","0.00672380160540342","0.488595843315125","0.00734480051323771","0","1.44944906234741","0.765321493148804","0.278761212527752","0.170487284660339","0.465794056653976","0.329102963209152","0.0837312042713165","0.164974525570869","0.770682990550995","0.210873797535896","0.00666798884049058","0.0217630341649055","0.00263875327073038","0.351288825273514","0.00231695943512022","0.310075759887695","0.15262071788311","0.068045049905777","0.115812718868256","0.201471775770187","1.26438307762146","0.623586058616638","0","0","0.0387313924729824","0","0","0","0.126243129372597","2.48038864135742","1.16178953647614","0","0","0.973921477794647","0","0","0","0.438197493553162"
"289.61367855072","4.1545692384243","0.545487463474274","111","46.9851341247559","1.4079521894455","11594.3704406738","468.995397186279","0.929638803005219","6.23128843307495","0.0357450656592846","0.130693465471268","0.00688700517639518","0.488776654005051","0.00732635194435716","0","1.45560145378113","0.763337790966034","0.271413323841989","0.171088293194771","0.465754508972168","0.329275459051132",,,,,,,,,,,,,,,,,,,,,,,,"2.48686838150024","1.16294944286346","0","0","0.968879222869873","0","0","0","0.439072906970978"
"224.475433349609","2.5747988820076","0.540541231632233","112","46.2882194519043","1.39687693119049","14048.3325805664","564.151633453369","0.926138818264008","6.06696319580078","0.0352651849389076","0.129085034132004","0.00678342441096902","0.492010712623596","0.00746296904981136","0","1.44781279563904","0.757950007915497","0.343207844533026","0.169749647378922","0.429723560810089","0.327879011631012",,,,,,,,,,,,,,,,,,,,,,,,"2.48832845687866","1.16632616519928","0","0","0.95525050163269","0","0","0","0.441626369953156"
"242.13436050415","-2.95682802498341","0.541282176971436","113","46.9827613830566","1.38463890552521","9474.70409545898","476.220644378662","0.919852077960968","6.26589012145996","0.0359250642359257","0.129151031374931","0.00684975227341056","0.499063491821289","0.00768974283710122","0","1.43856370449066","0.754893124103546","0.293563134688884","0.170208126306534","0.43977227807045","0.328319758176804",,,,,,,,,,,,,,,,,,,,,,,,"2.47479343414307","1.16030478477478","0","0","0.947560667991638","0","0","0","0.437078267335892"
"209.100859069824","-2.86688423901796","0.550964534282684","114","46.2350883483887","1.43735766410828","9057.47911376953","526.991175842285","0.927308797836304","6.56902122497559","0.0367723070085049","0.132510617375374","0.00638227723538876","0.488864988088608","0.00759391766041517","0","1.4760730266571","0.772391438484192","0.295508146286011","0.171222686767578","0.469977378845215","0.329399645328522",,,,,,,,,,,,,,,,,,,,,,,,"2.48913812637329","1.17124497890472","0","0","0.991998493671417","0","0","0","0.445359289646149"
"260.914646720886","-0.704020187188871","0.545776903629303","115","46.8948974609375","1.40105259418488","7207.24732055664","394.2770652771","0.93583482503891","6.6899471282959","0.037226676940918","0.130908206105232","0.00672995066270232","0.499916166067123","0.00779107445850968","0","1.43789315223694","0.760418891906738","0.298434716649354","0.16994135081768","0.453214049339294","0.328064978122711",,,,,,,,,,,,,,,,,,,,,,,,"2.48200225830078","1.16360628604889","0","0","0.961483597755432","0","0","0","0.439569085836411"
"226.654796981812","-0.944312022067606","0.544118702411652","116","46.9306602478027","1.39240288734436","8617.91566162109","449.33992729187","0.927907526493073","6.99785709381104","0.0381640270352364","0.13167379796505","0.00687508331611753","0.489565044641495","0.00749503448605537","0","1.43235766887665","0.756532669067383","0.262353983335197","0.171838387846947","0.442599833011627","0.330114275217056",,,,,,,,,,,,,,,,,,,,,,,,"2.48283576965332","1.16513073444366","0","0","0.95168125629425","0","0","0","0.440721601247787"
"240.208277320862","1.04513226673007","0.540329575538635","117","46.4675941467285","1.39275979995728","8948.64746704102","464.203006744385","0.930652439594269","6.97551012039185","0.0380629226565361","0.132451981306076","0.00712056225165725","0.482921361923218","0.00724126351997256","0","1.44008672237396","0.755877137184143","0.314207702130079","0.170588299632072","0.475960552692413","0.328194916248322",,,,,,,,,,,,,,,,,,,,,,,,"2.49544525146484","1.16777884960175","0","0","0.950032651424408","0","0","0","0.44272717833519"
"202.946771240234","3.6719348192215","0.544256269931793","118","46.3722076416016","1.39930164813995","9341.49663085938","437.712208557129","0.932863831520081","7.27929401397705","0.0389208756387234","0.134370133280754","0.00714276963844895","0.476960003376007","0.00722073810175061","0","1.44749307632446","0.760575354099274","0.317878490686417","0.17168103158474","0.455144643783569","0.329956650733948",,,,,,,,,,,,,,,,,,,,,,,,"2.48331212997437","1.16076135635376","0","0","0.961879372596741","0","0","0","0.437422245740891"
"281.805113983154","1.68375613279641","0.546911060810089","119","46.8025283813477","1.4123432636261","9699.88942260742","808.385066223145","0.897543907165527","7.46302318572998","0.0394717380404472","0.134493634104729","0.00693397177383304","0.474653124809265","0.00707993749529123","0","1.43892216682434","0.764295697212219","0.331451478321105","0.171999871730804","0.459231942892075","0.329991459846497",,,,,,,,,,,,,,,,,,,,,,,,"2.47607231140137","1.16553950309753","0","0","0.971312344074249","0","0","0","0.441030859947205"
"266.262522888184","4.3487940132618","0.544876456260681","120","48.4932136535645","1.39303612709045","11975.1689880371","459.239791107178","0.928630948066711","7.45426654815674","0.0394003354012966","0.135617420077324","0.00679650250822306","0.47078749537468","0.00692681781947613","0","1.44019711017609","0.758613169193268","0.30156461596489","0.172934472560883","0.487120598554611","0.331597059965134","0.0839804336428642","0.164280936121941","0.764618933200836","0.247805625200272","0.00725787924602628","0.0228048302233219","0.002504006261006","0.350143730640411","0.00232957513071597","0.310620605945587","0.152385577559471","0.069850891828537","0.134985536336899","0.20371687412262","1.26185703277588","0.622165977954865","0","0","0.038612138479948","0","0","0","0.125668793916702","2.47700810432434","1.15902352333069","0","0","0.956922650337219","0","0","0","0.436113506555557"
"286.359527397156","-1.851038242504","0.540313005447388","121","46.1368980407715","1.37965071201324","10851.878112793","468.956357574463","0.924653172492981","7.49104785919189","0.0395317301154137","0.135097488760948","0.00714299129322171","0.469631463289261","0.00688680587336421","0","1.44697046279907","0.756466388702393","0.283163728378713","0.171443790197372","0.498971253633499","0.329145699739456",,,,,,,,,,,,,,,,,,,,,,,,"2.45609879493713","1.14837455749512","0","0","0.951514363288879","0","0","0","0.428136348724365"
"272.871065139771","5.3181017100811","0.547766387462616","122","47.3515205383301","1.40598011016846","12491.0696533203","504.080889129639","0.929176151752472","7.75449562072754","0.0402245558798313","0.13736030459404","0.00714396452531219","0.463695615530014","0.00685906503349543","0","1.44796407222748","0.763081908226013","0.32900682259351","0.172637596726418","0.482290297746658","0.330689817667007",,,,,,,,,,,,,,,,,,,,,,,,"2.48092603683472","1.16119658946991","0","0","0.9682297706604","0","0","0","0.437750339508057"
"276.173677635193","-2.39239607751369","0.544695615768433","123","47.0413436889648","1.37730121612549","8582.73864746094","425.996559906006","0.927551209926605","8.22552871704102","0.0415302440524101","0.138893604278564","0.0069011808373034","0.461607247591019","0.00685560842975974","0","1.43279027938843","0.753420948982239","0.278506689798087","0.173401802778244","0.449614256620407","0.331863880157471",,,,,,,,,,,,,,,,,,,,,,,,"2.46270895004272","1.15545570850372","0","0","0.943868637084961","0","0","0","0.43343260884285"
"258.954188919067","-0.273446261053323","0.539267182350159","124","47.3356323242188","1.36349093914032","9144.10866088867","423.46861114502","0.931794941425323","8.2569055557251","0.041693564504385","0.136990204453468","0.00696094380691648","0.464002370834351","0.00700056087225676","0","1.42090213298798","0.749263525009155","0.317042783088982","0.17259606719017","0.480777770280838","0.330898016691208",,,,,,,,,,,,,,,,,,,,,,,,"2.46653652191162","1.15088498592377","0","0","0.933480620384216","0","0","0","0.430010318756104"
"212.323019790649","3.01839413046837","0.542129516601563","125","46.6722030639648","1.38226807117462","8521.45965576172","444.289102935791","0.929107546806335","8.16012191772461","0.0414916388690472","0.135058522224426","0.00651248684152961","0.463341057300568","0.00708306068554521","0","1.44368255138397","0.75316971540451","0.30303257163614","0.173085898160934","0.4568952023983","0.331576883792877",,,,,,,,,,,,,,,,,,,,,,,,"2.47894883155823","1.16289114952087","0","0","0.943239092826843","0","0","0","0.439028948545456"
"273.738557243347","-2.28012446761131","0.550191581249237","126","48.6511001586914","1.42070496082306","9577.07190551758","455.637228393555","0.926079988479614","8.24535274505615","0.0415878258645535","0.138867542147636","0.00713146943598986","0.466361850500107","0.00707544246688485","0","1.4482946395874","0.763985753059387","0.214980590459891","0.175384134054184","0.511305570602417","0.333304226398468",,,,,,,,,,,,,,,,,,,,,,,,"2.50321650505066","1.17756724357605","0","0","0.970524728298187","0","0","0","0.450180232524872"
"205.364372444153","-0.261370315930981","0.544563949108124","127","46.2305603027344","1.41125917434692","10693.1555480957","455.80373916626","0.936756014823914","8.12821006774902","0.041324820369482","0.137018740177155","0.00716556329280138","0.466105401515961","0.00698021333664656","0","1.46534872055054","0.762377500534058","0.242585840984248","0.172818869352341","0.494733572006226","0.330545663833618",,,,,,,,,,,,,,,,,,,,,,,,"2.4935245513916","1.17053067684174","0","0","0.966443002223969","0","0","0","0.444816201925278"
"298.292650222778","-0.629490910889581","0.546755790710449","128","46.5390014648438","1.40703749656677","11101.0292297363","414.398779296875","0.940316379070282","7.97305059432983","0.0408098958432674","0.138720437884331","0.0069097108207643","0.463961869478226","0.00681739626452327","0","1.45378398895264","0.762569606304169","0.23700588606298","0.173936396837234","0.489267021417618","0.332195729017258",,,,,,,,,,,,,,,,,,,,,,,,"2.47921371459961","1.16431844234467","0","0","0.966930150985718","0","0","0","0.440107315778732"
"229.570365715027","-3.49318175911903","0.541226029396057","129","46.91015625","1.37698066234589","12079.5735107422","459.303218841553","0.930603861808777","7.99805402755737","0.0408960916101933","0.138377413153648","0.00687752524390817","0.463041126728058","0.00700510758906603","0","1.42757856845856","0.752862691879272","0.213740934734233","0.172721236944199","0.498552024364471","0.330776572227478",,,,,,,,,,,,,,,,,,,,,,,,"2.47312045097351","1.15689134597778","0","0","0.94247031211853","0","0","0","0.434510380029678"
"208.583690071106","0.531039547361434","0.540478885173798","130","48.5039558410645","1.38132357597351","8645.82785644531","411.895404815674","0.932398974895477","7.51602506637573","0.0395804010331631","0.135750874876976","0.00688653765246272","0.465882748365402","0.00700897118076682","0","1.43683218955994","0.750498116016388","0.228545423131436","0.172747105360031","0.487275362014771","0.331065684556961","0.0841944515705109","0.16352453827858","0.729834139347076","0.275536000728607","0.00764128006994724","0.0243685469031334","0.00235981214791536","0.35694420337677","0.00247618765570223","0.308673918247223","0.152085140347481","0.0726604089140892","0.150842785835266","0.20700241625309","1.25429344177246","0.620668232440948","0","0","0.0384600386023521","0","0","0","0.125064507126808","2.4984667301178","1.17046236991882","0","0","0.93655925989151","0","0","0","0.444764286279678"
"175.983382415771","2.00788050889969","0.537742912769318","131","46.8971176147461","1.37173819541931","7448.8746887207","430.433026885986","0.924129009246826","7.50308132171631","0.0395471788942814","0.135612234473228","0.00688655069097877","0.469706356525421","0.00702441716566682","0","1.42973983287811","0.747812926769257","0.26558603500016","0.173017725348473","0.497559130191803","0.330962210893631",,,,,,,,,,,,,,,,,,,,,,,,"2.4856960773468","1.16664576530457","0","0","0.929869651794434","0","0","0","0.441868484020233"
"176.357604026794","-0.107790974248201","0.534946620464325","132","46.0181045532227","1.36260104179382","6802.88192138672","383.585275268555","0.940414011478424","7.46050930023193","0.0394646711647511","0.134481638669968","0.00722392881289124","0.472120493650436","0.00699613988399506","0","1.42986357212067","0.748989105224609","0.250247524119914","0.17044785618782","0.489963740110397","0.328326225280762",,,,,,,,,,,,,,,,,,,,,,,,"2.47569465637207","1.15060913562775","0","0","0.932796955108643","0","0","0","0.429804176092148"
"188.758892822266","-0.990164622664452","0.539878904819489","133","46.5846519470215","1.38190853595734","9574.6978515625","377.164767837524","0.943670749664307","7.54369020462036","0.0395879819989204","0.137612551450729","0.00691403541713953","0.469221740961075","0.00700999237596989","0","1.43147015571594","0.752071559429169","0.225134483422153","0.172985970973969","0.500580132007599","0.330884367227554",,,,,,,,,,,,,,,,,,,,,,,,"2.48861765861511","1.16605079174042","0","0","0.94049072265625","0","0","0","0.441417843103409"
"359.31081905365","-4.23748368620872","0.546956419944763","134","46.1335220336914","1.41857945919037","10261.6546325684","483.143965911865","0.933490455150604","7.5339994430542","0.0395492240786552","0.137850850820541","0.00706205936148763","0.473380386829376","0.00698747718706727","0","1.46495819091797","0.766660392284393","0.220961320353672","0.173043638467789","0.465853363275528","0.330932825803757",,,,,,,,,,,,,,,,,,,,,,,,"2.49157738685608","1.16582536697388","0","0","0.977332234382629","0","0","0","0.441247254610062"
"222.763488006592","0.720795195363462","0.546859502792358","135","46.8884773254395","1.40466678142548","8296.23656005859","407.102143859863","0.937340021133423","7.55773782730103","0.0395889841020107","0.138617694377899","0.00704252161085606","0.470454543828964","0.00704377889633179","0","1.44651234149933","0.761187195777893","0.216266764559259","0.174378752708435","0.548736810684204","0.332647323608398",,,,,,,,,,,,,,,,,,,,,,,,"2.47999143600464","1.16581475734711","0","0","0.963427603244781","0","0","0","0.441239207983017"
"261.640635681152","-2.52095489501953","0.541012465953827","136","46.5665245056152","1.38060522079468","9045.60649414063","396.481878662109","0.935129523277283","7.85722064971924","0.0403909310698509","0.140721529722214","0.00712587870657444","0.477306008338928","0.00730559602379799","0","1.43483591079712","0.753341853618622","0.212163681327365","0.173885896801949","0.555606842041016","0.331894397735596",,,,,,,,,,,,,,,,,,,,,,,,"2.4794237613678","1.16011452674866","0","0","0.943670332431793","0","0","0","0.436934977769852"
"308.306221580505","-1.48987918943167","0.538967490196228","137","46.9678916931152","1.38355565071106","8087.09165649414","415.775066375732","0.939453423023224","7.92953824996948","0.040680605918169","0.138787224888802","0.00734888901934028","0.463561981916428","0.00695143081247807","0","1.43857991695404","0.753931522369385","0.210750624816865","0.173966735601425","0.552792608737946","0.331976741552353",,,,,,,,,,,,,,,,,,,,,,,,"2.46940970420837","1.16206800937653","0","0","0.945148169994354","0","0","0","0.438407599925995"
"190.918062400818","0.219477322488092","0.541374385356903","138","46.5576248168945","1.39218020439148","9125.41229248047","420.217118835449","0.93730640411377","7.82871913909912","0.0403050221502781","0.140774264931679","0.00724280858412385","0.475756704807281","0.00728437770158052","0","1.44111859798431","0.756471455097198","0.259583236603066","0.175809964537621","0.585284829139709","0.334307789802551",,,,,,,,,,,,,,,,,,,,,,,,"2.48506617546082","1.1650402545929","0","0","0.951527118682861","0","0","0","0.440653115510941"
"218.95567111969","1.92139853388071","0.546072781085968","139","47.1458015441895","1.40717756748199","8500.41386108398","383.246619796753","0.944038510322571","8.18271636962891","0.0411980077624321","0.144121661782265","0.00746827339753509","0.469163328409195","0.00727525725960732","0","1.45510840415955","0.761005938053131","0.25427153618075","0.17413504421711","0.576792120933533","0.332174777984619",,,,,,,,,,,,,,,,,,,,,,,,"2.49414873123169","1.16973125934601","0","0","0.962968707084656","0","0","0","0.444208890199661"
"206.978449630737","-0.911625059135258","0.533687949180603","140","48.0712699890137","1.3475581407547","6561.59427490234","343.51865272522","0.944265723228455","8.15186023712158","0.0412986502051353","0.139418631792068","0.00757555197924376","0.476353526115417","0.00740400934591889","0","1.40912425518036","0.742757856845856","0.240143070253544","0.173215866088867","0.56964248418808","0.330960512161255","0.0843329280614853","0.16323034465313","0.824694275856018","0.303087949752808","0.00803107116371393","0.0251022689044476","0.00238119275309145","0.359678447246552","0.00254868250340223","0.308164566755295","0.151559293270111","0.0751179233193398","0.179910555481911","0.209745705127716","1.25121581554413","0.620597064495087","0","0","0.0381945371627808","0","0","0","0.125035792589188","2.46855568885803","1.15116250514984","0","0","0.917340517044067","0","0","0","0.430217683315277"
"214.496515655518","1.54820854440331","0.537076950073242","141","46.1798782348633","1.36078977584839","7275.15347290039","377.428339004517","0.937044739723206","8.29555511474609","0.0415919236838818","0.142378076910973","0.00738629372790456","0.469366133213043","0.00716899707913399","0","1.42559540271759","0.74772322177887","0.281175243481994","0.173793122172356","0.585377037525177","0.331383794546127",,,,,,,,,,,,,,,,,,,,,,,,"2.46540379524231","1.15240025520325","0","0","0.92964643239975","0","0","0","0.431143313646317"
"179.248760032654","-1.55019581206143","0.5383061170578","142","46.678035736084","1.38252758979797","10807.804498291","428.25778427124","0.941560089588165","8.49612236022949","0.042177427560091","0.141933083534241","0.00729939015582204","0.465248078107834","0.00701254513114691","0","1.43466889858246","0.754427134990692","0.258328380272724","0.174517706036568","0.602602899074554","0.332616537809372",,,,,,,,,,,,,,,,,,,,,,,,"2.47358322143555","1.15905380249023","0","0","0.94639128446579","0","0","0","0.436136245727539"
"167.001658058166","0.132074576430023","0.544837713241577","143","46.7413444519043","1.39746367931366","7426.07631225586","364.38883934021","0.940839231014252","8.48181533813477","0.042125727981329","0.142223104834557","0.00686959968879819","0.458100199699402","0.00702283950522542","0","1.4603111743927","0.758582890033722","0.2891999729909","0.176416978240013","0.585143566131592","0.335222691297531",,,,,,,,,,,,,,,,,,,,,,,,"2.48164653778076","1.16499280929565","0","0","0.956846356391907","0","0","0","0.440617293119431"
"186.820069503784","2.02531824707985","0.540220677852631","144","46.5097389221191","1.36543226242065","7623.81178588867","370.935639953613","0.936022758483887","8.68500995635986","0.0426851212978363","0.142446920275688","0.00721624121069908","0.460981577634811","0.00689435889944434","0","1.43220043182373","0.750506699085236","0.278426718013361","0.175292655825615","0.605646669864655","0.333332121372223",,,,,,,,,,,,,,,,,,,,,,,,"2.45302772521973","1.1493331193924","0","0","0.936580836772919","0","0","0","0.428851425647736"
"185.950322723389","1.74194711633027","0.544399499893188","145","46.4088172912598","1.39488780498505","11093.0226989746","483.380283355713","0.932114243507385","9.01607227325439","0.0435434691607952","0.143788799643517","0.00737458793446422","0.456844925880432","0.0068820072337985","0","1.44175779819489","0.759174525737762","0.285898590786383","0.175222814083099","0.602437436580658","0.333659648895264",,,,,,,,,,,,,,,,,,,,,,,,"2.46786308288574","1.15960109233856","0","0","0.958339512348175","0","0","0","0.436548233032227"
"201.999363517761","0.558978592604399","0.538555562496185","146","65.7432403564453","1.38660931587219","6099.79976196289","325.997019195557","0.92743855714798","9.09686851501465","0.0437125079333782","0.145092666149139","0.00740627991035581","0.464327245950699","0.00706282770261168","16.3533038139343","1.40755498409271","0.744032025337219","0.249792349385098","0.175896599888802","0.585874199867249","0.334116876125336",,,,,,,,,,,,,,,,,,,,,,,,"2.47536873817444","1.16050910949707","0","0","0.752984821796417","0.181950405240059","0.0938202366232872","0","0.357853770256042"
"192.618462944031","0.461904034484178","0.530198872089386","147","63.3304672241211","1.36949908733368","9877.13736572266","352.355883407593","0.939854025840759","8.71255588531494","0.0428130030632019","0.141122072935104","0.00721542397513986","0.459059834480286","0.00678996695205569","13.991181397438","1.40874898433685","0.739132761955261","0.220764114498161","0.174073398113251","0.579550981521606","0.33193576335907",,,,,,,,,,,,,,,,,,,,,,,,"2.46695566177368","1.1535177230835","0","0","0.743101060390472","0.180064454674721","0.0927785784006119","0","0.353555023670197"
"186.041213226318","2.05445511881262","0.539191901683807","148","63.0903930664063","1.39015305042267","6867.24492797852","349.869725036621","0.931411862373352","9.09816265106201","0.0437594316899776","0.143971040844917","0.00713137397542596","0.463213086128235","0.00690012564882636","17.9450154542923","1.42332100868225","0.747213125228882","0.256585835898295","0.174863681197166","0.563046216964722","0.333065181970596",,,,,,,,,,,,,,,,,,,,,,,,"2.48286199569702","1.16349744796753","0","0","0.759437441825867","0.180881932377815","0.0901345834136009","0","0.359699100255966"
"195.686435699463","-2.70115847885609","0.539231538772583","149","63.717041015625","1.38492798805237","7539.02342529297","330.356515884399","0.936615467071533","9.11122131347656","0.0437751300632954","0.144480928778648","0.00694318814203143","0.461815565824509","0.00707024428993464","15.5396793365479","1.42871761322021","0.748632729053497","0.243167621456087","0.175527125597","0.521107494831085","0.333557933568954",,,,,,,,,,,,,,,,,,,,,,,,"2.48001265525818","1.16009187698364","0","0","0.762325823307037","0.181568205356598","0.0834373906254768","0","0.357596546411514"
"154.520182418823","1.60890730079263","0.540627658367157","150","65.0225677490234","1.40107727050781","9027.00175170898","381.904579925537","0.934102952480316","8.71408462524414","0.0428030453622341","0.141489014029503","0.00696987519040704","0.459813386201859","0.00699286116287112","14.8673488140106","1.43017780780792","0.752861797809601","0.238493190135341","0.175838246941566","0.548337578773499","0.334107220172882","0.0837959349155426","0.235145419836044","0.815968334674835","0.288031399250031","0.0077869426459074","0.0255921017378569","0.00223699864000082","0.363020271062851","0.00258824578486383","0.306447684764862","0.151500031352043","0.0728184953331947","0.174371942877769","0.207118257880211","1.25499248504639","0.61983197927475","0","0","0.031219681724906","0.0753246769309044","0.0265173614025116","0","0.102083712816238","2.48158431053162","1.16468238830566","0","0","0.770963072776794","0.181890025734901","0.0877919942140579","0","0.360432147979736"
"159.908885002136","2.54030413776636","0.5528764128685","151","63.5902137756348","1.43161773681641","6513.11682128906","361.143180847168","0.938388228416443","8.79915714263916","0.0430247969925404","0.141833424568176","0.00657540932297707","0.462497979402542","0.0071230074390769","15.8016595125198","1.45521485805511","0.770688831806183","0.276001008413732","0.175634160637856","0.492490887641907","0.334237337112427",,,,,,,,,,,,,,,,,,,,,,,,"2.49140691757202","1.16907596588135","0","0","0.807906568050385","0.181678920984268","0.0788756310939789","0","0.363156616687775"
"163.088597297668","0.434446032054257","0.540920257568359","152","62.8757209777832","1.38321006298065","6384.92776489258","310.708037185669","0.93936413526535","8.77310562133789","0.0429951995611191","0.140736147761345","0.00669234804809093","0.459491580724716","0.00700396345928311","15.184251999855","1.41538429260254","0.751623690128326","0.250657039601356","0.174317955970764","0.466638684272766","0.332594931125641",,,,,,,,,,,,,,,,,,,,,,,,"2.48503160476685","1.16356861591339","0","0","0.768429279327393","0.180317416787148","0.0747203007340431","0","0.35974308848381"
"235.711225128174","0.280564722139388","0.542089998722076","153","63.1478805541992","1.38590502738953","5513.81845092773","301.348094177246","0.9458127617836","8.69787502288818","0.0428025908768177","0.140336409211159","0.00681124906986952","0.468958616256714","0.00721097318455577","15.8322263717651","1.43801844120026","0.757317185401917","0.215457242680714","0.174199432134628","0.444471269845963","0.332088381052017",,,,,,,,,,,,,,,,,,,,,,,,"2.46161293983459","1.15494704246521","0","0","0.780115008354187","0.180194824934006","0.0711634829640388","0","0.354431748390198"
"233.685544013977","-0.648564512189478","0.538012087345123","154","62.8115692138672","1.36056983470917","4926.19108276367","279.827855682373","0.942792236804962","8.51365375518799","0.0423149354755878","0.1396714001894","0.00686311721801758","0.469294786453247","0.00728092389181256","15.6016251087189","1.42746222019196","0.747914969921112","0.231518408132251","0.173659905791283","0.437365680932999","0.33142551779747",,,,,,,,,,,,,,,,,,,,,,,,"2.46139860153198","1.14776456356049","0","0","0.760864794254303","0.179636731743813","0.0700310915708542","0","0.350037157535553"
"234.505599212646","-5.39390841722488","0.535684585571289","155","63.0927658081055","1.36586809158325","6542.48967285156","289.638642883301","0.935047745704651","8.17077827453613","0.0413564816117287","0.139328807592392","0.00686745019629598","0.47678542137146","0.00743012176826596","12.8484434366226","1.41904819011688","0.743908703327179","0.220336985192262","0.172804966568947","0.434528380632401","0.330519676208496",,,,,,,,,,,,,,,,,,,,,,,,"2.48450565338135","1.17172646522522","0","0","0.752735257148743","0.178752362728119","0.0695753544569016","0","0.36480513215065"
"246.21128578186","0.208107464655768","0.538829326629639","156","47.7119483947754","1.38510656356812","6004.03956298828","322.766410446167","0.935737550258636","7.71927976608276","0.0400636941194534","0.138771072030067","0.00675932737067342","0.47930708527565","0.00760556012392044","0","1.44380688667297","0.75278651714325","0.222783645428717","0.17342022061348","0.445108413696289","0.331478774547577",,,,,,,,,,,,,,,,,,,,,,,,"2.49453544616699","1.16791534423828","0","0","0.814384520053864","0.189202263951302","0","0","0.381519764661789"
"218.489872169495","1.65269367620349","0.528981864452362","157","46.687255859375","1.34698259830475","6441.74443359375","318.263102722168","0.933604896068573","7.45488166809082","0.0393548682332039","0.136785268783569","0.0067162006162107","0.49201038479805","0.00783245451748371","0","1.40636920928955","0.741731226444244","0.208156610070728","0.171020790934563","0.402071952819824","0.328747630119324",,,,,,,,,,,,,,,,,,,,,,,,"2.45925378799438","1.14977133274078","0","0","0.790640473365784","0.18658447265625","0","0","0.36975771188736"
"195.918529129028","0.98034809269011","0.530679166316986","158","45.9262161254883","1.35323965549469","5309.06998291016","251.007294082642","0.949253737926483","7.66358232498169","0.0399142354726791","0.138384461402893","0.007005097810179","0.487863630056381","0.00774204172194004","0","1.41370987892151","0.742655754089355","0.23581062622834","0.172525078058243","0.426386624574661","0.330194622278214",,,,,,,,,,,,,,,,,,,,,,,,"2.46497273445129","1.15387439727783","0","0","0.792612552642822","0.188225671648979","0","0","0.372401475906372"
"196.562874794006","-4.30356656312942","0.535610496997833","159","46.2410087585449","1.37366604804993","5931.2708984375","267.933643722534","0.949790418148041","7.80736064910889","0.0403714664280415","0.137576580047607","0.00714326836168766","0.482820838689804","0.00760445138439536","0","1.42356085777283","0.749622941017151","0.224353526579216","0.172320887446404","0.449293911457062","0.330013692378998",,,,,,,,,,,,,,,,,,,,,,,,"2.48096942901611","1.1626832485199","0","0","0.807554066181183","0.18800288438797","0","0","0.378109157085419"
"222.123424053192","-1.04943994916976","0.541275501251221","160","48.2809638977051","1.39682376384735","7666.65307006836","308.485405349731","0.94903039932251","8.17448234558105","0.0413420982658863","0.139960840344429","0.00692667113617063","0.475916504859924","0.00749658141285181","0","1.44511675834656","0.759035348892212","0.242137505998835","0.173467993736267","0.460379004478455","0.33144822716713","0.083009734749794","0.21594026684761","0.764538884162903","0.275554805994034","0.00760392798110843","0.0253539215773344","0.00234738155268133","0.369236528873444","0.00285985576920211","0.304694831371307","0.150437861680984","0.0703320652246475","0.183014810085297","0.204698443412781","1.26172876358032","0.617592990398407","0","0","0.0325237140059471","0.0767326056957245","0","0","0.106683947145939","2.47963857650757","1.16498625278473","0","0","0.827960908412933","0.189254388213158","0","0","0.379608511924744"
"161.138711929321","0.276828586636111","0.534305334091187","161","45.8513870239258","1.38146781921387","6967.64602661133","282.424812698364","0.948042809963226","7.80400323867798","0.0403471253812313","0.137938693165779","0.00704382127150893","0.48156863451004","0.00760673405602574","0","1.43949830532074","0.752892017364502","0.256384473806247","0.172213315963745","0.449289709329605","0.330042719841003",,,,,,,,,,,,,,,,,,,,,,,,"2.49053764343262","1.16400516033173","0","0","0.814612865447998","0.187885522842407","0","0","0.378969430923462"
"171.070530509949","-4.01236827373505","0.539924502372742","162","46.3941764831543","1.38742995262146","7362.60930786133","331.473132324219","0.94174599647522","7.77773141860962","0.0401746518909931","0.140288203954697","0.00691789714619517","0.483465850353241","0.00772529933601618","0","1.44634139537811","0.754914343357086","0.218005710630678","0.173589318990707","0.466278403997421","0.331710010766983",,,,,,,,,,,,,,,,,,,,,,,,"2.4805703163147","1.16412627696991","0","0","0.818994998931885","0.189386755228043","0","0","0.379048258066177"
"180.116681861877","-2.60717532038689","0.534821510314941","163","46.5017547607422","1.36618852615356","6624.21394042969","287.191604995728","0.944178581237793","8.00524520874023","0.0408583469688892","0.139847606420517","0.0074104187078774","0.483832776546478","0.00760628189891577","0","1.43039274215698","0.746343672275543","0.23511126851663","0.17224308848381","0.478367328643799","0.330118596553802",,,,,,,,,,,,,,,,,,,,,,,,"2.47884273529053","1.1621561050415","0","0","0.800504148006439","0.18791800737381","0","0","0.377766400575638"
"184.960094833374","-2.84982926845551","0.546523094177246","164","46.562801361084","1.40776026248932","4631.82802124023","263.053332138062","0.950744390487671","8.09334373474121","0.0410484969615936","0.141461700201035","0.0073883100412786","0.484255462884903","0.00774118490517139","0","1.47055268287659","0.761826574802399","0.234597056172788","0.173438921570778","0.442072510719299","0.33143162727356",,,,,,,,,,,,,,,,,,,,,,,,"2.48920583724976","1.1724317073822","0","0","0.834061503410339","0.189222663640976","0","0","0.384476155042648"
"181.837800598145","-0.576987259555608","0.541617453098297","165","46.9622459411621","1.38806414604187","5470.93789672852","267.493112182617","0.945060610771179","7.76723575592041","0.0401953160762787","0.139019787311554","0.00725176185369492","0.4914490878582","0.00791752245277166","0","1.44021940231323","0.754803478717804","0.233464799867943","0.172299295663834","0.4504234790802","0.330346703529358",,,,,,,,,,,,,,,,,,,,,,,,"2.49187421798706","1.16762554645538","0","0","0.818754374980927","0.187979325652122","0","0","0.381330460309982"
"174.793723678589","-0.605027556099776","0.545050323009491","166","46.7425384521484","1.39331078529358","5977.90289306641","283.35714225769","0.9471275806427","8.12311363220215","0.0411890484392643","0.140097737312317","0.0074685113504529","0.488824605941772","0.00790137331932783","0","1.45611166954041","0.762014389038086","0.25036749294959","0.172068521380424","0.448058992624283","0.329911530017853",,,,,,,,,,,,,,,,,,,,,,,,"2.46734595298767","1.15187239646912","0","0","0.83447277545929","0.187727555632591","0","0","0.371110379695892"
"173.52303943634","-1.8402874276042","0.537525177001953","167","46.6894073486328","1.37729001045227","5649.85643920898","287.954074478149","0.943492233753204","7.99049377441406","0.0407599434256554","0.141224518418312","0.00742183718830347","0.487395703792572","0.0077760680578649","0","1.43379414081573","0.751345157623291","0.249791433662176","0.172314256429672","0.490792691707611","0.329928874969482",,,,,,,,,,,,,,,,,,,,,,,,"2.48555588722229","1.16255474090576","0","0","0.811268866062164","0.18799564242363","0","0","0.378025501966476"
"255.930849075317","0.170359567273408","0.537919223308563","168","46.298225402832","1.3840891122818","8274.17987670898","310.573522949219","0.944415390491486","7.98852205276489","0.0408500880002975","0.138839617371559","0.00750785274431109","0.484890818595886","0.00783836282789707","0","1.43119120597839","0.755045056343079","0.257323154504411","0.172174215316772","0.495269268751144","0.329779386520386",,,,,,,,,,,,,,,,,,,,,,,,"2.48038768768311","1.16092693805695","0","0","0.819278597831726","0.187842860817909","0","0","0.376967668533325"
"175.354586601257","-1.59513440728188","0.540995717048645","169","46.9396362304688","1.39365911483765","9433.74670410156","323.41053237915","0.948065757751465","8.27469348907471","0.0415986366569996","0.140717640519142","0.00777050200849771","0.481395602226257","0.00758289033547044","0","1.44891691207886","0.759643137454987","0.262996682740049","0.172911152243614","0.507005393505096","0.330775797367096",,,,,,,,,,,,,,,,,,,,,,,,"2.4777512550354","1.15901148319244","0","0","0.829287469387054","0.188646867871284","0","0","0.375724762678146"
"169.095091819763","4.75948357582092","0.534610390663147","170","48.56982421875","1.36862075328827","5715.87778930664","276.194840621948","0.944616675376892","8.03453636169434","0.0408335067331791","0.142560943961143","0.00778367975726724","0.491185516119003","0.00784101150929928","0","1.43425226211548","0.750216901302338","0.306516158068553","0.170853137969971","0.477324277162552","0.328279197216034","0.0830117091536522","0.214262574911118","0.859041333198547","0.279297858476639","0.00766911543905735","0.0251715537160635","0.0025238951202482","0.37094247341156","0.00284974440000951","0.303657174110413","0.150173336267471","0.0692232996225357","0.186060175299644","0.203191116452217","1.25243651866913","0.616568267345428","0","0","0.0324094407260418","0.0755229368805885","0","0","0.106330215930939","2.46114683151245","1.15539681911469","0","0","0.808834314346313","0.186401560902596","0","0","0.373384803533554"
"206.738340377808","-2.72679879069328","0.538336515426636","171","46.4770469665527","1.36799383163452","6525.86213378906","297.405926132202","0.943508803844452","8.06334781646729","0.0410338342189789","0.139666989445686","0.00749166123569012","0.481679052114487","0.00768754025921226","0","1.42233526706696","0.749022841453552","0.258764854539186","0.172117412090302","0.475866556167603","0.330009788274765",,,,,,,,,,,,,,,,,,,,,,,,"2.46884059906006","1.15627300739288","0","0","0.806261599063873","0.187780886888504","0","0","0.373951375484467"
"166.655990791321","-4.38776844143868","0.533943891525269","172","46.8898735046387","1.35064816474915","6216.64367675781","286.249839019775","0.938834726810455","7.99739503860474","0.0408022068440914","0.140676110982895","0.00762670207768679","0.491432934999466","0.00800931360572577","0","1.4139529466629","0.745210230350494","0.229198660352267","0.171501696109772","0.510871231555939","0.328935533761978",,,,,,,,,,,,,,,,,,,,,,,,"2.44588851928711","1.1430766582489","0","0","0.798074543476105","0.187109142541885","0","0","0.365464389324188"
"219.503835868835","-0.575150358490646","0.529050230979919","173","46.0168304443359","1.34064304828644","4774.97060241699","248.243969345093","0.946689665317535","8.06691741943359","0.0410064533352852","0.140608891844749","0.00771786132827401","0.490648865699768","0.00792678911238909","0","1.40912437438965","0.739171028137207","0.232933420455083","0.17130745947361","0.500111758708954","0.328783363103867",,,,,,,,,,,,,,,,,,,,,,,,"2.45868420600891","1.14789843559265","0","0","0.785191655158997","0.186897233128548","0","0","0.368554085493088"
"158.545826530457","-0.0982282535172999","0.540561497211456","174","46.8000602722168","1.38839530944824","5823.11541748047","272.442656707764","0.949799418449402","8.24226665496826","0.0415202639997005","0.140360459685326","0.00764568755403161","0.49104255437851","0.00796418823301792","0","1.42528104782104","0.755144834518433","0.278762784926221","0.172426149249077","0.550341308116913","0.330292671918869",,,,,,,,,,,,,,,,,,,,,,,,"2.48484492301941","1.16678631305695","0","0","0.819495141506195","0.188117727637291","0","0","0.38078248500824"
"234.102719783783","-0.546727141662268","0.541410803794861","175","46.090461730957","1.39621317386627","5839.61173095703","304.57490196228","0.946977257728577","8.24025821685791","0.0415297821164131","0.139974698424339","0.00757531775161624","0.48767963051796","0.00798467267304659","0","1.44631290435791","0.758348941802979","0.260258272942156","0.172435730695724","0.548317074775696","0.330317139625549",,,,,,,,,,,,,,,,,,,,,,,,"2.49614071846008","1.16807007789612","0","0","0.826464056968689","0.188128188252449","0","0","0.381620913743973"
"182.244624519348","-2.62298055589199","0.533949315547943","176","46.875659942627","1.36887145042419","8999.54586791992","316.809453964233","0.946631371974945","8.30161571502686","0.0416634753346443","0.141016528010368","0.00812534429132938","0.492329180240631","0.00798420421779156","0","1.41964137554169","0.751534104347229","0.237223680317402","0.171279639005661","0.522285997867584","0.328536480665207",,,,,,,,,,,,,,,,,,,,,,,,"2.45334219932556","1.15065693855286","0","0","0.811677038669586","0.186866879463196","0","0","0.370327562093735"
"157.188934707642","-4.19622077941895","0.532382428646088","177","46.265625","1.36213481426239","6272.8734375","289.386418533325","0.945969998836517","8.17761898040771","0.0413798131048679","0.139234364032745","0.00797593407332897","0.486205339431763","0.00788087956607342","0","1.43567645549774","0.746396541595459","0.2447828236036","0.171722516417503","0.516525506973267","0.329325616359711",,,,,,,,,,,,,,,,,,,,,,,,"2.46680235862732","1.15660679340363","0","0","0.800617456436157","0.187350064516068","0","0","0.374167293310165"
"189.995173072815","1.10709776380099","0.539169609546661","178","46.9671058654785","1.36678051948547","6475.5231628418","290.257944488525","0.943878173828125","8.27425479888916","0.0416331812739372","0.139811053872108","0.00799321196973324","0.493525594472885","0.00809841323643923","0","1.43307185173035","0.750252306461334","0.234997759852558","0.172271594405174","0.523550570011139","0.329944223165512",,,,,,,,,,,,,,,,,,,,,,,,"2.46392464637756","1.15002489089966","0","0","0.808910667896271","0.187949106097221","0","0","0.369920879602432"
"196.868795776367","-1.53254451248795","0.530477464199066","179","46.1749534606934","1.34885919094086","5861.9014831543","275.128338241577","0.942420780658722","8.33703231811523","0.041788388043642","0.140402182936668","0.00770019274204969","0.48952054977417","0.00795818213373423","0","1.41964304447174","0.742197096347809","0.275062021519989","0.171474039554596","0.541399419307709","0.329236000776291",,,,,,,,,,,,,,,,,,,,,,,,"2.46618747711182","1.15037548542023","0","0","0.79163384437561","0.187078952789307","0","0","0.370146423578262"
"169.801229667664","0.124085789639503","0.539434671401978","180","48.9682350158691","1.37980437278748","6756.4903137207","267.95846862793","0.948464453220367","8.47690391540527","0.0422004535794258","0.139964565634727","0.00794596690684557","0.486537158489227","0.00787001196295023","0","1.44890546798706","0.753498315811157","0.269889230979606","0.171834200620651","0.540561676025391","0.329262375831604","0.0824822336435318","0.213080704212189","0.870470106601715","0.281700491905212","0.00768751045688987","0.0256541334092617","0.00238616485148668","0.36940011382103","0.00291595957241952","0.300897985696793","0.149438574910164","0.0691237524151802","0.206386402249336","0.203156769275665","1.2483252286911","0.614369809627533","0","0","0.0320930741727352","0.0754143297672272","0","0","0.105573303997517","2.47685217857361","1.16006326675415","0","0","0.815925359725952","0.18747191131115","0","0","0.376407027244568"
"176.356978988647","-1.10166827165522","0.539505779743195","181","46.7139472961426","1.39346396923065","4832.57344665527","249.074976730347","0.952454686164856","8.24106597900391","0.0414883531630039","0.141077652573586","0.00774475419893861","0.48867654800415","0.0078170420601964","0","1.46013736724854","0.757427871227264","0.241240335861221","0.17223747074604","0.536648035049438","0.329801589250565",,,,,,,,,,,,,,,,,,,,,,,,"2.48305082321167","1.16726386547089","0","0","0.824457764625549","0.187911882996559","0","0","0.381094247102737"
"200.09063167572","-1.89129413962364","0.54222309589386","182","46.6927871704102","1.39029109477997","5823.31176147461","286.668165588379","0.946073412895203","8.48079013824463","0.0421698167920113","0.14102990925312","0.00762718077749014","0.49291655421257","0.00826568715274334","0","1.45286846160889","0.7552530169487","0.263570310827345","0.172964200377464","0.540749073028564","0.331056147813797",,,,,,,,,,,,,,,,,,,,,,,,"2.48664879798889","1.16843056678772","0","0","0.819729864597321","0.188704743981361","0","0","0.381856471300125"
"166.628760719299","0.236246198508888","0.532331466674805","183","46.283130645752","1.35229003429413","5857.03453369141","247.362004470825","0.949115097522736","8.61207866668701","0.0424908436834812","0.142222657799721","0.00789603590965271","0.495780915021896","0.00821315031498671","0","1.41832530498505","0.742568790912628","0.241573761973996","0.172163620591164","0.543488204479218","0.329243361949921",,,,,,,,,,,,,,,,,,,,,,,,"2.45541286468506","1.15330135822296","0","0","0.792426884174347","0.187831312417984","0","0","0.372031718492508"
"179.989055252075","3.34012323617935","0.534137189388275","184","46.0782775878906","1.37496399879456","9832.73753051758","353.392129516602","0.931490361690521","8.58358669281006","0.0424187444150448","0.142031863331795","0.00797114986926317","0.498899787664413","0.00831518042832613","0","1.43554615974426","0.749738156795502","0.288518930866849","0.172707378864288","0.53726989030838","0.330689817667007",,,,,,,,,,,,,,,,,,,,,,,,"2.47305631637573","1.16364848613739","0","0","0.807802259922028","0.188424557447433","0","0","0.378737181425095"
"175.982804679871","-3.00349367856979","0.534515023231506","185","46.5896415710449","1.36819219589233","9248.56050415039","309.944848251343","0.943857967853546","8.52771377563477","0.04224993288517","0.142344757914543","0.00815552100539207","0.500524282455444","0.0084247374907136","0","1.435955286026","0.747621357440948","0.251075516594574","0.171808674931526","0.551510095596313","0.32917708158493",,,,,,,,,,,,,,,,,,,,,,,,"2.48406958580017","1.16174757480621","0","0","0.803247213363647","0.187444046139717","0","0","0.377500861883163"
"250.806620025635","0.389848755858839","0.537463486194611","186","46.4420433044434","1.37879824638367","8091.84632568359","335.519367218018","0.940997362136841","8.93475151062012","0.0433772467076778","0.142345577478409","0.00816356111317873","0.490333467721939","0.00823785923421383","0","1.43021392822266","0.751122534275055","0.255100026680157","0.172967344522476","0.554377675056458","0.331221580505371",,,,,,,,,,,,,,,,,,,,,,,,"2.47894191741943","1.16451573371887","0","0","0.810788154602051","0.188708171248436","0","0","0.379301935434341"
"174.078405570984","4.06732499599457","0.535593330860138","187","46.7428779602051","1.36790466308594","6734.47395019531","264.943895721436","0.950291335582733","9.11316108703613","0.0437665805220604","0.144837722182274","0.00805720966309309","0.499046564102173","0.00843320786952972","0","1.42636442184448","0.747875928878784","0.262531959451735","0.170840010046959","0.585141479969025","0.328054010868073",,,,,,,,,,,,,,,,,,,,,,,,"2.48297214508057","1.16208958625793","0","0","0.803794324398041","0.186387240886688","0","0","0.377723127603531"
"160.733538246155","0.991792932269163","0.536104679107666","188","46.2395133972168","1.36503231525421","5862.0140625","285.661336517334","0.946560263633728","8.87221717834473","0.0431532897055149","0.14370308816433","0.00839541666209698","0.500275254249573","0.00851327367126942","0","1.41863346099854","0.749420523643494","0.262711355695501","0.171714127063751","0.56692111492157","0.329607158899307",,,,,,,,,,,,,,,,,,,,,,,,"2.46941614151001","1.15103888511658","0","0","0.807117938995361","0.187340900301933","0","0","0.370573461055756"
"175.347003746033","-3.16375263929367","0.542562067508698","189","46.7356147766113","1.38966679573059","6512.60763549805","287.268283462524","0.949611067771912","8.99147987365723","0.0434758104383945","0.143805488944054","0.0083222258836031","0.498381704092026","0.00845892075449228","0","1.44497001171112","0.757587373256683","0.272171057318337","0.172524943947792","0.605693578720093","0.330273509025574",,,,,,,,,,,,,,,,,,,,,,,,"2.48107171058655","1.16041660308838","0","0","0.824805021286011","0.188225492835045","0","0","0.376636326313019"
"159.276596832275","-1.45599522069097","0.528248727321625","190","48.2287330627441","1.33627557754517","4009.68319702148","243.14439201355","0.949357151985168","8.82156753540039","0.0430101864039898","0.143797650933266","0.00836123991757631","0.499310553073883","0.00854955147951841","0","1.40677905082703","0.737585961818695","0.272419210977387","0.170439228415489","0.593465507030487","0.327805638313293","0.0821381807327271","0.21132530272007","0.833234071731567","0.285239368677139","0.00768901687115431","0.0269778966903687","0.00246323412284255","0.381388604640961","0.0030917702242732","0.299815356731415","0.14911262691021","0.0679127797484398","0.217095628380775","0.201592266559601","1.24960589408875","0.613512694835663","0","0","0.031953226774931","0.0740931555628777","0","0","0.105278924107552","2.4533748626709","1.14781057834625","0","0","0.781827807426453","0.185949996113777","0","0","0.368497669696808"
"157.807223129272","-0.0379220663569868","0.526930153369904","191","46.9887008666992","1.32981729507446","4025.82679443359","238.734635162354","0.947262406349182","8.75596523284912","0.0428459756076336","0.143363833427429","0.00816923845559359","0.502717077732086","0.00859072525054216","0","1.40468978881836","0.734006404876709","0.262035077949986","0.170351892709732","0.572023332118988","0.328158318996429",,,,,,,,,,,,,,,,,,,,,,,,"2.46391177177429","1.14968907833099","0","0","0.774257779121399","0.185854703187943","0","0","0.369704842567444"
"199.781978034973","0.715877020359039","0.544395685195923","192","46.4617042541504","1.39494717121124","6721.03729248047","285.943831253052","0.948310494422913","8.91529178619385","0.0432487204670906","0.144287005066872","0.00830692891031504","0.49941822886467","0.00865275878459215","0","1.45126521587372","0.759419023990631","0.280068017961457","0.172259166836739","0.605580031871796","0.330051392316818",,,,,,,,,,,,,,,,,,,,,,,,"2.47797536849976","1.16284346580505","0","0","0.828798234462738","0.187935531139374","0","0","0.378213346004486"
"196.798755264282","-1.77216112241149","0.54128634929657","193","46.6976852416992","1.39030432701111","6065.35593261719","257.491018676758","0.952810645103455","8.79941177368164","0.0429267287254333","0.14436599612236","0.00861828867346048","0.510472536087036","0.00905640423297882","0","1.43476068973541","0.756432175636292","0.241302479128353","0.171410232782364","0.630606055259705","0.329004943370819",,,,,,,,,,,,,,,,,,,,,,,,"2.49140524864197","1.16712474822998","0","0","0.822291553020477","0.18700934946537","0","0","0.3810034096241"
"171.281322860718","4.33829552531242","0.537302672863007","194","47.1270866394043","1.36769640445709","5026.77888183594","253.630016326904","0.950207471847534","8.88471603393555","0.0431134328246117","0.14559243619442","0.0085421297699213","0.506086051464081","0.00872176885604858","0","1.41527891159058","0.748864531517029","0.290849216864444","0.172152101993561","0.599550604820251","0.329852014780045",,,,,,,,,,,,,,,,,,,,,,,,"2.46232581138611","1.15628147125244","0","0","0.805920779705048","0.187818735837936","0","0","0.373956859111786"
"206.985954856873","2.40244319736958","0.537001430988312","195","46.6096992492676","1.39086520671844","8372.24795532227","293.367334747314","0.953530132770538","8.45324802398682","0.041997879743576","0.143412739038467","0.00843622256070375","0.508116364479065","0.00890191085636616","0","1.44473338127136","0.757632315158844","0.296634710859507","0.171111568808556","0.682924032211304","0.328508913516998",,,,,,,,,,,,,,,,,,,,,,,,"2.4782018661499","1.16448020935059","0","0","0.824902892112732","0.186683520674706","0","0","0.379278808832169"
"182.94737071991","-1.23899121657014","0.536256730556488","196","46.6850051879883","1.37910985946655","5516.52026367188","263.49822769165","0.949614644050598","8.4707498550415","0.0421388074755669","0.141100242733955","0.00847780518233776","0.506061911582947","0.0088039031252265","0","1.44590950012207","0.752022922039032","0.245957264327444","0.171015217900276","0.644355535507202","0.328458458185196",,,,,,,,,,,,,,,,,,,,,,,,"2.48162984848022","1.16527736186981","0","0","0.812733173370361","0.186578392982483","0","0","0.379798293113708"
"182.670188713074","-1.97494563013315","0.54208904504776","197","46.4831161499023","1.39776265621185","6080.81657104492","269.025455093384","0.953191459178925","8.67658519744873","0.0425955876708031","0.144126415252686","0.00854453910142183","0.509491384029388","0.00906639453023672","0","1.44248867034912","0.760600924491882","0.257037978293374","0.171546056866646","0.624632060527802","0.328852415084839",,,,,,,,,,,,,,,,,,,,,,,,"2.48346304893494","1.1643979549408","0","0","0.831379890441895","0.187157541513443","0","0","0.379225224256516"
"155.06109828949","1.69204179942608","0.532123625278473","198","46.5599250793457","1.36134457588196","6201.76082458496","258.73727645874","0.95007449388504","8.5569019317627","0.0423327572643757","0.142319887876511","0.00848414096981287","0.515953183174133","0.00923349801450968","0","1.43450558185577","0.748135566711426","0.307465177355334","0.169059246778488","0.642522692680359","0.326136320829391",,,,,,,,,,,,,,,,,,,,,,,,"2.46872091293335","1.15410053730011","0","0","0.804352641105652","0.184444412589073","0","0","0.372547477483749"
"268.17555770874","-2.50208447575569","0.534584999084473","199","46.3658905029297","1.36423969268799","4807.62853393555","257.076093292236","0.949480712413788","8.96958351135254","0.0434243716299534","0.143590494990349","0.00870484951883554","0.514742851257324","0.00913299899548292","0","1.43766582012177","0.749373316764832","0.221724571147934","0.170452773571014","0.635749101638794","0.327443987131119",,,,,,,,,,,,,,,,,,,,,,,,"2.46710157394409","1.15210270881653","0","0","0.807016253471375","0.18596476316452","0","0","0.371258765459061"
"228.351378726959","-4.00944590568542","0.539916574954987","200","49.1816673278809","1.38689112663269","6709.88346252441","269.230672454834","0.952914297580719","8.96559810638428","0.0434097051620483","0.143688380718231","0.00857297889888287","0.51914644241333","0.00951055251061916","0","1.45086908340454","0.757080674171448","0.254491688171402","0.171521559357643","0.654751896858215","0.329279273748398","0.081621877849102","0.208774566650391","0.832664549350739","0.287129074335098","0.00769286649301648","0.0275864284485579","0.00236776773817837","0.390970051288605","0.00320159248076379","0.29826819896698","0.147910714149475","0.0672733709216118","0.228783339262009","0.200840011239052","1.22783207893372","0.609595477581024","0","0","0.0314401872456074","0.0733955577015877","0","0","0.103938817977905","2.46944665908813","1.15952575206757","0","0","0.823702037334442","0.187130823731422","0","0","0.376058280467987"
"191.327315044403","1.23388111852109","0.536982655525208","201","46.3937911987305","1.3748642206192","4871.41094360352","263.87831993103","0.949335217475891","9.33897113800049","0.0444068722426891","0.143979087471962","0.00849432684481144","0.510213434696198","0.00926295481622219","0","1.4511376619339","0.752257943153381","0.280513734207489","0.17103698849678","0.674082040786743","0.328215926885605",,,,,,,,,,,,,,,,,,,,,,,,"2.48056292533875","1.15792512893677","0","0","0.813241302967072","0.186602145433426","0","0","0.375020742416382"
"168.870219230652","-1.01575485682697","0.538629174232483","202","46.2143020629883","1.38064908981323","6044.02470703125","257.152983474731","0.955190777778625","9.09225463867188","0.0437154583632946","0.144694358110428","0.00815481878817081","0.512459099292755","0.00946689583361149","0","1.44133794307709","0.754692077636719","0.257962581980973","0.171198040246964","0.652895629405975","0.328528463840485",,,,,,,,,,,,,,,,,,,,,,,,"2.47004008293152","1.15844643115997","0","0","0.818512737751007","0.186777845025063","0","0","0.375358462333679"
"201.09951915741","3.07117786705494","0.537862598896027","203","46.601131439209","1.3841540813446","5905.70053100586","270.895739746094","0.951110422611237","8.99012660980225","0.0434580594301224","0.144167616963387","0.00848310627043247","0.522184371948242","0.00986459851264954","0","1.43630754947662","0.754094779491425","0.274965238757432","0.171273872256279","0.652200043201447","0.328835934400558",,,,,,,,,,,,,,,,,,,,,,,,"2.48360967636108","1.16570329666138","0","0","0.817217588424683","0.186860591173172","0","0","0.38007590174675"
"177.239318084717","-1.17635113596916","0.54075676202774","204","46.6721000671387","1.39079391956329","7766.42582397461","286.131774520874","0.95537930727005","9.10142135620117","0.043752908706665","0.144368931651115","0.00848074909299612","0.520063877105713","0.00966843590140343","0","1.4489563703537","0.757507860660553","0.277368902997114","0.171524986624718","0.675362050533295","0.32911816239357",,,,,,,,,,,,,,,,,,,,,,,,"2.47386240959167","1.1640944480896","0","0","0.824631869792938","0.187134549021721","0","0","0.379027515649796"
"255.056112098694","-0.68094459567219","0.533523619174957","205","46.6189117431641","1.35757172107697","4182.74799194336","248.668827438354","0.951110601425171","9.12103748321533","0.0438356213271618","0.143600136041641","0.00908574555069208","0.520445644855499","0.00944142322987318","0","1.42357218265533","0.744879007339478","0.19576616557315","0.17028534412384","0.666145265102386","0.32767379283905",,,,,,,,,,,,,,,,,,,,,,,,"2.46820425987244","1.15700399875641","0","0","0.797365248203278","0.185782104730606","0","0","0.374424308538437"
"168.11132774353","-1.90122562050819","0.533108472824097","206","46.1909484863281","1.3605592250824","5727.7059387207","250.082926177979","0.949356734752655","8.45813274383545","0.0420953929424286","0.141301363706589","0.00860205106437206","0.515631318092346","0.00929627567529678","0","1.43494415283203","0.745217621326447","0.266363179776818","0.170753300189972","0.60485965013504","0.328262329101563",,,,,,,,,,,,,,,,,,,,,,,,"2.46751594543457","1.15970754623413","0","0","0.79809033870697","0.18629264831543","0","0","0.376176208257675"
"182.917541980743","3.91093571782112","0.535246074199677","207","46.605037689209","1.36588370800018","6559.34507751465","248.134617233276","0.953612983226776","8.79848766326904","0.0429668836295605","0.143277272582054","0.00852327048778534","0.519304811954498","0.00946554634720087","0","1.44103801250458","0.749524116516113","0.302240960998461","0.170859202742577","0.672083616256714","0.329130351543427",,,,,,,,,,,,,,,,,,,,,,,,"2.46079087257385","1.1534606218338","0","0","0.807341158390045","0.186408162117004","0","0","0.372134447097778"
"233.371384811401","3.2331018447876","0.531469464302063","208","45.4855918884277","1.37050914764404","6253.70201416016","272.950220870972","0.947853744029999","8.56162452697754","0.0423107221722603","0.143212288618088","0.0086642624810338","0.526709496974945","0.00962343160063028","0","1.44403326511383","0.750235497951508","0.255884097260423","0.170432135462761","0.643437206745148","0.328180491924286",,,,,,,,,,,,,,,,,,,,,,,,"2.47902250289917","1.15896201133728","0","0","0.808874309062958","0.185942247509956","0","0","0.375692665576935"
"208.224569702148","-0.148231087438762","0.54117739200592","209","46.6885757446289","1.40092277526855","6335.87492675781","288.490905761719","0.9500373005867","8.66126155853271","0.0424792133271694","0.145970523357391","0.00866222847253084","0.528951346874237","0.00980984047055244","0","1.46606612205505","0.762455403804779","0.272958089411259","0.170463010668755","0.630620837211609","0.328024059534073",,,,,,,,,,,,,,,,,,,,,,,,"2.48885083198547","1.16483163833618","0","0","0.835439026355743","0.185975939035416","0","0","0.379507750272751"
"273.253726768494","-3.04184357523918","0.536988437175751","210","48.5395736694336","1.37311553955078","5869.77824707031","268.406420898437","0.949796676635742","8.88898468017578","0.0432492643594742","0.142415374517441","0.00878421403467655","0.516947388648987","0.00915692374110222","0","1.45288097858429","0.752748250961304","0.261865535005927","0.170264601707458","0.638595998287201","0.327435910701752","0.081526942551136","0.208355620503426","0.841399073600769","0.306108236312866","0.00797602534294128","0.0276856496930122","0.00242395373061299","0.402023792266846","0.00337952841073275","0.296622902154922","0.148026421666145","0.0669789984822273","0.238361999392509","0.200595587491989","1.23402333259583","0.609164297580719","0","0","0.0314893946051598","0.0730743929743767","0","0","0.103791832923889","2.46906399726868","1.15488564968109","0","0","0.814301669597626","0.185759454965591","0","0","0.373054474592209"
"139.874977493286","-1.57124221846461","0.537394881248474","211","47.2886619567871","1.37182176113129","5240.28864746094","248.603927612305","0.956749498844147","8.98615837097168","0.0434977523982525","0.142861247062683","0.00904344208538532","0.53029203414917","0.00959145464003086","0","1.43063342571259","0.752892076969147","0.265923500619829","0.170871078968048","0.598898530006409","0.328109413385391",,,,,,,,,,,,,,,,,,,,,,,,"2.45833325386047","1.15137147903442","0","0","0.814612984657288","0.186421126127243","0","0","0.370787680149078"
"151.902425003052","1.43178783841431","0.53968620300293","212","46.6688232421875","1.37815964221954","6348.11135864258","270.469969558716","0.95100736618042","9.20945739746094","0.044047337025404","0.144301041960716","0.00889537576586008","0.523460805416107","0.00955950189381838","0","1.44038343429565","0.751810014247894","0.315374041162431","0.171552419662476","0.629004836082458","0.329291522502899",,,,,,,,,,,,,,,,,,,,,,,,"2.48068618774414","1.16362524032593","0","0","0.812273025512695","0.187164470553398","0","0","0.378722101449966"
"264.042179298401","-0.953377899061888","0.529463350772858","213","46.7042427062988","1.34209001064301","5671.11331176758","256.948566818237","0.946504771709442","8.92420959472656","0.043385811150074","0.141369730234146","0.00877970457077026","0.523101985454559","0.00958578754216433","0","1.41117477416992","0.738866150379181","0.22487426083535","0.17080682516098","0.610703766345978","0.328403919935226",,,,,,,,,,,,,,,,,,,,,,,,"2.45869159698486","1.15200340747833","0","0","0.784544169902802","0.186351031064987","0","0","0.371194779872894"
"151.634178161621","2.03257059454918","0.536100745201111","214","46.4717483520508","1.37148749828339","4599.34919433594","251.560769271851","0.950409770011902","8.96961784362793","0.0434022285044193","0.144163355231285","0.00883650314062834","0.527469992637634","0.00968079175800085","0","1.43188691139221","0.750650763511658","0.302963220048696","0.171143904328346","0.63141930103302","0.328136116266251",,,,,,,,,,,,,,,,,,,,,,,,"2.47304487228394","1.15789091587067","0","0","0.809770047664642","0.186718791723251","0","0","0.37499862909317"
"171.825964450836","1.67370021045208","0.524605631828308","215","45.8976211547852","1.33360195159912","4050.01953125","214.379335403442","0.952828168869019","8.85370445251465","0.0431905351579189","0.141425877809525","0.00853441841900349","0.518213272094727","0.00947835110127926","0","1.41509997844696","0.734941482543945","0.29999266974628","0.170405626296997","0.635052263736725","0.328054189682007",,,,,,,,,,,,,,,,,,,,,,,,"2.46295070648193","1.15241003036499","0","0","0.77623176574707","0.185913324356079","0","0","0.371456861495972"
"178.189389228821","0.0334543642122298","0.532273232936859","216","46.7709541320801","1.34883987903595","4854.52901916504","241.314316177368","0.951767981052399","9.23456954956055","0.0440756306052208","0.145321562886238","0.00872025359421968","0.522666990756989","0.00968147814273834","0","1.41134798526764","0.743368327617645","0.28099079921376","0.170152425765991","0.616663634777069","0.328049600124359",,,,,,,,,,,,,,,,,,,,,,,,"2.45982146263123","1.14869904518127","0","0","0.794134378433228","0.185637086629868","0","0","0.369068384170532"
"195.520987892151","1.42710344642401","0.535236120223999","217","46.627685546875","1.36444640159607","5011.58426818848","240.450304412842","0.95332133769989","9.07462596893311","0.0436525568366051","0.145081624388695","0.00846447702497244","0.524663388729095","0.00993885472416878","0","1.42460370063782","0.747425734996796","0.273090403247625","0.171070948243141","0.608106195926666","0.328779071569443",,,,,,,,,,,,,,,,,,,,,,,,"2.46920418739319","1.15786266326904","0","0","0.802826941013336","0.186639189720154","0","0","0.374980300664902"
"150.2007396698","2.09436813145876","0.52627044916153","218","46.5279731750488","1.32946455478668","5168.31558837891","214.371545028687","0.953088581562042","9.09102153778076","0.0437191873788834","0.144511789083481","0.00858851615339518","0.52760899066925","0.0100172255188227","0","1.40973854064941","0.735199213027954","0.298628597147763","0.169823348522186","0.596979439258575","0.326684057712555",,,,,,,,,,,,,,,,,,,,,,,,"2.44785785675049","1.14611566066742","0","0","0.776776194572449","0.185278058052063","0","0","0.367410212755203"
"160.614311408997","-1.67882143184543","0.533039152622223","219","46.892692565918","1.36924612522125","4973.27162780762","255.307698059082","0.95304799079895","9.38309478759766","0.0444640703499317","0.145565718412399","0.00856614671647549","0.520308136940002","0.00962464511394501","0","1.4304940700531","0.750190436840057","0.297602874040604","0.170544803142548","0.615532457828522","0.327953577041626",,,,,,,,,,,,,,,,,,,,,,,,"2.46188545227051","1.15697228908539","0","0","0.808777213096619","0.186065167188644","0","0","0.374403804540634"
"159.650038146973","0.946087414585054","0.525925517082214","220","48.9595756530762","1.33563685417175","4588.38012695313","235.056151199341","0.953444361686707","8.99120044708252","0.0434424243867397","0.144644647836685","0.00857689324766397","0.532100558280945","0.00998144689947367","0","1.4069185256958","0.737137138843536","0.279338241741061","0.16991600394249","0.628161191940308","0.326648533344269","0.0811722204089165","0.206468611955643","0.891881763935089","0.295931130647659","0.00784135144203901","0.0272452346980572","0.00213506817817688","0.407632440328598","0.00351151381619275","0.295828104019165","0.147417813539505","0.0659249871969223","0.247732624411583","0.199653133749962","1.23497843742371","0.607757925987244","0","0","0.0312309898436069","0.0719244703650475","0","0","0.103313148021698","2.45588111877441","1.14918553829193","0","0","0.780876696109772","0.185379147529602","0","0","0.369381040334702"
"171.593007469177","-2.96272670328617","0.547232747077942","221","46.9680213928223","1.42041575908661","5877.81734008789","253.973896026611","0.959516823291779","8.800124168396","0.0428325980901718","0.146782383322716","0.00836179591715336","0.52253669500351","0.00977399293333292","0","1.46003293991089","0.768579185009003","0.244814662914723","0.173116236925125","0.635064959526062","0.331245899200439",,,,,,,,,,,,,,,,,,,,,,,,"2.49437308311462","1.16961681842804","0","0","0.8489128947258","0.18887060880661","0","0","0.382632225751877"
"179.511033630371","0.253803981421515","0.527108550071716","222","46.0752182006836","1.3413450717926","4368.7667175293","225.271024703979","0.954312443733215","8.59514617919922","0.0424413606524467","0.142278745770454","0.00823827367275953","0.52331554889679","0.00965698063373566","0","1.41901910305023","0.741188228130341","0.27814361685887","0.170299187302589","0.594843506813049","0.327594965696335",,,,,,,,,,,,,,,,,,,,,,,,"2.45972967147827","1.14401519298553","0","0","0.789483189582825","0.185797199606895","0","0","0.366064727306366"
"169.513122177124","-1.08733080986422","0.522000312805176","223","45.8688316345215","1.32662761211395","4985.59609375","284.728617095947","0.948057949542999","8.50752735137939","0.0421948470175266","0.142304092645645","0.00833712704479694","0.526574373245239","0.00945774745196104","0","1.38757514953613","0.73541784286499","0.276079953275621","0.16898187994957","0.565351486206055","0.325951486825943",,,,,,,,,,,,,,,,,,,,,,,,"2.45521664619446","1.14239585399628","0","0","0.777238368988037","0.184360012412071","0","0","0.365029156208038"
"209.290677833557","0.199477052409202","0.536218225955963","224","47.0371971130371","1.37710976600647","6239.1420715332","256.071017837524","0.949046075344086","8.60462379455566","0.0424196682870388","0.143500044941902","0.00822706893086433","0.524518132209778","0.00964530371129513","0","1.43673777580261","0.75251430273056","0.252005300298333","0.171079561114311","0.59794682264328","0.328982055187225",,,,,,,,,,,,,,,,,,,,,,,,"2.47799372673035","1.16046166419983","0","0","0.813795685768127","0.186648592352867","0","0","0.376665562391281"
"179.561775016785","-0.54695968546439","0.537457227706909","225","46.5304527282715","1.38703191280365","6564.06131286621","275.058738327026","0.952925324440002","8.54382133483887","0.0422405675053596","0.143720969557762","0.0082594333216548","0.510221064090729","0.00923354458063841","0","1.43526613712311","0.754950225353241","0.268939509568736","0.172419130802155","0.614244699478149","0.330542206764221",,,,,,,,,,,,,,,,,,,,,,,,"2.48599052429199","1.16535544395447","0","0","0.819072723388672","0.188110068440437","0","0","0.379849135875702"
"238.509415054321","-1.53427995964885","0.535723447799683","226","47.0030555725098","1.37681126594543","5527.95090332031","258.522539520264","0.95175164937973","8.86827659606934","0.0431322492659092","0.14396458864212","0.00873809028416872","0.518039464950562","0.00922701228410006","0","1.43865168094635","0.753628194332123","0.305657128058374","0.170339405536652","0.596058666706085","0.327343732118607",,,,,,,,,,,,,,,,,,,,,,,,"2.47343158721924","1.15752804279327","0","0","0.816206693649292","0.18584106862545","0","0","0.374763548374176"
"169.86350030899","-0.137350411654916","0.543155014514923","227","46.7702789306641","1.39606142044067","5825.32192077637","248.779404449463","0.958893239498138","8.71864223480225","0.0427476800978184","0.143233388662338","0.0087512070313096","0.517068326473236","0.00933490600436926","0","1.47533071041107","0.763846218585968","0.281853000819683","0.17105259001255","0.611598312854767","0.328679651021957",,,,,,,,,,,,,,,,,,,,,,,,"2.45936727523804","1.15162742137909","0","0","0.838489651679993","0.186619162559509","0","0","0.370952546596527"
"143.094502258301","-0.429591733776033","0.534182846546173","228","46.7807121276855","1.36556434631348","4182.53218383789","252.182752609253","0.951781034469604","8.9387264251709","0.043320756405592","0.144086256623268","0.00854979828000069","0.51413357257843","0.00925127323716879","0","1.42900824546814","0.74961644411087","0.276319795520976","0.171477973461151","0.627428650856018","0.329419612884521",,,,,,,,,,,,,,,,,,,,,,,,"2.46534609794617","1.15160965919495","0","0","0.807539999485016","0.187083259224892","0","0","0.37094110250473"
"219.578708076477","-0.79143825545907","0.54016524553299","229","46.8454742431641","1.38793468475342","4971.94806213379","236.075260925293","0.958987474441528","9.3220272064209","0.0443094670772552","0.14534305036068","0.00854935310781002","0.515862226486206","0.00955545343458652","0","1.43852663040161","0.75586873292923","0.239834736613557","0.172846660017967","0.637420475482941","0.33099639415741",,,,,,,,,,,,,,,,,,,,,,,,"2.48050260543823","1.16296315193176","0","0","0.821066975593567","0.188576489686966","0","0","0.378291189670563"
"163.970784759521","-1.73141183778644","0.531491994857788","230","48.6101570129395","1.36422693729401","4994.1526763916","246.67631111145","0.94959032535553","9.21487426757813","0.0440562255680561","0.144449234008789","0.00847333017736673","0.514443755149841","0.00923868268728256","0","1.42525374889374","0.746294975280762","0.260544255352579","0.171015128493309","0.689404428005219","0.328282594680786","0.0809374526143074","0.206588447093964","0.850672006607056","0.30654114484787","0.00801433529704809","0.0268879514187574","0.0022210874594748","0.397022724151611","0.00339588918723166","0.292562246322632","0.147341057658195","0.0663210526108742","0.258203119039536","0.200192451477051","1.22454857826233","0.606934487819672","0","0","0.0311984773725271","0.0723565742373466","0","0","0.103033386170864","2.47664713859558","1.16135990619659","0","0","0.800399720668793","0.186578303575516","0","0","0.377248883247375"
"199.039821815491","-2.78377104401588","0.534832000732422","231","46.4066505432129","1.36015439033508","3914.31848449707","216.496558761597","0.95478767156601","9.44643402099609","0.0446183569729328","0.145939543843269","0.00864347722381353","0.512854039669037","0.00933356303721666","0","1.41925716400146","0.7461838722229","0.268220672663301","0.172145545482635","0.662629425525665","0.329938441514969",,,,,,,,,,,,,,,,,,,,,,,,"2.46756076812744","1.15353357791901","0","0","0.800161242485046","0.187811583280563","0","0","0.372181475162506"
"171.97222366333","-2.05795632451773","0.537468671798706","232","46.9602546691895","1.3752099275589","6593.45820922852","259.570468902588","0.94825291633606","9.3985013961792","0.0445921421051025","0.143274441361427","0.00901054404675961","0.512548506259918","0.00924731884151697","0","1.44684314727783","0.751917362213135","0.265755529305898","0.171611532568932","0.69496887922287","0.329321175813675",,,,,,,,,,,,,,,,,,,,,,,,"2.473224401474","1.1586275100708","0","0","0.812505066394806","0.187228977680206","0","0","0.375475853681564"
"140.39246006012","-0.126388319022953","0.529944360256195","233","46.2123565673828","1.35876023769379","5024.60367431641","223.430751419067","0.957166075706482","9.42066287994385","0.0445084646344185","0.147012889385223","0.00868577230721712","0.512803018093109","0.00922143645584583","0","1.4253842830658","0.745331168174744","0.287584523530677","0.171654209494591","0.64057058095932","0.329113870859146",,,,,,,,,,,,,,,,,,,,,,,,"2.46371793746948","1.15503513813019","0","0","0.798333644866943","0.187275528907776","0","0","0.373151123523712"
"181.925854873657","-2.53589402735233","0.542638957500458","234","47.0850982666016","1.39183223247528","4482.0908416748","212.433823394775","0.960678994655609","9.8911600112915","0.0456855930387974","0.148575708270073","0.00866702757775784","0.513152480125427","0.00962875783443451","0","1.44437098503113","0.759574055671692","0.256027737539262","0.172423079609871","0.69944965839386","0.330589860677719",,,,,,,,,,,,,,,,,,,,,,,,"2.46333122253418","1.15724635124207","0","0","0.829136610031128","0.188114374876022","0","0","0.374581187963486"
"171.29863243103","0.100122010242194","0.529913306236267","235","46.8904457092285","1.34335994720459","4148.11196289063","217.900693130493","0.955003023147583","9.91562652587891","0.0457682609558105","0.148069873452187","0.00881845224648714","0.515186548233032","0.00956297107040882","0","1.40446424484253","0.739542245864868","0.271204775059596","0.17103622853756","0.62909334897995","0.327802777290344",,,,,,,,,,,,,,,,,,,,,,,,"2.46107196807861","1.15135645866394","0","0","0.785980641841888","0.186601310968399","0","0","0.37077796459198"
"191.392503356934","-0.858943725936115","0.534541666507721","236","47.2731437683105","1.36816382408142","5115.53538818359","254.457159042358","0.9538534283638","9.63892078399658","0.0451271906495094","0.145934790372849","0.00844288151711226","0.518026232719421","0.00965447258204222","0","1.44281423091888","0.748712241649628","0.295312547218055","0.172031939029694","0.642919540405273","0.329691708087921",,,,,,,,,,,,,,,,,,,,,,,,"2.46974635124207","1.15771269798279","0","0","0.805593132972717","0.187687635421753","0","0","0.37488317489624"
"177.128773117065","-0.833364695124328","0.527974009513855","237","46.8424835205078","1.34505653381348","4202.49223022461","214.561103820801","0.958995938301086","9.71795558929443","0.0453166253864765","0.146405264735222","0.00861541926860809","0.516726493835449","0.009781114757061","0","1.41760671138763","0.739494383335114","0.252721923496574","0.171746850013733","0.625420153141022","0.329142659902573",,,,,,,,,,,,,,,,,,,,,,,,"2.46062827110291","1.1529438495636","0","0","0.785878837108612","0.187376603484154","0","0","0.37180107831955"
"145.074293327332","-0.729540053755045","0.534447014331818","238","46.5434226989746","1.3638026714325","4895.69443359375","238.178841400146","0.953949868679047","9.85422706604004","0.0456134453415871","0.147950425744057","0.00852549728006124","0.51744019985199","0.00962636526674032","0","1.42024421691895","0.74823260307312","0.302700144890696","0.171579793095589","0.645584762096405","0.32923299074173",,,,,,,,,,,,,,,,,,,,,,,,"2.46099805831909","1.15332508087158","0","0","0.80456131696701","0.187194347381592","0","0","0.372047007083893"
"144.965067863464","-1.01149818226695","0.53180730342865","239","46.9311981201172","1.34935569763184","5146.61849975586","225.380344009399","0.951032936573029","10.1219310760498","0.0463136434555054","0.147696390748024","0.00868785940110683","0.516499638557434","0.00970827415585518","0","1.41501402854919","0.739750623703003","0.268663616105914","0.172196954488754","0.676263332366943","0.329805165529251",,,,,,,,,,,,,,,,,,,,,,,,"2.47058391571045","1.15799260139465","0","0","0.786423563957214","0.187867671251297","0","0","0.375064462423325"
"158.009227561951","-2.9698350071907","0.525862455368042","240","48.2300453186035","1.32958257198334","4410.74991149902","209.262516784668","0.953759014606476","9.7880163192749","0.0455505587160587","0.145045354962349","0.00867581646889448","0.522468745708466","0.00994192995131016","0","1.4067714214325","0.733148515224457","0.263193549960852","0.17163297533989","0.660477995872498","0.329174071550369","0.0809436291456223","0.206400990486145","0.879315614700317","0.315155833959579","0.00812588818371296","0.0272702798247337","0.00234887329861522","0.405646055936813","0.00352576491422951","0.292258620262146","0.14701521396637","0.066672220826149","0.272838354110718","0.200136706233025","1.21717524528503","0.60565859079361","0","0","0.031060641631484","0.0727396979928017","0","0","0.102600656449795","2.45776295661926","1.14996337890625","0","0","0.7724489569664","0.187252357602119","0","0","0.369881242513657"
"165.662166786194","-1.74235932081938","0.53670996427536","241","46.9939765930176","1.37667071819305","5199.56032714844","244.060346603394","0.954589068889618","10.2903318405151","0.0467489622533321","0.147530153393745","0.00929819699376822","0.514420688152313","0.00978536996990442","0","1.45237803459167","0.751215159893036","0.269425964262337","0.173567548394203","0.743469893932343","0.33096119761467",,,,,,,,,,,,,,,,,,,,,,,,"2.48191070556641","1.15992832183838","0","0","0.810988247394562","0.1893630027771","0","0","0.37631943821907"
"191.340625","-1.13251819787547","0.531745374202728","242","46.3305168151855","1.3580629825592","4508.47109985352","224.605820083618","0.955379724502563","10.2943868637085","0.0467672348022461","0.147313758730888","0.00920014176517725","0.518292307853699","0.0098450593650341","0","1.40698599815369","0.742988705635071","0.261220542341471","0.17176952958107","0.712316811084747","0.32917919754982",,,,,,,,,,,,,,,,,,,,,,,,"2.47926235198975","1.16149723529816","0","0","0.793323397636414","0.187401339411736","0","0","0.377338171005249"
"178.816970252991","-1.23865564838052","0.527106702327728","243","46.4408226013184","1.33876287937164","5731.394921875","263.614633560181","0.950194895267487","10.4597940444946","0.0471929721534252","0.147089034318924","0.00925648957490921","0.515576064586639","0.00968032702803612","0","1.40019714832306","0.736592233181","0.252031185058877","0.172118991613388","0.741799116134644","0.32977083325386",,,,,,,,,,,,,,,,,,,,,,,,"2.46482133865356","1.15210103988647","0","0","0.779722571372986","0.187782600522041","0","0","0.371257692575455"
"177.830576133728","1.38783599063754","0.537725031375885","244","46.6750869750977","1.37786316871643","6248.74067687988","240.169584655762","0.95670074224472","10.6253700256348","0.0475904867053032","0.147549688816071","0.00937230419367552","0.520445227622986","0.00986555684357882","0","1.4351943731308","0.752688109874725","0.294285782123916","0.172707587480545","0.802823841571808","0.329884052276611",,,,,,,,,,,,,,,,,,,,,,,,"2.4709312915802","1.15830481052399","0","0","0.814171612262726","0.188424780964851","0","0","0.375266760587692"
"185.780035400391","0.291076849307865","0.531135857105255","245","46.7907752990723","1.34359884262085","4396.14381408691","221.448100280762","0.95424610376358","10.5403099060059","0.0473859906196594","0.147332400083542","0.00890079606324434","0.506647408008575","0.00937935896217823","0","1.42449235916138","0.742461442947388","0.264485664479435","0.171842306852341","0.736113011837006","0.329062938690186",,,,,,,,,,,,,,,,,,,,,,,,"2.43556571006775","1.14065909385681","0","0","0.792197942733765","0.187480747699738","0","0","0.363920152187347"
"192.344453239441","-3.51614851653576","0.534491062164307","246","47.0655555725098","1.36278188228607","4780.45168151855","219.016932296753","0.959545850753784","10.3417224884033","0.0469061993062496","0.146793857216835","0.00892847031354904","0.512278258800507","0.00961711909621954","0","1.41918730735779","0.747001171112061","0.235417817905545","0.172691866755486","0.720527172088623","0.330417275428772",,,,,,,,,,,,,,,,,,,,,,,,"2.47007036209106","1.15396356582642","0","0","0.801915168762207","0.188407629728317","0","0","0.372459053993225"
"179.556716537476","1.87635816112161","0.535263776779175","247","46.3676109313965","1.36975228786469","5857.49330444336","287.888771820068","0.946849226951599","10.3867797851563","0.047032292932272","0.146456256508827","0.00897860247641802","0.510248899459839","0.00948894023895264","0","1.42710649967194","0.748292326927185","0.315850525302812","0.172895178198814","0.728367030620575","0.330592215061188",,,,,,,,,,,,,,,,,,,,,,,,"2.47742652893066","1.16010367870331","0","0","0.804689645767212","0.188629433512688","0","0","0.376433223485947"
"220.252444267273","-3.78698415756226","0.533813416957855","248","46.4588851928711","1.37126004695892","4838.05665893555","246.135271072388","0.955768406391144","10.2038660049438","0.0466429404914379","0.144429445266724","0.00890195369720459","0.507182061672211","0.00939527712762356","0","1.44888663291931","0.75253164768219","0.243889611959457","0.171481639146805","0.706548631191254","0.328953146934509",,,,,,,,,,,,,,,,,,,,,,,,"2.45495414733887","1.15067553520203","0","0","0.813833236694336","0.187087267637253","0","0","0.370339572429657"
"207.302409362793","-0.927217946737073","0.53206330537796","249","46.6927719116211","1.34891784191132","4745.44353942871","208.469007110596","0.960908710956573","10.4044017791748","0.0471195392310619","0.145275369286537","0.00903700105845928","0.52094691991806","0.00995701365172863","0","1.41455793380737","0.744260787963867","0.226974110165611","0.171320185065269","0.698018133640289","0.328647345304489",,,,,,,,,,,,,,,,,,,,,,,,"2.44845819473267","1.14385843276978","0","0","0.796042263507843","0.18691112101078","0","0","0.365964502096176"
"181.671600914001","-2.52087786495686","0.538554251194","250","49.3452224731445","1.38814508914948","5254.57607116699","236.464001846313","0.957951247692108","10.3345956802368","0.0468846820294857","0.146889001131058","0.00856977328658104","0.524019598960876","0.0102585954591632","0","1.45792710781097","0.756340861320496","0.254699981585145","0.172820970416069","0.719230175018311","0.330585718154907","0.0803514644503593","0.205434367060661","0.82194995880127","0.319499969482422","0.00815279968082905","0.0281819030642509","0.00210374337621033","0.40765580534935","0.00364616420120001","0.290227919816971","0.146388217806816","0.0665000751614571","0.278852015733719","0.199829772114754","1.22678697109222","0.604138255119324","0","0","0.0307962708175182","0.072551891207695","0","0","0.102086193859577","2.47708773612976","1.16175198554993","0","0","0.822092950344086","0.188548475503922","0","0","0.37750369310379"
"212.026329421997","-4.70648229122162","0.536810696125031","251","46.8916893005371","1.37046277523041","4451.19246826172","230.702696228027","0.953056752681732","10.3195991516113","0.0467704460024834","0.148950263857841","0.00876694545149803","0.516891777515411","0.00997566897422075","0","1.42452645301819","0.751462161540985","0.239863595808856","0.17145699262619","0.703318417072296","0.328315526247025",,,,,,,,,,,,,,,,,,,,,,,,"2.45707845687866","1.15306746959686","0","0","0.811521649360657","0.187060371041298","0","0","0.371880859136581"
"174.304245758057","2.63124000430107","0.535514891147614","252","47.3288841247559","1.36017155647278","4294.85609741211","239.848663330078","0.949341952800751","10.2498426437378","0.0466194227337837","0.148249745368958","0.00814454909414053","0.519428670406342","0.0101036140695214","0","1.42688941955566","0.748209834098816","0.328897239500657","0.172188371419907","0.699802219867706","0.329353392124176",,,,,,,,,,,,,,,,,,,,,,,,"2.45561599731445","1.1467250585556","0","0","0.804512321949005","0.187858313322067","0","0","0.367801010608673"
"177.987101459503","-1.00604063598439","0.526507794857025","253","46.3998069763184","1.33974742889404","5322.5076171875","225.936228942871","0.954934000968933","9.8437032699585","0.0455623343586922","0.148573413491249","0.00800589751452208","0.513114988803864","0.00983324088156223","0","1.39858150482178","0.737135231494904","0.307919475575909","0.171792820096016","0.713784098625183","0.328436195850372",,,,,,,,,,,,,,,,,,,,,,,,"2.46739912033081","1.15239632129669","0","0","0.780872583389282","0.187426745891571","0","0","0.371448069810867"
"163.867668151855","0.550013320788275","0.525338530540466","254","46.378360748291","1.33311140537262","4155.98465270996","208.280874252319","0.956524312496185","9.57076644897461","0.0448778718709946","0.147759437561035","0.00826297979801893","0.520849466323853","0.0103301284834743","0","1.42092502117157","0.737287282943726","0.272219132445753","0.171625897288322","0.656387329101563","0.328445225954056",,,,,,,,,,,,,,,,,,,,,,,,"2.4423725605011","1.14183664321899","0","0","0.781194865703583","0.187244653701782","0","0","0.364671856164932"
"152.614019584656","2.20095202028751","0.528534829616547","255","47.097412109375","1.35111606121063","5238.80377807617","236.417457962036","0.953300654888153","9.7869873046875","0.0454105101525784","0.148677200078964","0.00810275413095951","0.515933752059937","0.0100942207500339","0","1.4296178817749","0.74282705783844","0.323773826123215","0.172144889831543","0.688605964183807","0.329284846782684",,,,,,,,,,,,,,,,,,,,,,,,"2.46095085144043","1.15065598487854","0","0","0.792978227138519","0.187810868024826","0","0","0.370326936244965"
"205.244883346558","-1.70809948593378","0.530850470066071","256","46.4729156494141","1.35995709896088","4471.79561462402","217.000821304321","0.958265721797943","9.92325973510742","0.0457507260143757","0.149051070213318","0.00819080881774426","0.51696103811264","0.010152529925108","0","1.43662786483765","0.746187269687653","0.234904261957854","0.172665253281593","0.658181011676788","0.329921185970306",,,,,,,,,,,,,,,,,,,,,,,,"2.45328140258789","1.15233707427979","0","0","0.800168693065643","0.18837858736515","0","0","0.371409833431244"
"206.415108680725","-1.04756512567401","0.526397407054901","257","46.6458435058594","1.33826470375061","4252.0245300293","230.719356918335","0.955155313014984","10.0870685577393","0.0462227575480938","0.147737488150597","0.00847716815769672","0.515515923500061","0.00983664765954018","0","1.407310962677","0.738527357578278","0.260991721833125","0.171430245041847","0.647801697254181","0.328251928091049",,,,,,,,,,,,,,,,,,,,,,,,"2.44837021827698","1.14611327648163","0","0","0.783824861049652","0.187031179666519","0","0","0.367408663034439"
"164.68259601593","0.176069138376624","0.531005859375","258","46.2472114562988","1.36289644241333","4769.14659729004","235.479054260254","0.954366862773895","10.1142101287842","0.0463074147701263","0.147333323955536","0.00840968545526266","0.510367929935455","0.00969256926327944","0","1.42385506629944","0.747671484947205","0.266948675503954","0.172403424978256","0.679251194000244","0.329639971256256",,,,,,,,,,,,,,,,,,,,,,,,"2.46447229385376","1.15239703655243","0","0","0.803354978561401","0.188092932105064","0","0","0.371448516845703"
"183.932304763794","-1.7835758343339","0.528299570083618","259","46.8444328308105","1.35503435134888","4411.75776977539","231.033896255493","0.952952682971954","10.2180795669556","0.0464703887701035","0.150064200162888","0.00854090228676796","0.515881776809692","0.00970316398888826","0","1.41867363452911","0.741131186485291","0.297668341826648","0.17233744263649","0.7161785364151","0.329417109489441",,,,,,,,,,,,,,,,,,,,,,,,"2.48088574409485","1.16197991371155","0","0","0.789361596107483","0.188020944595337","0","0","0.37765184044838"
"204.856433677673","1.14397238530219","0.533908188343048","260","48.8019790649414","1.38308215141296","4204.50400390625","226.595071411133","0.959169805049896","9.95038414001465","0.0458124130964279","0.149275422096252","0.0085314717143774","0.516012787818909","0.00989218801259995","0","1.43161129951477","0.751266658306122","0.320362732838839","0.17326246201992","0.756959080696106","0.330308467149734","0.0803013071417809","0.205603137612343","0.846457898616791","0.329739481210709","0.00827326346188784","0.0288548860698938","0.00221760687418282","0.399196088314056","0.00346747064031661","0.290725231170654","0.146118521690369","0.0668604597449303","0.291870266199112","0.200343132019043","1.21800065040588","0.603809595108032","0","0","0.0306829009205103","0.0729450732469559","0","0","0.101975157856941","2.49392294883728","1.17010641098022","0","0","0.811099350452423","0.189030140638351","0","0","0.382952630519867"
"210.793554496765","-1.99440866662189","0.534382104873657","261","46.8792877197266","1.37365734577179","4976.0815612793","269.389459228516","0.952959299087524","10.221923828125","0.04659728333354","0.146931439638138","0.00865269917994738","0.511186480522156","0.00979843083769083","0","1.45940256118774","0.752314627170563","0.236772397067398","0.172811418771744","0.705311417579651","0.329872071743011",,,,,,,,,,,,,,,,,,,,,,,,"2.46335363388062","1.15287303924561","0","0","0.813363790512085","0.188538044691086","0","0","0.371755450963974"
"156.448413085937","0.738980343053117","0.531133592128754","262","46.507625579834","1.36294567584991","5817.31857299805","269.193997573853","0.954365670681","10.1179866790771","0.0462417043745518","0.149341106414795","0.00845373328775167","0.517208993434906","0.00984736625105143","0","1.43049025535583","0.748774647712708","0.296578859724104","0.171886891126633","0.695741593837738","0.328675270080566",,,,,,,,,,,,,,,,,,,,,,,,"2.45308637619019","1.14966416358948","0","0","0.805727362632751","0.187529385089874","0","0","0.369688838720322"
"174.119862270355","1.72138876318932","0.533359587192535","263","46.5086135864258","1.35931050777435","4787.84946594238","229.852449798584","0.954292058944702","10.450140953064","0.0470778457820415","0.149553537368774","0.00802476517856121","0.50424724817276","0.00949268974363804","0","1.41709959506989","0.743291676044464","0.321228013560176","0.174624279141426","0.672805845737457","0.332306265830994",,,,,,,,,,,,,,,,,,,,,,,,"2.46626472473145","1.15762150287628","0","0","0.79397052526474","0.190515890717506","0","0","0.374824076890945"
"175.158662796021","1.59390285462141","0.529743731021881","264","46.5407104492188","1.35802459716797","4412.13086853027","225.485010147095","0.952467739582062","10.0510911941528","0.0460793748497963","0.149089872837067","0.00816573575139046","0.512736856937408","0.00987577065825462","0","1.42184448242188","0.744028389453888","0.310236326977611","0.172279328107834","0.674647033214569","0.329465597867966",,,,,,,,,,,,,,,,,,,,,,,,"2.47231197357178","1.15715456008911","0","0","0.795545220375061","0.187957555055618","0","0","0.374521732330322"
"233.940803909302","-3.22718352079391","0.533669710159302","265","47.1292114257813","1.35720610618591","4921.02855224609","237.156427764893","0.957521021366119","10.4008092880249","0.0469605103135109","0.149363711476326","0.0083256009966135","0.514361262321472","0.00997200701385736","0","1.42117166519165","0.747240781784058","0.238448332017288","0.17317795753479","0.66765308380127","0.330348253250122",,,,,,,,,,,,,,,,,,,,,,,,"2.43581748008728","1.14366173744202","0","0","0.802429616451263","0.188937947154045","0","0","0.365838587284088"
"156.381925392151","0.75943198044406","0.530830085277557","266","46.441535949707","1.36073756217957","5029.66552734375","235.848224258423","0.95595371723175","10.4334573745728","0.0469865277409554","0.150870189070702","0.00850859936326742","0.514533579349518","0.00996105372905731","0","1.43351554870605","0.747878551483154","0.318810306303203","0.172366857528687","0.713699638843536","0.3293237388134",,,,,,,,,,,,,,,,,,,,,,,,"2.4455246925354","1.14841282367706","0","0","0.803800046443939","0.188053026795387","0","0","0.3688845038414"
"151.028307342529","-0.641762511525303","0.527108728885651","267","46.6094131469727","1.35288190841675","4683.28919067383","216.932289505005","0.954560518264771","10.4131574630737","0.0469888299703598","0.149440184235573","0.00856256112456322","0.513886034488678","0.0100020449608564","0","1.41355204582214","0.740273535251617","0.3021238272544","0.172770366072655","0.729707717895508","0.33015963435173",,,,,,,,,,,,,,,,,,,,,,,,"2.47556257247925","1.16075026988983","0","0","0.787535727024078","0.188493266701698","0","0","0.376852929592133"
"176.057219791412","1.92091493457556","0.536689341068268","268","46.7763595581055","1.37527143955231","5183.18208007813","236.799882888794","0.957724034786224","10.7010555267334","0.0476858168840408","0.150092750787735","0.008135836571455","0.506591320037842","0.00991225149482489","0","1.42988049983978","0.751502573490143","0.318392408639193","0.17379555106163","0.688774824142456","0.331245601177216",,,,,,,,,,,,,,,,,,,,,,,,"2.47256112098694","1.15642654895782","0","0","0.811608970165253","0.189611747860909","0","0","0.374050676822662"
"183.75533618927","-0.69606149867177","0.53058397769928","269","46.2084617614746","1.36756217479706","5073.7714050293","227.825019836426","0.956560611724854","10.2862310409546","0.0467635244131088","0.14685332775116","0.00819096155464649","0.513659834861755","0.0100198732689023","0","1.44030284881592","0.745416641235352","0.298516347492114","0.173078015446663","0.678393661975861","0.329960107803345",,,,,,,,,,,,,,,,,,,,,,,,"2.48406577110291","1.16591894626617","0","0","0.798516750335693","0.188828900456429","0","0","0.380216598510742"
"195.611771583557","-0.86861013751477","0.53591525554657","270","49.6322059631348","1.36704933643341","4675.17696838379","231.763125228882","0.9582160115242","10.5848789215088","0.0473816990852356","0.150479152798653","0.00848168600350618","0.513462841510773","0.00988313183188438","0","1.43321597576141","0.751056432723999","0.25884948503226","0.173095092177391","0.730359792709351","0.330560356378555","0.0800619944930077","0.205615729093552","0.880408585071564","0.343912303447723","0.00849430914968252","0.02833959646523","0.0020202100276947","0.413357943296432","0.00364702637307346","0.288875639438629","0.145484283566475","0.0677070468664169","0.298983097076416","0.201451659202576","1.20986604690552","0.601896286010742","0","0","0.0304171163588762","0.0738686993718147","0","0","0.101329900324345","2.45240354537964","1.14634346961975","0","0","0.810645461082458","0.188847541809082","0","0","0.367556303739548"
"127.458344459534","0.397353600506904","0.521999776363373","271","46.0866012573242","1.31427526473999","4637.89728393555","214.547790145874","0.951797127723694","10.5069169998169","0.0473070815205574","0.147202715277672","0.00831231661140919","0.510605871677399","0.00976153463125229","0","1.39107275009155","0.728250086307526","0.327190275257453","0.172586902976036","0.686537146568298","0.329633593559265",,,,,,,,,,,,,,,,,,,,,,,,"2.43017673492432","1.14050340652466","0","0","0.762161433696747","0.188293114304543","0","0","0.363820761442184"
"182.552069854736","-5.28355416059494","0.530375242233276","272","46.5713424682617","1.34621548652649","4695.73052368164","213.416986083984","0.958575367927551","10.4358797073364","0.0471061915159225","0.147816225886345","0.00847836025059223","0.509807765483856","0.00954846758395433","0","1.41676688194275","0.7433962225914","0.247216215357184","0.172121107578278","0.678671836853027","0.329471409320831",,,,,,,,,,,,,,,,,,,,,,,,"2.44894814491272","1.14115512371063","0","0","0.794193923473358","0.187784910202026","0","0","0.36423671245575"
"156.628364753723","2.7130584269762","0.529163300991058","273","46.2942771911621","1.34193599224091","4829.0132598877","232.834286117554","0.950206398963928","10.8472318649292","0.0480755008757114","0.14933717250824","0.00841981917619705","0.509950697422028","0.00994672160595655","0","1.4192521572113","0.738138020038605","0.304338826285675","0.173130035400391","0.709287583827972","0.330172479152679",,,,,,,,,,,,,,,,,,,,,,,,"2.45517015457153","1.15022826194763","0","0","0.782998621463776","0.188885658979416","0","0","0.370051681995392"
"156.453319072723","1.26246004789136","0.528713285923004","274","46.5026779174805","1.35266709327698","4430.63981323242","227.742091369629","0.954996824264526","10.7656936645508","0.0478882230818272","0.148946493864059","0.00823772419244051","0.504525423049927","0.00943797267973423","0","1.41700494289398","0.743435084819794","0.329350490588695","0.17334109544754","0.682809352874756","0.329916626214981",,,,,,,,,,,,,,,,,,,,,,,,"2.45088005065918","1.14901924133301","0","0","0.79427695274353","0.189115941524506","0","0","0.369274169206619"
"241.819127082825","-2.64518710672855","0.524144411087036","275","46.1935081481934","1.32984387874603","4943.59906616211","208.856312561035","0.956483781337738","10.8364696502686","0.0480771698057652","0.148559913039207","0.00795322097837925","0.501749396324158","0.00947494711726904","0","1.41038942337036","0.733810544013977","0.234000104060397","0.172596573829651","0.72910749912262","0.329598397016525",,,,,,,,,,,,,,,,,,,,,,,,"2.45062780380249","1.14656054973602","0","0","0.773844659328461","0.188303664326668","0","0","0.367695540189743"
"140.51965675354","-0.655324398260564","0.530842423439026","276","46.658275604248","1.3687686920166","5080.38375854492","215.163819503784","0.963115215301514","10.6732864379883","0.0476512871682644","0.149153113365173","0.00805729534476995","0.504795074462891","0.00953798554837704","0","1.43001210689545","0.749454617500305","0.30660103824921","0.173108533024788","0.700685203075409","0.330153346061707",,,,,,,,,,,,,,,,,,,,,,,,"2.46408677101135","1.15436017513275","0","0","0.807191431522369","0.188862204551697","0","0","0.37271511554718"
"171.94526386261","-0.743990289932117","0.534241378307343","277","46.596996307373","1.37721824645996","4353.05903320313","220.7713722229","0.958366215229034","10.6312093734741","0.0475872792303562","0.148037925362587","0.00802297797054052","0.503494203090668","0.00953258480876684","0","1.43698716163635","0.748832285404205","0.274915656587109","0.17516066133976","0.733502686023712","0.332591503858566",,,,,,,,,,,,,,,,,,,,,,,,"2.48303508758545","1.16599452495575","0","0","0.805851399898529","0.19110107421875","0","0","0.380265861749649"
"147.762521839142","0.160876477579586","0.530658185482025","278","46.8004417419434","1.33469152450562","3100.7159942627","193.609543228149","0.95526522397995","11.0438213348389","0.0486365519464016","0.147137925028801","0.00792466755956411","0.502809464931488","0.00955181289464235","0","1.42564511299133","0.73866480588913","0.293342008953914","0.173175126314163","0.689480185508728","0.330547571182251",,,,,,,,,,,,,,,,,,,,,,,,"2.43725323677063","1.13708019256592","0","0","0.784116566181183","0.188934862613678","0","0","0.361640065908432"
"156.19628200531","-2.10761237740517","0.524039268493652","279","46.8967094421387","1.33240699768066","4239.92828674316","195.376920318604","0.95757794380188","10.9443521499634","0.0483683086931705","0.147841304540634","0.00795706827193499","0.497651547193527","0.00934967119246721","0","1.41105628013611","0.732619822025299","0.277885900624096","0.17310456931591","0.6918123960495","0.330364316701889",,,,,,,,,,,,,,,,,,,,,,,,"2.46122908592224","1.15358364582062","0","0","0.771335244178772","0.188857898116112","0","0","0.372213840484619"
"169.318037796021","-2.38967517614365","0.521237969398499","280","48.1058006286621","1.32654345035553","3379.76706542969","195.046431541443","0.957589030265808","10.3761348724365","0.0469077453017235","0.149106711149216","0.0077796708792448","0.501085102558136","0.00959333218634129","0","1.38476920127869","0.72978937625885","0.269364884961396","0.173652857542038","0.687136292457581","0.331196397542953","0.0802707895636559","0.205311268568039","0.895381510257721","0.361279457807541","0.00871230755001307","0.0288881175220013","0.00186607148498297","0.414105772972107","0.00377204827964306","0.287631571292877","0.145910128951073","0.0673607364296913","0.308379024267197","0.201602131128311","1.2129830121994","0.601584494113922","0","0","0.0305954460054636","0.0734908729791641","0","0","0.101224951446056","2.45680975914001","1.15278816223145","0","0","0.765386760234833","0.189456060528755","0","0","0.371700674295425"
"161.695700454712","-0.192557728895918","0.522619307041168","281","46.8631248474121","1.32955896854401","3340.25992736816","191.42901763916","0.95648717880249","10.2566928863525","0.0466038249433041","0.149133294820786","0.00773920863866806","0.508968532085419","0.00979035533964634","0","1.4070338010788","0.732958972454071","0.290051415609196","0.173569902777672","0.644729554653168","0.330849856138229",,,,,,,,,,,,,,,,,,,,,,,,"2.44303441047668","1.14725935459137","0","0","0.772049605846405","0.189365565776825","0","0","0.368143856525421"
"147.423273277283","1.47669668346643","0.527932167053223","282","46.7033653259277","1.3499493598938","4325.79127807617","191.624760055542","0.962224125862122","10.223518371582","0.0464461334049702","0.151068985462189","0.00773533945903182","0.508180856704712","0.00972293689846992","0","1.43461000919342","0.740455150604248","0.258171157585457","0.173399165272713","0.666892468929291","0.330414205789566",,,,,,,,,,,,,,,,,,,,,,,,"2.46384954452515","1.15456569194794","0","0","0.787922263145447","0.189179301261902","0","0","0.372847825288773"
"150.82242231369","1.2003052524291","0.534594178199768","283","47.0299873352051","1.36748468875885","3331.33348999023","203.58360710144","0.958225548267365","10.3937511444092","0.0469447560608387","0.149308085441589","0.00797098036855459","0.49970617890358","0.00955564063042402","0","1.44618380069733","0.747365713119507","0.317378753982484","0.174667939543724","0.710255742073059","0.331972151994705",,,,,,,,,,,,,,,,,,,,,,,,"2.46994590759277","1.15669322013855","0","0","0.802698016166687","0.190563514828682","0","0","0.374223202466965"
"173.840134334564","-1.4180066361092","0.524977028369904","284","46.3915367126465","1.33597052097321","3848.28245849609","192.291513061523","0.959783673286438","10.2387180328369","0.0464435219764709","0.152151793241501","0.00778339616954327","0.50174605846405","0.00949932355433702","0","1.40159964561462","0.73421710729599","0.265040292590857","0.17427134513855","0.707027196884155","0.331772416830063",,,,,,,,,,,,,,,,,,,,,,,,"2.46561312675476","1.15191435813904","0","0","0.774702370166779","0.190130829811096","0","0","0.371137410402298"
"151.116236686707","-1.85458300560713","0.530452787876129","285","47.3045234680176","1.3463546037674","4191.10791320801","195.843089294434","0.960539042949677","10.5364151000977","0.0472277402877808","0.151348099112511","0.00801518652588129","0.503307342529297","0.00978792086243629","0","1.41064202785492","0.742082357406616","0.268985143397003","0.173880875110626","0.71764725446701","0.331417560577393",,,,,,,,,,,,,,,,,,,,,,,,"2.45335054397583","1.14275801181793","0","0","0.791389167308807","0.189704835414886","0","0","0.365260660648346"
"152.590658760071","0.998291913140565","0.521625578403473","286","46.6802520751953","1.33369338512421","3746.89717102051","201.590433120728","0.957511007785797","10.3293647766113","0.0467225275933743","0.150885209441185","0.00782893132418394","0.509184837341309","0.00970418751239777","0","1.42178356647491","0.734838426113129","0.310912525374442","0.172550722956657","0.703633844852448","0.329676926136017",,,,,,,,,,,,,,,,,,,,,,,,"2.45327234268188","1.14925503730774","0","0","0.776013970375061","0.18825364112854","0","0","0.369425773620605"
"144.035248565674","1.90539814829826","0.525816798210144","287","45.9327163696289","1.35497939586639","3778.00268554688","218.835791015625","0.957554340362549","10.1201992034912","0.046176228672266","0.151208847761154","0.00778329186141491","0.510299801826477","0.00981411337852478","0","1.42347991466522","0.742581009864807","0.321903290320188","0.17365263402462","0.747261643409729","0.330650955438614",,,,,,,,,,,,,,,,,,,,,,,,"2.46386218070984","1.15491044521332","0","0","0.792453050613403","0.189455822110176","0","0","0.373070508241653"
"175.244616317749","-0.116310035483912","0.527517676353455","288","46.6368255615234","1.34234154224396","4479.31996459961","230.512979125977","0.954764485359192","10.3085117340088","0.0466299317777157","0.151927813887596","0.00746928760781884","0.510768711566925","0.00981514062732458","0","1.42047441005707","0.741633117198944","0.295185847207904","0.173470929265022","0.694479703903198","0.330690711736679",,,,,,,,,,,,,,,,,,,,,,,,"2.4411416053772","1.13867127895355","0","0","0.790431201457977","0.189257591962814","0","0","0.362652808427811"
"243.98817281723","0.172515266586561","0.52667635679245","289","46.3462524414063","1.33922207355499","4506.99267883301","221.145781707764","0.953688561916351","10.6959629058838","0.0475345887243748","0.153798848390579","0.0080516692250967","0.503722190856934","0.00985017511993647","0","1.41631197929382","0.737706780433655","0.322794393450022","0.172779649496078","0.707082808017731","0.329819768667221",,,,,,,,,,,,,,,,,,,,,,,,"2.4476466178894","1.14802384376526","0","0","0.782084047794342","0.18850339949131","0","0","0.368634641170502"
"188.294768714905","-1.88320666775107","0.53233277797699","290","49.1537551879883","1.36292159557343","3628.20162353516","205.479169464111","0.952258348464966","10.4817962646484","0.0470920130610466","0.151305347681046","0.00783137790858746","0.50242680311203","0.00979219004511833","0","1.41990208625793","0.742219269275665","0.283568817703053","0.175570294260979","0.769995808601379","0.333208531141281","0.0800513550639153","0.205311417579651","0.895269691944122","0.366473078727722","0.00876656081527472","0.0293039064854383","0.00179496861528605","0.411979168653488","0.00371138285845518","0.284359127283096","0.145310342311859","0.067861370742321","0.323138475418091","0.202111795544624","1.20601010322571","0.600707173347473","0","0","0.0303444229066372","0.074037067592144","0","0","0.10092993080616","2.47773504257202","1.16511523723602","0","0","0.791681051254272","0.191548019647598","0","0","0.379692584276199"
"144.762509346008","-0.910594496876001","0.524376451969147","291","46.5786895751953","1.33647584915161","3870.12272949219","208.118697929382","0.955759644508362","10.7259035110474","0.0476146265864372","0.153655827045441","0.00762115232646465","0.499118536710739","0.00947263278067112","0","1.41103708744049","0.73507159948349","0.255982623901218","0.173344343900681","0.725111544132233","0.330387949943542",,,,,,,,,,,,,,,,,,,,,,,,"2.46020579338074","1.15146791934967","0","0","0.77650660276413","0.189119473099709","0","0","0.370849788188934"
"182.172234535217","2.43960688114166","0.524467825889587","292","46.7141036987305","1.33380603790283","3644.06657104492","199.205447769165","0.95500510931015","10.5597171783447","0.0472730584442616","0.151698261499405","0.007948930375278","0.506422460079193","0.00990337878465652","0","1.40945303440094","0.732586264610291","0.316003307141364","0.173534125089645","0.741752326488495","0.330743730068207",,,,,,,,,,,,,,,,,,,,,,,,"2.47382211685181","1.15513372421265","0","0","0.771264612674713","0.189326539635658","0","0","0.373214840888977"
"190.919282150269","-2.71188662946224","0.531459152698517","293","46.690788269043","1.35639417171478","3928.60959777832","203.947570800781","0.959242284297943","10.9078149795532","0.0480037219822407","0.155296221375465","0.00796634331345558","0.512136578559875","0.0101064536720514","0","1.42261517047882","0.743790447711945","0.266887168074027","0.174247369170189","0.792886912822723","0.33129820227623",,,,,,,,,,,,,,,,,,,,,,,,"2.46015739440918","1.15209376811981","0","0","0.795036494731903","0.190104678273201","0","0","0.37125301361084"
"154.884299468994","-1.74828231185675","0.519579648971558","294","46.4748649597168","1.31978368759155","3656.17135620117","201.347841262817","0.958498954772949","10.735821723938","0.0477748215198517","0.150021329522133","0.0078433258458972","0.504939198493958","0.00972052663564682","0","1.40051651000977","0.731075346469879","0.264734336058609","0.172035962343216","0.706020832061768","0.328666508197784",,,,,,,,,,,,,,,,,,,,,,,,"2.43893814086914","1.14079248905182","0","0","0.768086493015289","0.187692031264305","0","0","0.364005208015442"
"168.633909988403","-4.23582473993301","0.520295441150665","295","46.3987236022949","1.32661485671997","3281.74493103027","186.046046447754","0.958447754383087","10.5618486404419","0.0472404100000858","0.152705565094948","0.00797220505774021","0.504226326942444","0.00984007585793734","0","1.40208315849304","0.730777442455292","0.249129368504509","0.173109889030457","0.765716850757599","0.33026111125946",,,,,,,,,,,,,,,,,,,,,,,,"2.4577305316925","1.15059924125671","0","0","0.767460703849792","0.188863694667816","0","0","0.370290458202362"
"159.613151931763","2.02873337119818","0.527677237987518","296","46.8653755187988","1.34384405612946","3495.38661804199","199.721845626831","0.957095384597778","10.8764820098877","0.0480552650988102","0.151854947209358","0.00798929389566183","0.508953511714935","0.00991377141326666","0","1.42982983589172","0.739588558673859","0.310545571800321","0.172492012381554","0.77212131023407","0.329317361116409",,,,,,,,,,,,,,,,,,,,,,,,"2.45318841934204","1.14948797225952","0","0","0.786078989505768","0.188189581036568","0","0","0.369575500488281"
"215.319840240479","-2.09289975166321","0.529088199138641","297","46.3553352355957","1.35220897197723","4467.27989501953","215.994018554688","0.957336485385895","11.0354280471802","0.0483818612992764","0.153587371110916","0.00780447013676167","0.500746786594391","0.00963191874325275","0","1.41175734996796","0.741984903812408","0.260759376082569","0.174108847975731","0.742336213588715","0.331565141677856",,,,,,,,,,,,,,,,,,,,,,,,"2.46172332763672","1.15181636810303","0","0","0.791181206703186","0.189953565597534","0","0","0.371074229478836"
"132.073958683014","0.434513634932227","0.51983916759491","298","46.2845191955566","1.31695306301117","4695.80815124512","218.391641235352","0.953309535980225","11.0798025131226","0.0485663861036301","0.151526436209679","0.00790389347821474","0.500332891941071","0.00952133815735579","0","1.3935843706131","0.728259384632111","0.314868101710454","0.173065111041069","0.780839264392853","0.32974311709404",,,,,,,,,,,,,,,,,,,,,,,,"2.4440484046936","1.14384734630585","0","0","0.762180864810944","0.188814833760262","0","0","0.365957349538803"
"140.36387386322","-1.80812489390373","0.519960999488831","299","46.1951446533203","1.33600890636444","3802.44598693848","203.805826950073","0.95996481180191","10.8409614562988","0.0480765849351883","0.148881644010544","0.0080681974068284","0.502492845058441","0.00959988683462143","0","1.43347477912903","0.73708963394165","0.31457681087777","0.172211214900017","0.732120871543884","0.328801333904266",,,,,,,,,,,,,,,,,,,,,,,,"2.45484614372253","1.14602112770081","0","0","0.780776023864746","0.187883228063583","0","0","0.367349624633789"
"158.335309410095","0.999698742479086","0.527099609375","300","48.5770645141602","1.34722685813904","5407.79147033691","223.316073989868","0.956440627574921","11.6325836181641","0.0497308596968651","0.15614128112793","0.0079022403806448","0.494074016809464","0.00959983840584755","0","1.425537109375","0.73942232131958","0.29457634370774","0.174022793769836","0.775402426719666","0.331287235021591","0.0798982456326485","0.20380200445652","0.859375","0.370419025421143","0.0088180061429739","0.029349273070693","0.00181286886800081","0.409805804491043","0.00373449944891036","0.285045921802521","0.144821316003799","0.0674331858754158","0.338107794523239","0.201654329895973","1.20306825637817","0.598207116127014","0","0","0.0301405284553766","0.0735699161887169","0","0","0.100091554224491","2.4568395614624","1.15269649028778","0","0","0.785725653171539","0.189859658479691","0","0","0.371641546487808"
"192.071034812927","2.51379527151585","0.529627621173859","301","46.9810256958008","1.34961092472076","4507.60878295898","256.417169570923","0.944856584072113","11.6334323883057","0.0498542971909046","0.152800053358078","0.00828563887625933","0.49496978521347","0.00945540145039558","0","1.42135667800903","0.742254257202148","0.287426490779035","0.173661142587662","0.773890793323517","0.330680161714554",,,,,,,,,,,,,,,,,,,,,,,,"2.45161151885986","1.14764297008514","0","0","0.791755795478821","0.189465120434761","0","0","0.368390083312988"
"173.786288070679","0.467892193421721","0.535065591335297","302","46.926513671875","1.36165392398834","3821.70473022461","201.501513290405","0.95740282535553","11.268012046814","0.0489236898720264","0.154262885451317","0.00855277851223946","0.502177774906158","0.00972905103117228","0","1.42707335948944","0.745946049690247","0.245280114281923","0.174360647797585","0.800487637519836","0.331290602684021",,,,,,,,,,,,,,,,,,,,,,,,"2.45757985115051","1.15290224552155","0","0","0.799651384353638","0.190228268504143","0","0","0.371774256229401"
"123.489698600769","2.54353886246681","0.534706294536591","303","47.5641860961914","1.38690710067749","4594.18905639648","233.33607711792","0.957217752933502","11.1636257171631","0.0487289726734161","0.152666002511978","0.00858603790402412","0.497948050498962","0.00937965698540211","0","1.43894827365875","0.751541793346405","0.333649411331862","0.175210848450661","0.823483467102051","0.332354992628098",,,,,,,,,,,,,,,,,,,,,,,,"2.4907763004303","1.17179358005524","0","0","0.811693549156189","0.191155850887299","0","0","0.384057760238647"
"149.53560256958","-1.29129215714056","0.525374293327332","304","46.5721664428711","1.33821594715118","4086.7715637207","216.33299407959","0.95697546005249","11.2801465988159","0.0490526705980301","0.151538208127022","0.00846584793180227","0.49334329366684","0.00928672403097153","0","1.40299618244171","0.73586630821228","0.304339870996773","0.173797696828842","0.789814472198486","0.330987691879272",,,,,,,,,,,,,,,,,,,,,,,,"2.4625129699707","1.15079319477081","0","0","0.778186500072479","0.189614087343216","0","0","0.370415329933167"
"167.401019096375","1.66018484085798","0.52699476480484","305","45.9422340393066","1.34881460666656","4473.93264160156","207.225258636475","0.959961831569672","10.8850507736206","0.0480731539428234","0.151942506432533","0.00809512101113796","0.495943963527679","0.00941430684179068","0","1.42466247081757","0.740626513957977","0.297918685059994","0.173155143857002","0.750004053115845","0.330031722784042",,,,,,,,,,,,,,,,,,,,,,,,"2.46430993080139","1.15265452861786","0","0","0.788287043571472","0.188913062214851","0","0","0.371614515781403"
"130.397566795349","0.858488157205284","0.523361623287201","306","46.4093322753906","1.33943402767181","3904.66109313965","193.853363227844","0.96248984336853","11.0265197753906","0.0484025441110134","0.152439653873444","0.00801394134759903","0.495074540376663","0.00931490864604712","0","1.39527106285095","0.734464704990387","0.316353243170306","0.173336640000343","0.82732218503952","0.330720603466034",,,,,,,,,,,,,,,,,,,,,,,,"2.47289609909058","1.15804445743561","0","0","0.775224924087524","0.189111083745956","0","0","0.375098079442978"
"144.644911766052","0.332636129975435","0.529365837574005","307","46.9246940612793","1.34459173679352","4678.34126586914","218.581307220459","0.9523885846138","11.4946031570435","0.0495367497205734","0.152418807148933","0.00812710821628571","0.496866583824158","0.00954836327582598","0","1.42469882965088","0.738391816616058","0.312312430236489","0.174875944852829","0.749571621417999","0.332113176584244",,,,,,,,,,,,,,,,,,,,,,,,"2.4574031829834","1.15055823326111","0","0","0.783537149429321","0.190790459513664","0","0","0.370264053344727"
"197.402667236328","-2.4552490234375","0.522246479988098","308","46.2685279846191","1.32970070838928","3692.65526428223","188.752315711975","0.961419880390167","11.2835655212402","0.0490970090031624","0.150537684559822","0.00831828080117702","0.496419459581375","0.00939127802848816","0","1.39604485034943","0.732423305511475","0.267474990244955","0.173650369048119","0.773887038230896","0.330611854791641",,,,,,,,,,,,,,,,,,,,,,,,"2.46093153953552","1.14909958839417","0","0","0.770921528339386","0.189453363418579","0","0","0.36932584643364"
"139.805935096741","-0.305920965969563","0.526103019714355","309","46.7858047485352","1.34462952613831","4112.16657714844","238.638348388672","0.959926724433899","11.2832450866699","0.0491135492920876","0.150054678320885","0.00830681808292866","0.502641677856445","0.00961046759039164","0","1.39503610134125","0.739680230617523","0.286792839318514","0.17382250726223","0.766677558422089","0.331017017364502",,,,,,,,,,,,,,,,,,,,,,,,"2.45775508880615","1.14814805984497","0","0","0.786273956298828","0.189641162753105","0","0","0.368714421987534"
"166.107147026062","-1.56888646557927","0.524624645709991","310","49.0863265991211","1.32527661323547","3885.89763793945","201.225901412964","0.95456337928772","10.8856658935547","0.0481085702776909","0.151023894548416","0.00821182690560818","0.496270567178726","0.00918961223214865","0","1.40143585205078","0.730984508991241","0.314819180965424","0.174020662903786","0.765687823295593","0.331419110298157","0.079551137983799","0.20359793305397","0.919772088527679","0.36506462097168","0.00874874368309975","0.0292719081044197","0.00190236873459071","0.408684074878693","0.00367674580775201","0.283283114433289","0.143837302923203","0.0679354593157768","0.349435985088348","0.20223331451416","1.19565105438232","0.59717869758606","0","0","0.0297323279082775","0.07411789894104","0","0","0.0997477099299431","2.44833922386169","1.14629256725311","0","0","0.767895638942719","0.189857348799706","0","0","0.367523610591888"
"193.989480209351","-1.90625500530005","0.528132796287537","311","46.6764945983887","1.33996796607971","3431.59093933105","192.286932563782","0.959347784519196","11.2466020584106","0.0488928258419037","0.153692066669464","0.00846979301422834","0.501923799514771","0.00930213555693626","0","1.41594886779785","0.742421984672546","0.27224690169096","0.172376021742821","0.730474054813385","0.329002380371094",,,,,,,,,,,,,,,,,,,,,,,,"2.43217444419861","1.1341700553894","0","0","0.792113661766052","0.18806304037571","0","0","0.359791338443756"
"254.466240692139","-0.857257244549692","0.521514415740967","312","46.5811157226563","1.33009731769562","4061.12483825684","191.988480758667","0.958971500396729","10.5647115707397","0.0473703220486641","0.149424359202385","0.00815294217318296","0.493422657251358","0.00914900936186314","0","1.41647171974182","0.734046697616577","0.221147098019719","0.172276347875595","0.745553851127625","0.329404562711716",,,,,,,,,,,,,,,,,,,,,,,,"2.45649123191833","1.14672386646271","0","0","0.774342775344849","0.187954291701317","0","0","0.367800265550613"
"240.364049720764","-3.0875133484602","0.529541075229645","313","46.9084320068359","1.35108959674835","3852.44766235352","196.129783630371","0.959152221679688","10.9712800979614","0.0483590811491013","0.149928361177444","0.00847630016505718","0.494378536939621","0.00918207317590714","0","1.43211817741394","0.743984162807465","0.230175840156153","0.173849865794182","0.751195192337036","0.330793261528015",,,,,,,,,,,,,,,,,,,,,,,,"2.45026206970215","1.14386379718781","0","0","0.795450687408447","0.189670994877815","0","0","0.365967869758606"
"198.20445690155","1.2048033926636","0.52321195602417","314","46.7811965942383","1.33714115619659","3191.54666137695","196.900238800049","0.956472516059875","10.9099626541138","0.0481791235506535","0.150732085108757","0.00836339592933655","0.493917107582092","0.00921332743018866","0","1.40344405174255","0.734106361865997","0.325716199353337","0.174097508192062","0.748860955238342","0.330987364053726",,,,,,,,,,,,,,,,,,,,,,,,"2.46908020973206","1.15438556671143","0","0","0.774468541145325","0.189941182732582","0","0","0.372731477022171"
"139.736945152283","0.368080491712317","0.530430912971497","315","46.493049621582","1.36371254920959","4142.05498962402","206.532304763794","0.961229622364044","10.7240295410156","0.0476747490465641","0.151931375265121","0.00858886167407036","0.495505928993225","0.00922717805951834","0","1.43382823467255","0.745863616466522","0.28806744874455","0.174664214253426","0.764655351638794","0.332019120454788",,,,,,,,,,,,,,,,,,,,,,,,"2.46827840805054","1.15585112571716","0","0","0.799474596977234","0.190559446811676","0","0","0.373678505420685"
"194.058757591248","0.705805853102356","0.526220977306366","316","47.3402404785156","1.32763743400574","3716.86403503418","184.748091888428","0.960035860538483","11.2838325500488","0.0489622317254543","0.154257118701935","0.00846634618937969","0.499464005231857","0.00938655529171228","0","1.40348613262177","0.734804093837738","0.275573381455615","0.172830775380135","0.743279933929443","0.329274505376816",,,,,,,,,,,,,,,,,,,,,,,,"2.4443371295929","1.13943099975586","0","0","0.775941431522369","0.188559159636497","0","0","0.363136887550354"
"139.052377128601","1.20177868455648","0.528878092765808","317","46.0160102844238","1.3522629737854","4537.68626403809","190.342115402222","0.960166752338409","10.7805776596069","0.0477958843111992","0.152448832988739","0.00844420772045851","0.492108821868896","0.00900022778660059","0","1.44015777111053","0.743081986904144","0.314044655533507","0.173997566103935","0.745434939861298","0.331017762422562",,,,,,,,,,,,,,,,,,,,,,,,"2.45051050186157","1.14844989776611","0","0","0.793522596359253","0.189832150936127","0","0","0.368908286094666"
"168.464266777039","0.612907365889987","0.526516616344452","318","46.4784317016602","1.33770406246185","2925.63807678223","174.715466308594","0.961402356624603","10.9729166030884","0.048271905630827","0.15241651237011","0.00834265537559986","0.49609711766243","0.00942712090909481","0","1.41713380813599","0.737065553665161","0.271066351979971","0.17378069460392","0.696989715099335","0.330840408802032",,,,,,,,,,,,,,,,,,,,,,,,"2.45473337173462","1.14607405662537","0","0","0.780725002288818","0.189595550298691","0","0","0.367383509874344"
"116.403683662415","-1.38916685549193","0.516819298267365","319","46.4052734375","1.31565797328949","2959.66862182617","172.028453636169","0.964378833770752","10.8834533691406","0.0481272041797638","0.150367170572281","0.00836779456585646","0.50082403421402","0.0092942388728261","0","1.38318717479706","0.727879703044891","0.307099952967837","0.171963825821877","0.698557198047638","0.328557193279266",,,,,,,,,,,,,,,,,,,,,,,,"2.46032524108887","1.14494228363037","0","0","0.761386334896088","0.18761333823204","0","0","0.366658329963684"
"137.075698280334","-0.447227880358696","0.526149988174438","320","48.1339263916016","1.3509715795517","4015.68777770996","206.684762191772","0.958298921585083","10.8479738235474","0.047986626625061","0.151807174086571","0.00831548031419516","0.498246103525162","0.00920433085411787","0","1.44408893585205","0.740719437599182","0.293068904662505","0.173871114850044","0.726920902729034","0.330493062734604","0.079616092145443","0.204806596040726","0.903712093830109","0.385390788316727","0.00899122748523951","0.0300189331173897","0.00194910727441311","0.414105772972107","0.00383024639450014","0.28316730260849","0.144212871789932","0.0686391517519951","0.365856230258942","0.202927365899086","1.19869422912598","0.598032593727112","0","0","0.0298877954483032","0.0748856291174889","0","0","0.100033164024353","2.45720314979553","1.15448021888733","0","0","0.788484811782837","0.189694181084633","0","0","0.372792601585388"
"176.61164894104","-1.33476482853293","0.528901219367981","321","46.7453765869141","1.35005056858063","3384.59577026367","198.402437400818","0.958910942077637","11.497820854187","0.0495458692312241","0.152379438281059","0.00822474900633097","0.492431461811066","0.00917025003582239","0","1.43361735343933","0.743867993354797","0.270028668874875","0.174793213605881","0.707859337329865","0.332059890031815",,,,,,,,,,,,,,,,,,,,,,,,"2.45308065414429","1.14101624488831","0","0","0.795202255249023","0.190700203180313","0","0","0.364148050546646"
"177.923316478729","-1.34564914777875","0.52190226316452","322","45.8422317504883","1.32794582843781","3727.2413482666","198.694679641724","0.955914855003357","11.2412023544312","0.0489712730050087","0.151184037327766","0.00854257121682167","0.491430222988129","0.00900750048458576","0","1.4080491065979","0.731607675552368","0.273884456325322","0.17425648868084","0.754932343959808","0.330563962459564",,,,,,,,,,,,,,,,,,,,,,,,"2.45484733581543","1.14800989627838","0","0","0.769205451011658","0.190114632248878","0","0","0.368625700473785"
"152.206507968903","0.826178888743743","0.528929650783539","323","47.1179237365723","1.33618426322937","3079.13753051758","193.933080673218","0.956457793712616","11.6989660263062","0.0499747581779957","0.153779268264771","0.00856025516986847","0.493781507015228","0.00906403549015522","0","1.42488765716553","0.739090323448181","0.346197003033012","0.174724936485291","0.73206090927124","0.331812083721161",,,,,,,,,,,,,,,,,,,,,,,,"2.43195867538452","1.13534688949585","0","0","0.785020291805267","0.190625712275505","0","0","0.360538363456726"
"122.918539333344","-0.236868747882545","0.528181374073029","324","46.9478454589844","1.34408032894135","3329.1240020752","202.469552612305","0.960128366947174","11.9285011291504","0.0506031140685081","0.151327192783356","0.00840891245752573","0.488111555576324","0.00910703837871552","0","1.40715801715851","0.73982173204422","0.314998507779092","0.174965292215347","0.801789879798889","0.332120150327682",,,,,,,,,,,,,,,,,,,,,,,,"2.44984745979309","1.14487862586975","0","0","0.78657478094101","0.190887942910194","0","0","0.366617530584335"
"127.491423416138","-0.97690479978919","0.525112330913544","325","47.0079498291016","1.33805525302887","4478.93645935059","208.288549041748","0.957690298557281","12.085355758667","0.0509073585271835","0.153098225593567","0.0084172086790204","0.486133933067322","0.00880290847271681","0","1.4116473197937","0.735668480396271","0.29612749805674","0.174519300460815","0.756867051124573","0.331361830234528",,,,,,,,,,,,,,,,,,,,,,,,"2.46176743507385","1.14997041225433","0","0","0.777768135070801","0.19040136039257","0","0","0.369885802268982"
"176.104521751404","-2.80862750709057","0.521251380443573","326","64.4991912841797","1.37634742259979","3965.2690612793","293.813655853271","0.932584583759308","11.6752281188965","0.0499514527618885","0.152860224246979","0.00848404970020056","0.479296118021011","0.00882324483245611","14.2129143238068","1.41623342037201","0.730323553085327","0.291717453207821","0.173719555139542","0.764779090881348","0.330885708332062",,,,,,,,,,,,,,,,,,,,,,,,"2.45521283149719","1.14686226844788","0","0","0.724754214286804","0.179605647921562","0.122476011514664","0","0.349511653184891"
"182.975471687317","-2.62992251217365","0.52264815568924","327","63.7188148498535","1.36889600753784","4222.6161315918","276.918810272217","0.941681444644928","12.2441320419312","0.0512198060750961","0.15469154715538","0.00842964556068182","0.479337215423584","0.00859051570296288","14.4758297681808","1.38745129108429","0.730983853340149","0.276164524396881","0.174719840288162","0.748975813388824","0.332132577896118",,,,,,,,,,,,,,,,,,,,,,,,"2.43264079093933","1.13486063480377","0","0","0.726065337657928","0.180639818310738","0.119956016540527","0","0.342234790325165"
"136.02834186554","0.938215022906661","0.521372556686401","328","62.6534385681152","1.3805593252182","6909.54083862305","301.338352966309","0.949798703193665","11.4286012649536","0.0493905879557133","0.152084171772003","0.00816301628947258","0.479634433984756","0.0085800988599658","15.0352508068085","1.40087687969208","0.7322016954422","0.308825429715216","0.174608618021011","0.735104620456696","0.331646978855133",,,,,,,,,,,,,,,,,,,,,,,,"2.46227526664734","1.15391361713409","0","0","0.728486657142639","0.180524826049805","0.117725096642971","0","0.353822737932205"
"169.042702293396","-2.75689136981964","0.52192348241806","329","63.5248374938965","1.36906981468201","4800.99985046387","280.339385223389","0.947743892669678","12.2392988204956","0.0512665659189224","0.153044044971466","0.00811697356402874","0.481433868408203","0.00855065602809191","16.5378149271011","1.38548421859741","0.730774760246277","0.295928114559501","0.173345163464546","0.737644731998444","0.330010235309601",,,,,,,,,,,,,,,,,,,,,,,,"2.45380616188049","1.14119875431061","0","0","0.725649952888489","0.179218575358391","0.118133045732975","0","0.346068233251572"
"166.226203727722","0.903092961385846","0.52271568775177","330","66.2853775024414","1.35503041744232","3398.56513366699","233.491773605347","0.949131369590759","11.4620685577393","0.0494535006582737","0.152565732598305","0.00812729354947805","0.486930429935455","0.00893847364932299","14.9987462043762","1.40670359134674","0.728836119174957","0.290637182840146","0.173731714487076","0.70258903503418","0.33114954829216","0.0796202570199966","0.250233590602875","0.898675978183746","0.377031773328781","0.00889057945460081","0.0297581125050783","0.00197446555830538","0.406534075737","0.0036600639577955","0.281684815883636","0.144562020897865","0.068731501698494","0.365855842828751","0.202843979001045","1.20055508613586","0.598320662975311","0","0","0.0283967442810535","0.0710603147745132","0.0556488260626793","0","0.0951277166604996","2.4344789981842","1.13291692733765","0","0","0.721805036067963","0.17961822450161","0.112543679773808","0","0.341063499450684"
"177.003215312958","-0.678367348783649","0.52364319562912","331","63.0931625366211","1.37579381465912","3706.05800170898","232.665369796753","0.956308007240295","11.4141759872437","0.0492867492139339","0.153987988829613","0.00800349749624729","0.477714478969574","0.00840397085994482","14.6187649250031","1.4090176820755","0.736801743507385","0.301226287335157","0.17358024418354","0.687470018863678","0.330555468797684",,,,,,,,,,,,,,,,,,,,,,,,"2.45295929908752","1.14530396461487","0","0","0.737668812274933","0.179461628198624","0.110100924968719","0","0.348562479019165"
"134.984185028076","1.03661558553576","0.528242528438568","332","63.7133560180664","1.40605270862579","5707.15151367188","277.811094665527","0.949504911899567","11.1215524673462","0.0485820397734642","0.153869196772575","0.00815708842128515","0.484180450439453","0.00874303840100765","13.8175442457199","1.44044923782349","0.743310153484344","0.311680148274172","0.175169989466667","0.722207605838776","0.332594126462936",,,,,,,,,,,,,,,,,,,,,,,,"2.47784876823425","1.16154909133911","0","0","0.750758588314056","0.181105211377144","0.115668259561062","0","0.358520686626434"
"149.753241729736","1.93657131195068","0.527442157268524","333","63.8422584533691","1.36460363864899","3979.01879882813","233.255752563477","0.94808030128479","11.702320098877","0.0499479733407497","0.15473972260952","0.00780147546902299","0.477155327796936","0.00857118610292673","14.6540233612061","1.40508425235748","0.735052227973938","0.348602089285851","0.17524690926075","0.664332747459412","0.332709908485413",,,,,,,,,,,,,,,,,,,,,,,,"2.43270540237427","1.13585305213928","0","0","0.734169840812683","0.181184738874435","0.106415376067162","0","0.342833638191223"
"124.602874565125","3.3286580234766","0.522356927394867","334","62.648365020752","1.3691121339798","4823.84858093262","256.059281158447","0.949726998806","11.3696928024292","0.0491342209279537","0.155220195651054","0.00813338253647089","0.481268435716629","0.0085035003721714","15.1155152320862","1.398850440979","0.732525587081909","0.344422068400308","0.174779608845711","0.685412585735321","0.331931620836258",,,,,,,,,,,,,,,,,,,,,,,,"2.45404076576233","1.14687931537628","0","0","0.729131281375885","0.180701613426208","0.109757281839848","0","0.349521994590759"
"171.821519088745","-3.56103510856628","0.522134840488434","335","63.1990699768066","1.35792291164398","5019.98577270508","253.98620300293","0.941409111022949","10.9791641235352","0.0483026616275311","0.151998817920685","0.00791979487985373","0.480754137039185","0.00836561806499958","13.9058785200119","1.4028434753418","0.72842139005661","0.257450861949474","0.174048706889153","0.664673209190369","0.331199198961258",,,,,,,,,,,,,,,,,,,,,,,,"2.45972061157227","1.14855813980103","0","0","0.720983803272247","0.179945945739746","0.10644706338644","0","0.350546032190323"
"200.863019561768","-1.74651363193989","0.523539125919342","336","62.8873405456543","1.36781692504883","3316.42884216309","219.031881332397","0.952185273170471","10.7861137390137","0.0477588959038258","0.153800085186958","0.00777518097311258","0.475792795419693","0.00839686766266823","12.8442059755325","1.41453337669373","0.732124269008636","0.302598045440391","0.175226718187332","0.643183469772339","0.333214551210403",,,,,,,,,,,,,,,,,,,,,,,,"2.46755480766296","1.15633606910706","0","0","0.72833251953125","0.181163862347603","0.103010639548302","0","0.355309873819351"
"222.18418340683","0.548343433067203","0.521504044532776","337","62.788501739502","1.36484456062317","3050.48754882813","229.116873168945","0.953460037708282","10.7943487167358","0.0477645918726921","0.154190510511398","0.00789213832467794","0.483950465917587","0.00861940532922745","14.9643689393997","1.40720617771149","0.733793497085571","0.329432877106592","0.173962712287903","0.652296304702759","0.331224590539932",,,,,,,,,,,,,,,,,,,,,,,,"2.45570421218872","1.1458203792572","0","0","0.731657564640045","0.179857045412064","0.10445311665535","0","0.348876863718033"
"150.629476356506","0.0882531794108218","0.529700934886932","338","63.6228485107422","1.38434219360352","4532.78004150391","254.052898406982","0.951359272003174","10.917781829834","0.0480237454175949","0.15541735291481","0.00781136797741055","0.481275886297226","0.00840495061129332","14.0170078754425","1.44022226333618","0.745667636394501","0.303606953332201","0.173904806375504","0.632891416549683","0.331384599208832",,,,,,,,,,,,,,,,,,,,,,,,"2.44779443740845","1.14379370212555","0","0","0.755528330802917","0.179797187447548","0.101372852921486","0","0.347643822431564"
"185.985011100769","-3.0510125041008","0.520011842250824","339","63.4043426513672","1.34961068630219","4096.79527282715","251.645188903809","0.948730289936066","10.6268177032471","0.0473291911184788","0.154653131961823","0.00782741140574217","0.482939541339874","0.00842712912708521","11.3921846151352","1.40022802352905","0.731168866157532","0.232178063271567","0.173373520374298","0.617001116275787","0.330355733633041",,,,,,,,,,,,,,,,,,,,,,,,"2.44226264953613","1.13963222503662","0","0","0.726432859897614","0.179247885942459","0.0988112241029739","0","0.3451187312603"
"158.221030807495","-2.41686092913151","0.529813289642334","340","65.8730163574219","1.3772029876709","4455.49403991699","229.959912872314","0.952638626098633","10.9141302108765","0.0480746626853943","0.153827667236328","0.0078648142516613","0.480238109827042","0.00845141243189573","12.72121489048","1.42938709259033","0.743133664131165","0.26500239642337","0.174365878105164","0.584760427474976","0.331781566143036","0.0793674811720848","0.246801793575287","0.902473211288452","0.36022475361824","0.00868222024291754","0.0292890686541796","0.0017830355791375","0.406090050935745","0.00361490622162819","0.282435119152069","0.143600568175316","0.0672867596149445","0.360000222921371","0.201477766036987","1.20000445842743","0.596207022666931","0","0","0.028020279482007","0.069566622376442","0.0547580756247044","0","0.094456821680069","2.45258498191833","1.15235924720764","0","0","0.750402092933655","0.180273875594139","0.093656875193119","0","0.352870106697083"
"191.653339767456","-2.10828988552093","0.524475991725922","341","63.5778846740723","1.37225484848022","4521.73578186035","278.327900314331","0.948237776756287","10.9936218261719","0.048292201012373","0.153240546584129","0.00769443064928055","0.478701859712601","0.00851438101381063","15.0232202768326","1.41807472705841","0.737246513366699","0.283823874499649","0.173741817474365","0.619871258735657","0.330632984638214",,,,,,,,,,,,,,,,,,,,,,,,"2.46433997154236","1.15548026561737","0","0","0.738559663295746","0.179628670215607","0.0992824137210846","0","0.354784190654755"
"202.907301330566","1.82837460041046","0.516682386398315","342","62.509464263916","1.34195554256439","3782.95067138672","211.94753036499","0.956574976444244","10.9905090332031","0.0482878610491753","0.153151616454124","0.00777160143479705","0.485504388809204","0.00841490738093853","12.8728635787964","1.4010568857193","0.72735869884491","0.260719961021096","0.171911060810089","0.598953068256378","0.328191459178925",,,,,,,,,,,,,,,,,,,,,,,,"2.46202158927917","1.14673519134521","0","0","0.718881726264954","0.177735894918442","0.0959037020802498","0","0.349434196949005"
"154.099569702148","-0.709527335129678","0.515476107597351","343","63.0528907775879","1.32435083389282","3460.72972106934","208.930555725098","0.95312887430191","10.653956413269","0.0475028567016125","0.15185883641243","0.00776518229395151","0.490748435258865","0.00884359050542116","13.2784939050674","1.39811050891876","0.7253098487854","0.28168812924996","0.171600192785263","0.566426694393158","0.328245639801025",,,,,,,,,,,,,,,,,,,,,,,,"2.4335401058197","1.13346934318542","0","0","0.714837372303009","0.17741447687149","0.090702697634697","0","0.34139621257782"
"131.125081348419","1.05011861069361","0.525971293449402","344","63.4370536804199","1.37028133869171","4410.41884155273","229.414084243774","0.956307411193848","11.1672449111938","0.0487199500203133","0.15315106511116","0.00798130501061678","0.478980988264084","0.00843666773289442","12.8823699831963","1.41944992542267","0.741420209407806","0.306885949976277","0.173163220286369","0.592011392116547","0.330166071653366",,,,,,,,,,,,,,,,,,,,,,,,"2.4553816318512","1.14682137966156","0","0","0.74694561958313","0.17903046309948","0.0948184505105019","0","0.349486708641052"
"122.217565155029","2.34968093335628","0.522924304008484","345","64.0568542480469","1.35332584381104","3881.33039245605","223.44337387085","0.952924430370331","10.8593721389771","0.0479370951652527","0.153889164328575","0.00791994016617537","0.489333122968674","0.00848341546952724","13.2128193616867","1.42084503173828","0.733785152435303","0.324422810412943","0.173219993710518","0.571847140789032","0.329759031534195",,,,,,,,,,,,,,,,,,,,,,,,"2.460613489151","1.14929139614105","0","0","0.731640934944153","0.179089158773422","0.0916019603610039","0","0.350993782281876"
"191.193288993835","-1.83754272758961","0.529629528522491","346","63.6183929443359","1.38108348846436","4450.38950195312","256.253217315674","0.950323939323425","10.9595794677734","0.0481573455035686","0.154608622193336","0.00756554771214724","0.479012817144394","0.00851632189005613","13.8437259674072","1.42629384994507","0.741063594818115","0.271038949023932","0.174735948443413","0.622927904129028","0.332076728343964",,,,,,,,,,,,,,,,,,,,,,,,"2.46479916572571","1.1548877954483","0","0","0.746227264404297","0.180656477808952","0.0997793301939964","0","0.354420363903046"
"142.001206588745","-1.05918118655682","0.521734416484833","347","62.4251976013184","1.35681796073914","3734.22749023438","219.738373947144","0.952405512332916","10.8798866271973","0.0479397773742676","0.155162021517754","0.00749628990888596","0.481782883405685","0.00855380576103926","13.2617819547653","1.40323734283447","0.73087203502655","0.291057743132114","0.17389015853405","0.595141887664795","0.331126302480698",,,,,,,,,,,,,,,,,,,,,,,,"2.47730612754822","1.15727090835571","0","0","0.725843131542206","0.179782032966614","0.0953082144260406","0","0.355884581804276"
"141.350445842743","-1.41982484385371","0.515105068683624","348","62.9204597473145","1.32694590091705","3267.55195007324","194.795232200623","0.955797731876373","10.9045848846436","0.0481299757957458","0.151708349585533","0.00791144650429487","0.486294955015182","0.00861162133514881","13.0871008396149","1.38771152496338","0.723540842533112","0.296575957350433","0.172512903809547","0.564116060733795","0.329930007457733",,,,,,,,,,,,,,,,,,,,,,,,"2.44935822486877","1.14259278774261","0","0","0.711354792118073","0.178358122706413","0.0903188139200211","0","0.346914231777191"
"176.455284786224","3.57715817689896","0.530604481697083","349","62.9527702331543","1.38711714744568","4759.86670227051","250.256024169922","0.950086414813995","10.7991523742676","0.047677431255579","0.156787097454071","0.00794395431876183","0.486800670623779","0.0086335577070713","12.4303016424179","1.43430352210999","0.746850550174713","0.304645419307053","0.17434549331665","0.595726072788239","0.331577271223068",,,,,,,,,,,,,,,,,,,,,,,,"2.46543455123901","1.15341603755951","0","0","0.757927298545837","0.18025279045105","0.0954194664955139","0","0.3535176217556"
"146.7692943573","-0.504723869683221","0.522364616394043","350","65.2075271606445","1.35207509994507","5621.99694519043","242.376143264771","0.954507768154144","11.0581169128418","0.0484152659773827","0.154183208942413","0.00778520479798317","0.488360166549683","0.00889781583100557","13.3590635299683","1.41471564769745","0.736099183559418","0.305712791904807","0.172851666808128","0.565045177936554","0.329744160175323","0.0793381556868553","0.246025413274765","0.896194338798523","0.361816614866257","0.00866567250341177","0.0302421078085899","0.00182480213698","0.413474798202515","0.00375571218319237","0.283065736293793","0.144459620118141","0.0665368810296059","0.358546495437622","0.200195804238319","1.19087052345276","0.595840036869049","0","0","0.0283565279096365","0.0687913298606873","0.0545369833707809","0","0.0943405702710152","2.44364953041077","1.14210724830627","0","0","0.736262738704681","0.178708359599113","0.0904845967888832","0","0.34661939740181"
"131.594384384155","2.47311925888062","0.523932933807373","351","63.6928863525391","1.35132360458374","4138.94487915039","234.473043060303","0.949543297290802","11.1272172927856","0.0485741049051285","0.154454588890076","0.00764021370559931","0.481252729892731","0.00870490353554487","12.2852497458458","1.40263843536377","0.731402099132538","0.303757364396006","0.173954948782921","0.604290246963501","0.331498563289642",,,,,,,,,,,,,,,,,,,,,,,,"2.44884443283081","1.14403641223907","0","0","0.726896464824677","0.17984901368618","0.0967867150902748","0","0.347791373729706"
"144.891577911377","1.58584623485804","0.519886314868927","352","62.8598480224609","1.34215939044952","3711.22801208496","219.056908416748","0.958324193954468","10.9202117919922","0.0480174347758293","0.155741855502129","0.00782267563045025","0.492904722690582","0.00871368777006865","14.7642488002777","1.3994312286377","0.733543336391449","0.31131192939356","0.170707419514656","0.582838833332062","0.327050417661667",,,,,,,,,,,,,,,,,,,,,,,,"2.43245244026184","1.1330931186676","0","0","0.73115873336792","0.17649145424366","0.0933396369218826","0","0.341169595718384"
"240.95777015686","-1.42138291075826","0.53189492225647","353","64.0966796875","1.39215350151062","4458.33946228027","231.265014648438","0.956871509552002","10.8221035003662","0.0477365665137768","0.156732797622681","0.00779596343636513","0.486464142799377","0.00871032197028399","14.1625247478485","1.42897570133209","0.748876810073853","0.282157876063138","0.174544498324394","0.596274495124817","0.332056671380997",,,,,,,,,,,,,,,,,,,,,,,,"2.46744084358215","1.154416680336","0","0","0.762045502662659","0.180458545684814","0.0955181196331978","0","0.354131281375885"
"160.582069969177","-1.61461595762521","0.516876757144928","354","63.2151298522949","1.31584393978119","5158.64217224121","237.484354400635","0.945191025733948","10.9575529098511","0.0481128022074699","0.155656158924103","0.00765906041488051","0.487399697303772","0.00850627571344376","13.5311692476273","1.37936019897461","0.722968399524689","0.28000097181648","0.172083005309105","0.573799252510071","0.329254448413849",,,,,,,,,,,,,,,,,,,,,,,,"2.41165733337402","1.12414443492889","0","0","0.710229635238647","0.177913650870323","0.0918986350297928","0","0.335802048444748"
"117.902891731262","3.14895740747452","0.523737668991089","355","63.5063972473145","1.35109531879425","5119.49575805664","224.475864028931","0.956128060817719","11.017053604126","0.0482383891940117","0.156206503510475","0.00760672613978386","0.485664397478104","0.00875979010015726","14.1827908992767","1.41415238380432","0.73394513130188","0.329370481707156","0.173460841178894","0.58473539352417","0.330716520547867",,,,,,,,,,,,,,,,,,,,,,,,"2.44719576835632","1.14133143424988","0","0","0.731959998607635","0.179338172078133","0.0936484187841415","0","0.346148639917374"
"154.404918003082","0.204840222466737","0.526405215263367","356","62.8489723205566","1.36611580848694","6043.8123840332","258.084558486938","0.95299232006073","10.4552307128906","0.0469380579888821","0.153594478964806","0.00724397506564856","0.484642118215561","0.00867400132119656","12.5311505556107","1.41708850860596","0.740663528442383","0.354163543134928","0.173830017447472","0.558021008968353","0.331452637910843",,,,,,,,,,,,,,,,,,,,,,,,"2.46153020858765","1.15029191970825","0","0","0.745421707630157","0.179719850420952","0.0893690809607506","0","0.351605147123337"
"165.554688644409","4.70581575036049","0.526552796363831","357","63.554988861084","1.347616314888","4943.21063842773","232.988871002197","0.950242042541504","10.4952526092529","0.04704674705863","0.153393521904945","0.00747084757313132","0.493791580200195","0.00889178644865751","12.7409866809845","1.41572403907776","0.738696932792664","0.304894589539617","0.172969400882721","0.541990101337433","0.330280989408493",,,,,,,,,,,,,,,,,,,,,,,,"2.43190360069275","1.13198637962341","0","0","0.741468548774719","0.178830072283745","0.0868142768740654","0","0.340503454208374"
"153.468292999268","2.17469066977501","0.521043837070465","358","63.2533111572266","1.35233700275421","3098.76605529785","211.813766098022","0.954116106033325","10.3735494613647","0.04673096165061","0.153602138161659","0.00708690145984292","0.487773776054382","0.0088251568377018","12.8228541374207","1.42148292064667","0.734306633472443","0.3268914694665","0.172166749835014","0.560580611228943","0.329248547554016",,,,,,,,,,,,,,,,,,,,,,,,"2.45853686332703","1.15074026584625","0","0","0.732681095600128","0.178000226616859","0.0897762551903725","0","0.351879328489304"
"159.422512245178","-1.02697166642174","0.521861672401428","359","63.7690505981445","1.35665440559387","3445.57561645508","225.913813018799","0.953160762786865","10.4116878509521","0.0467528589069843","0.155534714460373","0.00755454553291202","0.494954437017441","0.00901332404464483","11.1300629854202","1.40796053409576","0.734268486499786","0.249076758045703","0.173490166664124","0.582575917243958","0.330619633197784",,,,,,,,,,,,,,,,,,,,,,,,"2.46626877784729","1.14990067481995","0","0","0.732605040073395","0.179368495941162","0.0933149382472038","0","0.351365983486176"
"132.168593788147","-0.664211165159941","0.519947588443756","360","65.546875","1.34849667549133","3767.8256652832","200.124981307983","0.957051277160645","10.382586479187","0.0467443987727165","0.153848588466644","0.00750467833131552","0.489520996809006","0.00866849720478058","11.2070112109184","1.41754579544067","0.733209729194641","0.273975185863674","0.172596782445908","0.560259640216827","0.32958310842514","0.0795309171080589","0.246859863400459","0.862195611000061","0.355924278497696","0.00859441421926022","0.0300047863274813","0.00172486063092947","0.408006370067596","0.00370674859732389","0.285752177238464","0.144979864358902","0.0666557252407074","0.358926326036453","0.200132489204407","1.20660614967346","0.597256898880005","0","0","0.0285611394792795","0.0689142048358917","0.0545947439968586","0","0.0947897657752037","2.45899844169617","1.14739096164703","0","0","0.73049384355545","0.1784448325634","0.0897239446640015","0","0.349833995103836"
"128.561993217468","2.02983915358782","0.526001513004303","361","63.6337013244629","1.35309898853302","4519.53788146973","218.432019424438","0.955551564693451","10.4629001617432","0.0469012446701527","0.155053243041039","0.00746002979576588","0.492283701896667","0.00868105795234442","12.4064942836761","1.41866374015808","0.73515510559082","0.325839099101722","0.173546731472015","0.555087566375732","0.330742180347443",,,,,,,,,,,,,,,,,,,,,,,,"2.44905138015747","1.14828729629517","0","0","0.734375298023224","0.179426968097687","0.0889158770442009","0","0.350380778312683"
"165.556199645996","2.4905317991972","0.523091614246368","362","63.3964385986328","1.36610662937164","3699.99348144531","219.65951499939","0.954205334186554","9.98012828826904","0.045753326267004","0.152797982096672","0.0073870625346899","0.490999937057495","0.00876609422266483","12.3065996646881","1.40928614139557","0.73975533246994","0.292626849748194","0.173058331012726","0.558313012123108","0.330211460590363",,,,,,,,,,,,,,,,,,,,,,,,"2.46839308738708","1.15448915958405","0","0","0.743594765663147","0.178922012448311","0.0894141271710396","0","0.354175806045532"
"155.610035514832","1.15367988161743","0.525256276130676","363","63.2952041625977","1.35940968990326","4270.08090515137","227.910244750977","0.955588757991791","10.5955181121826","0.0471712313592434","0.156710594892502","0.00748709356412292","0.489039421081543","0.00878317188471556","12.8986010313034","1.40724539756775","0.735934734344482","0.288812153693289","0.174205765128136","0.575970828533173","0.331547737121582",,,,,,,,,,,,,,,,,,,,,,,,"2.45217537879944","1.14950025081635","0","0","0.735933780670166","0.180108338594437","0.092246301472187","0","0.351121366024017"
"179.951470375061","-2.41199923157692","0.517157375812531","364","62.648265838623","1.3344361782074","5679.68268737793","236.12578163147","0.953062832355499","10.1688232421875","0.0462785363197327","0.151792749762535","0.00764512969180942","0.489461272954941","0.0087832398712635","11.7138827085495","1.40123784542084","0.727944195270538","0.276210839953274","0.172087430953979","0.543594241142273","0.328916192054749",,,,,,,,,,,,,,,,,,,,,,,,"2.45710182189941","1.14671576023102","0","0","0.720039486885071","0.17791822552681","0.0870561003684998","0","0.349422335624695"
"176.416018295288","-2.57635557055473","0.520140707492828","365","62.5848541259766","1.34182381629944","3942.9783416748","205.858616638184","0.95507949590683","10.1964530944824","0.0463256426155567","0.152407765388489","0.00776744866743684","0.494706600904465","0.00890635792165995","12.4655051827431","1.39495587348938","0.731455028057098","0.258056550333276","0.172335997223854","0.550738632678986","0.329395174980164",,,,,,,,,,,,,,,,,,,,,,,,"2.46038317680359","1.14512872695923","0","0","0.72700160741806","0.178175210952759","0.0881911814212799","0","0.348455816507339"
"181.781845474243","0.235615686699748","0.517582297325134","366","63.0131568908691","1.32482969760895","4638.63788757324","218.798739242554","0.948966145515442","10.0026597976685","0.0458438470959663","0.151972115039825","0.00757551938295364","0.496862024068832","0.00894652865827084","11.4310550928116","1.39557826519012","0.725296080112457","0.285518875671551","0.172790989279747","0.540558218955994","0.33036595582962",,,,,,,,,,,,,,,,,,,,,,,,"2.44043469429016","1.13909506797791","0","0","0.714810252189636","0.178645610809326","0.0865803211927414","0","0.344793528318405"
"136.906972503662","0.878304409235716","0.519960820674896","367","62.9898262023926","1.35193264484406","3990.23000183105","225.094675827026","0.950909197330475","9.8213939666748","0.0453001447021961","0.153805583715439","0.00763540342450142","0.497500747442245","0.00906306225806475","12.5690071821213","1.40314745903015","0.732667326927185","0.31084133638069","0.173197150230408","0.567641496658325","0.330561876296997",,,,,,,,,,,,,,,,,,,,,,,,"2.4705765247345","1.1518462896347","0","0","0.729413449764252","0.17906554043293","0.0908977389335632","0","0.352556020021439"
"139.815446472168","0.19666596618481","0.527671575546265","368","63.9766387939453","1.36075818538666","3789.32740783691","196.740521621704","0.961022794246674","10.5236196517944","0.047048419713974","0.155210688710213","0.00800713989883661","0.497650921344757","0.00894361082464457","10.7476986646652","1.40655243396759","0.739506423473358","0.271829921193421","0.173674345016479","0.541328072547913","0.33095395565033",,,,,,,,,,,,,,,,,,,,,,,,"2.45919561386108","1.14992523193359","0","0","0.743094503879547","0.179558902978897","0.086723767220974","0","0.351381063461304"
"174.959547233582","-1.71825464814901","0.523029983043671","369","63.6535110473633","1.35329270362854","5904.21763000488","272.163320922852","0.95430052280426","10.3902597427368","0.0467811934649944","0.153397932648659","0.00792917236685753","0.496814578771591","0.00876538269221783","12.5496362805367","1.40032815933228","0.7382652759552","0.312260009720921","0.172898605465889","0.561366379261017","0.329978853464127",,,,,,,,,,,,,,,,,,,,,,,,"2.44075465202332","1.1378161907196","0","0","0.740602195262909","0.178756892681122","0.0899138674139977","0","0.344019711017609"
"164.449517822266","-2.81177187860012","0.524000644683838","370","65.9057464599609","1.3473242521286","3583.70996704102","201.094386672974","0.958356499671936","10.4991254806519","0.0471300594508648","0.151453271508217","0.00800313241779804","0.492952018976212","0.00867874920368195","10.9309088230133","1.42200589179993","0.737135648727417","0.282955215312541","0.172021642327309","0.556141972541809","0.328914225101471","0.0793915092945099","0.245351329445839","0.913198590278625","0.363105267286301","0.00870569050312042","0.0296871699392796","0.00166668579913676","0.414105772972107","0.00375898461788893","0.28289133310318","0.144507542252541","0.0659928694367409","0.359633326530457","0.19953790307045","1.19806730747223","0.594906032085419","0","0","0.0283753480762243","0.0682288855314255","0.0547020621597767","0","0.094045028090477","2.43551659584045","1.13458240032196","0","0","0.738337516784668","0.17785020172596","0.0890694707632065","0","0.342067033052444"
"159.686913299561","-0.349880010774359","0.527517020702362","371","63.5607414245605","1.37393796443939","4378.53705749512","229.322444534302","0.956195175647736","10.2894725799561","0.0464131943881512","0.156263202428818","0.00798439793288708","0.499197334051132","0.00899535976350307","11.6705067873001","1.42691493034363","0.744097113609314","0.298683177214116","0.17374923825264","0.577426075935364","0.330725312232971",,,,,,,,,,,,,,,,,,,,,,,,"2.45386958122253","1.14677619934082","0","0","0.752348959445953","0.179636344313622","0.0924933552742004","0","0.349459230899811"
"139.579366874695","-1.37458012411371","0.519567012786865","372","63.1230850219727","1.34676706790924","4124.28569030762","221.646076202393","0.958195269107819","10.4174184799194","0.0468308851122856","0.153895154595375","0.00798267778009176","0.491476386785507","0.00867503602057695","12.509835600853","1.40388941764832","0.735288739204407","0.323041069228202","0.172457560896873","0.543667078018188","0.329168051481247",,,,,,,,,,,,,,,,,,,,,,,,"2.44441246986389","1.14232540130615","0","0","0.734642326831818","0.178300902247429","0.087071992456913","0","0.346751868724823"
"147.215662765503","-0.642910122219473","0.52404123544693","373","63.9152183532715","1.34851181507111","3295.88603210449","198.680077362061","0.959762334823608","10.6488218307495","0.0473413988947868","0.155770346522331","0.00786290969699621","0.496212422847748","0.00875569507479668","12.1546544075012","1.39919829368591","0.736952066421509","0.271362841269001","0.17282247543335","0.533651471138","0.329917073249817",,,,,,,,,,,,,,,,,,,,,,,,"2.45131540298462","1.1417270898819","0","0","0.737969875335693","0.178678169846535","0.085475005209446","0","0.346388727426529"
"165.484919929504","-1.78181168287992","0.523331105709076","374","63.3019828796387","1.35270369052887","3112.82800292969","191.143109893799","0.961204290390015","10.3747673034668","0.0466983579099178","0.154526263475418","0.00751290377229452","0.490648329257965","0.00867085438221693","11.8506192922592","1.41554009914398","0.735229730606079","0.274590965546668","0.17369356751442","0.539798259735107","0.330766707658768",,,,,,,,,,,,,,,,,,,,,,,,"2.46050047874451","1.15118479728699","0","0","0.734524428844452","0.17957878112793","0.0864494070410728","0","0.352151185274124"
"118.820970344543","-2.11736242771149","0.522111058235168","375","63.1860046386719","1.33771693706512","3518.90184020996","187.431467056274","0.962500214576721","10.4225759506226","0.0469646975398064","0.150720432400703","0.00739827891811728","0.493160784244537","0.00878689903765917","12.3135277509689","1.39636588096619","0.734331130981445","0.296822829125449","0.173194974660873","0.507365107536316","0.330549150705338",,,,,,,,,,,,,,,,,,,,,,,,"2.43672847747803","1.13888084888458","0","0","0.732730031013489","0.17906329035759","0.0812598094344139","0","0.344663769006729"
"154.820126533508","2.36330344676971","0.516312122344971","376","63.4942398071289","1.318284034729","3139.99653015137","183.989865493774","0.961228251457214","10.3763484954834","0.0467833764851093","0.152420178055763","0.00764651643112302","0.498943239450455","0.00869828369468451","11.281986117363","1.38631451129913","0.725190758705139","0.296570901479572","0.172584518790245","0.518191814422607","0.329345762729645",,,,,,,,,,,,,,,,,,,,,,,,"2.43244242668152","1.13488638401031","0","0","0.714602708816528","0.178432151675224","0.0829989314079285","0","0.342250317335129"
"132.341342926025","0.207041411660612","0.523102164268494","377","63.8705940246582","1.33685779571533","3514.9995513916","193.250588226318","0.961039900779724","10.6602153778076","0.0474321693181992","0.154145032167435","0.0078158862888813","0.491649210453033","0.00868327170610428","11.1505097746849","1.4240345954895","0.735861539840698","0.286083177197725","0.171901136636734","0.528307676315308","0.328453063964844",,,,,,,,,,,,,,,,,,,,,,,,"2.42913818359375","1.12901699542999","0","0","0.735787391662598","0.177725613117218","0.0846254006028175","0","0.338719427585602"
"152.937485313416","2.09818387925625","0.5261589884758","378","63.9216651916504","1.35345828533173","3418.86381835937","216.205257034302","0.953518569469452","10.624475479126","0.0473911836743355","0.152868956327438","0.00806830544024706","0.492706656455994","0.00862402841448784","10.8038580298424","1.4166898727417","0.737464904785156","0.317752192728221","0.173377171158791","0.525850474834442","0.330157339572906",,,,,,,,,,,,,,,,,,,,,,,,"2.46323776245117","1.14927577972412","0","0","0.738997220993042","0.179251655936241","0.0842251628637314","0","0.350984275341034"
"156.609797668457","-1.83640887290239","0.521196782588959","379","62.3594703674316","1.34809517860413","3285.75982666016","202.495672225952","0.958918631076813","10.5786399841309","0.0472747534513474","0.152911201119423","0.00791618321090937","0.490966439247131","0.00855215173214674","11.0274720668793","1.41508829593658","0.734610557556152","0.262024491652846","0.172623947262764","0.550272703170776","0.32956400513649",,,,,,,,,,,,,,,,,,,,,,,,"2.46374487876892","1.14474368095398","0","0","0.733287870883942","0.178472921252251","0.0881128758192062","0","0.34822154045105"
"138.276757621765","0.141289383305411","0.523214399814606","380","65.5896987915039","1.35843551158905","3332.86069641113","201.105017471313","0.961198449134827","10.3683490753174","0.0468281656503677","0.150704950094223","0.0076307263225317","0.492770969867706","0.00873678177595139","11.8805197238922","1.40515029430389","0.737966656684875","0.310437730373815","0.173833340406418","0.534881055355072","0.330829650163651","0.0789148285984993","0.244144380092621","0.899338603019714","0.352097421884537","0.00855200830847025","0.0297469757497311","0.00167364696972072","0.418545961380005","0.00379579584114254","0.282628357410431","0.143544763326645","0.0661102682352066","0.354801625013351","0.199055939912796","1.19939136505127","0.594219088554382","0","0","0.0279985051602125","0.0683502703905106","0.0539676286280155","0","0.0938279703259468","2.46888899803162","1.15266823768616","0","0","0.740003228187561","0.179723277688026","0.0856495499610901","0","0.353059411048889"
"132.691279792786","1.15804250687361","0.519965767860413","381","63.0107574462891","1.33931565284729","5621.25701599121","218.724688720703","0.956860184669495","10.2919406890869","0.0465466268360615","0.153000876307487","0.00759727135300636","0.4927778840065","0.0088568776845932","11.1955338478088","1.40776491165161","0.732541918754578","0.308501246757805","0.172335967421532","0.528298735618591","0.328978031873703",,,,,,,,,,,,,,,,,,,,,,,,"2.44906568527222","1.14335155487061","0","0","0.729163825511932","0.178175181150436","0.084601528942585","0","0.347375124692917"
"146.602769851685","4.59219326972961","0.522636830806732","382","63.0314445495605","1.35241377353668","5232.00674743652","224.998224639893","0.957896709442139","10.2284088134766","0.0463069118559361","0.15499421954155","0.00749152759090066","0.491005092859268","0.00885380245745182","11.798762512207","1.40445411205292","0.736899018287659","0.305487037263811","0.17406801879406","0.527831673622131","0.331755518913269",,,,,,,,,,,,,,,,,,,,,,,,"2.46352100372314","1.1477552652359","0","0","0.737863540649414","0.179965928196907","0.0845281407237053","0","0.350056171417236"
"226.762191390991","-3.06662198603153","0.520632386207581","383","63.6108627319336","1.34404623508453","3565.80111694336","195.863888168335","0.96093875169754","10.3415784835815","0.0467026494443417","0.152224093675613","0.00765848159790039","0.493790626525879","0.00862350780516863","11.6112164735794","1.4085875749588","0.734563171863556","0.256456824950874","0.172990128397942","0.519019663333893","0.330078333616257",,,,,,,,,,,,,,,,,,,,,,,,"2.45163583755493","1.14582490921021","0","0","0.733193159103394","0.178851500153542","0.0831218734383583","0","0.34887969493866"
"142.553967285156","-0.244532213546336","0.525457859039307","384","63.7292976379395","1.3668612241745","3947.02593383789","222.129317474365","0.956524133682251","10.3630495071411","0.0467104241251945","0.153443336486816","0.00795627944171429","0.500740945339203","0.00919924397021532","10.5920855522156","1.43318736553192","0.740378022193909","0.303456464689225","0.173681676387787","0.545731782913208","0.33040913939476",,,,,,,,,,,,,,,,,,,,,,,,"2.47708034515381","1.15590238571167","0","0","0.744847178459167","0.179566487669945","0.0874041691422462","0","0.35504338145256"
"141.821675872803","-1.01112037780695","0.527925431728363","385","63.6764755249023","1.36617970466614","4232.19421081543","226.048094940186","0.958196640014648","10.2126941680908","0.0462586618959904","0.155197694897652","0.00786021631211042","0.502209961414337","0.00908190850168467","10.3391981601715","1.43244993686676","0.746716439723969","0.2830331441015","0.173925057053566","0.531793653964996","0.331214755773544",,,,,,,,,,,,,,,,,,,,,,,,"2.42867469787598","1.13700997829437","0","0","0.757655143737793","0.179818108677864","0.0851740837097168","0","0.343532383441925"
"160.025461578369","-1.76432651430368","0.524542689323425","386","62.6243591308594","1.35808384418488","3082.38177185059","196.077840805054","0.961673855781555","10.125659942627","0.0460365302860737","0.155159413814545","0.00784922949969769","0.501486241817474","0.00936951581388712","10.2911525130272","1.41375923156738","0.738721549510956","0.237628202093765","0.173250913619995","0.534759998321533","0.330108195543289",,,,,,,,,,,,,,,,,,,,,,,,"2.46447229385376","1.15061664581299","0","0","0.741517841815948","0.179121121764183","0.0856411010026932","0","0.351803719997406"
"143.721892738342","1.42784832119942","0.523208618164063","387","63.121654510498","1.35283362865448","3112.16556396484","196.315796661377","0.956823170185089","9.69225597381592","0.045022539794445","0.152257189154625","0.00788393802940845","0.512635290622711","0.00932878442108631","11.2280782699585","1.42157673835754","0.738803207874298","0.300804710388184","0.172678515315056","0.524865806102753","0.329848557710648",,,,,,,,,,,,,,,,,,,,,,,,"2.45140099525452","1.1453161239624","0","0","0.741681933403015","0.178529337048531","0.0840524807572365","0","0.34856989979744"
"144.675752925873","-1.11375085185282","0.516568422317505","388","62.8145523071289","1.33236968517303","3081.69948425293","193.172788619995","0.955990850925446","9.56466293334961","0.0446236990392208","0.153789952397346","0.0078553007915616","0.506348013877869","0.00934373028576374","10.793312227726","1.40502369403839","0.727701961994171","0.316193968523294","0.172003641724586","0.528030753135681","0.329157829284668",,,,,,,,,,,,,,,,,,,,,,,,"2.45852899551392","1.14834296703339","0","0","0.719560265541077","0.177831590175629","0.0845629796385765","0","0.350414752960205"
"161.052843952179","-0.0289778109174222","0.524811983108521","389","63.0085029602051","1.37050437927246","3667.24387207031","215.987183761597","0.959055721759796","9.89087772369385","0.0454268530011177","0.155182465910912","0.00808292999863625","0.511204779148102","0.00945394858717918","11.5142124414444","1.42702567577362","0.743320047855377","0.316223969031125","0.172763705253601","0.551124095916748","0.329313576221466",,,,,,,,,,,,,,,,,,,,,,,,"2.46598410606384","1.15232622623444","0","0","0.750778436660767","0.178617402911186","0.0882586613297462","0","0.352849900722504"
"207.785746765137","-1.40309133827686","0.519776403903961","390","64.924934387207","1.33070921897888","3302.36853027344","189.176132965088","0.960541844367981","10.3854637145996","0.046712476760149","0.154862299561501","0.0078096641227603","0.502769410610199","0.0090841231867671","9.99820569753647","1.40215301513672","0.731716871261597","0.262615684792399","0.172369137406349","0.516191005706787","0.329578250646591","0.0787640735507011","0.245703130960464","0.8854700922966","0.34694704413414","0.00845884438604116","0.0302638728171587","0.0016995023470372","0.419761151075363","0.00390566582791507","0.281682193279266","0.144163534045219","0.0658031702041626","0.362552225589752","0.198803052306175","1.19823431968689","0.595660448074341","0","0","0.0282404068857431","0.0680327564477921","0.0551462657749653","0","0.0942837074398994","2.43745708465576","1.13500845432281","0","0","0.727522194385529","0.178209483623505","0.082653596997261","0","0.342323958873749"
"171.642912483215","-4.61457933187485","0.528301537036896","391","64.0161514282227","1.37586462497711","3626.75244750977","203.962314224243","0.96009773015976","10.3284177780151","0.0464311838150024","0.158316448330879","0.00782987754791975","0.499979674816132","0.00915570463985205","10.1447162866592","1.4338663816452","0.747223436832428","0.254882277734578","0.173833936452866","0.512372851371765","0.331139266490936",,,,,,,,,,,,,,,,,,,,,,,,"2.47129583358765","1.1564564704895","0","0","0.75868433713913","0.179723903536797","0.0820725485682487","0","0.35538387298584"
"181.489367294312","1.60528671368957","0.518352031707764","392","63.2319259643555","1.34970438480377","4142.09385986328","224.130183029175","0.95623791217804","10.3031129837036","0.0464668571949005","0.155784755945206","0.00801040045917034","0.502630531787872","0.00910654943436384","11.9403969526291","1.41692209243774","0.735643446445465","0.313743777666241","0.171775996685028","0.551267206668854","0.328477919101715",,,,,,,,,,,,,,,,,,,,,,,,"2.45693421363831","1.14515626430511","0","0","0.735351383686066","0.177596226334572","0.0882842466235161","0","0.348472565412521"
"123.965751457214","1.06025790181011","0.522312104701996","393","64.1910705566406","1.34724688529968","3566.50883178711","200.82180557251","0.959360122680664","10.2233238220215","0.0462467856705189","0.156189933419228","0.0078956289216876","0.510265827178955","0.00907927565276623","10.342951798439","1.41751575469971","0.736463487148285","0.278758371248841","0.172552272677422","0.514452576637268","0.329481691122055",,,,,,,,,,,,,,,,,,,,,,,,"2.46065235137939","1.14676761627197","0","0","0.73699164390564","0.178398802876472","0.0824025124311447","0","0.349453926086426"
"170.882325172424","-3.06060347855091","0.521201133728027","394","63.7737236022949","1.33965694904327","4253.03547058106","212.929775238037","0.958301305770874","10.3808364868164","0.0465577989816666","0.158493682742119","0.00779942190274596","0.501756131649017","0.00930539704859257","10.7286094427109","1.40712547302246","0.73341292142868","0.258692495059222","0.173465490341187","0.507845878601074","0.330426037311554",,,,,,,,,,,,,,,,,,,,,,,,"2.45206642150879","1.1444901227951","0","0","0.730898797512054","0.179342985153198","0.0813479125499725","0","0.348067283630371"
"136.926797676086","-0.788005458738189","0.5212442278862","395","63.3830795288086","1.34644317626953","3318.15539550781","183.480210494995","0.960587441921234","10.2299404144287","0.0461858436465263","0.158145874738693","0.0078175812959671","0.503301918506622","0.00917234551161528","11.9038366556168","1.40741157531738","0.734889984130859","0.301889337506145","0.173272997140884","0.539491295814514","0.330497086048126",,,,,,,,,,,,,,,,,,,,,,,,"2.44721794128418","1.14283156394958","0","0","0.733845710754395","0.179143950343132","0.0863943323493004","0","0.347059220075607"
"121.168023967743","1.47724013477564","0.519496858119965","396","63.0238761901855","1.33313989639282","2994.88513183594","178.976447486877","0.958355069160461","10.1044387817383","0.0459349304437637","0.156341195106506","0.00768845854327083","0.499867051839828","0.00910086277872324","10.7458861112595","1.40573310852051","0.73160183429718","0.340508564095944","0.172776564955711","0.504715979099274","0.330071032047272",,,,,,,,,,,,,,,,,,,,,,,,"2.44815897941589","1.14172291755676","0","0","0.727293491363525","0.178630709648132","0.0808294042944908","0","0.346386194229126"
"154.741967010498","0.7495530301705","0.524184703826904","397","63.5201377868652","1.35395455360413","3803.78093566895","191.924869918823","0.96309494972229","10.2850332260132","0.0462967567145824","0.158902123570442","0.0077560474164784","0.504652202129364","0.0091122267767787","11.7247672796249","1.41673636436462","0.740484118461609","0.319757415121421","0.173335924744606","0.517437815666199","0.330321252346039",,,,,,,,,,,,,,,,,,,,,,,,"2.44812846183777","1.14244377613068","0","0","0.745060563087463","0.179209023714066","0.0828612819314003","0","0.346823692321777"
"147.112142753601","-1.31209405213594","0.51969575881958","398","64.0818634033203","1.34505820274353","3366.25794372559","186.145273971558","0.960581064224243","10.1537866592407","0.046001847833395","0.157849550247192","0.00763805583119392","0.498093247413635","0.00892649125307798","11.0874485492706","1.40222859382629","0.733469367027283","0.304432972427458","0.174363523721695","0.504266560077667","0.331883668899536",,,,,,,,,,,,,,,,,,,,,,,,"2.47708868980408","1.15258848667145","0","0","0.731011211872101","0.180271431803703","0.0807650163769722","0","0.353010505437851"
"151.328280353546","-1.74053353369236","0.509610652923584","399","62.4031181335449","1.30778169631958","3194.20175170898","184.697714424133","0.952551484107971","10.0145530700684","0.0457419343292713","0.155348584055901","0.00724470196291804","0.505228340625763","0.00924300216138363","11.1411767840385","1.3737051486969","0.715362370014191","0.280855934415013","0.172551900148392","0.507836282253265","0.329435616731644",,,,,,,,,,,,,,,,,,,,,,,,"2.4644672870636","1.15208804607391","0","0","0.69536417722702","0.178398415446281","0.0813149884343147","0","0.352704048156738"
"175.276738548279","1.30925133675337","0.52020001411438","400","65.5750579833984","1.32877278327942","3865.89734191895","191.651437759399","0.957592010498047","10.2399568557739","0.0461554974317551","0.159537494182587","0.00725223170593381","0.497956603765488","0.00917998049408197","10.5683891773224","1.40215218067169","0.729403257369995","0.282908756379038","0.174241721630096","0.496470212936401","0.331905633211136","0.0789547488093376","0.248337879776955","0.875269055366516","0.374453246593475","0.0087773771956563","0.031687319278717","0.00171690492425114","0.425813853740692","0.00399095891043544","0.282780945301056","0.143650755286217","0.0664156526327133","0.377432346343994","0.200150564312935","1.1937483549118","0.595466136932373","0","0","0.0280398707836866","0.0686659887433052","0.0574098154902458","0","0.0942221879959106","2.45543789863586","1.14138889312744","0","0","0.722928822040558","0.180145502090454","0.0795148834586143","0","0.346183508634567"
"260.844022750854","-2.05890440195799","0.516944766044617","401","47.9856719970703","1.28929090499878","3073.12041625977","166.601329040527","0.953426837921143","6.58742570877075","0.0539306066930294","0.198526814579964","0.0145872393622994","0.502330780029297","0.00884842313826084","0","1.39340400695801","0.724098145961761","0.444137473404408","0.21253377199173","0.770391285419464","0.368599832057953",,,,,,,,,,,,,,,,,,,,,,,,"2.44502997398376","1.14134252071381","0","0","0.719314277172089","0.223289415240288","0","0","0.346687287092209"
"178.884365272522","1.99986689090729","0.527324438095093","402","46.6751480102539","1.33200740814209","2934.87507629395","172.788715934753","0.959112167358398","6.71868944168091","0.0543433353304863","0.203392341732979","0.0144122149795294","0.494347363710403","0.0089007867500186","0","1.41679656505585","0.739162802696228","0.356154847051948","0.215228527784348","0.794196724891663","0.372032523155212",,,,,,,,,,,,,,,,,,,,,,,,"2.46480917930603","1.15710783004761","0","0","0.749555885791779","0.226120576262474","0","0","0.356331020593643"
"183.630648231506","0.433293970709201","0.529100477695465","403","47.5564765930176","1.32261633872986","2622.33450927734","162.133639144897","0.960810303688049","6.94298362731934","0.0553027912974358","0.205344289541245","0.0147550795227289","0.489808797836304","0.00864752754569054","0","1.42150044441223","0.73758190870285","0.347610696638003","0.216012939810753","0.784317672252655","0.372652411460876",,,,,,,,,,,,,,,,,,,,,,,,"2.4526743888855","1.14566576480865","0","0","0.746353149414063","0.226944655179977","0","0","0.349318593740463"
"195.026536178589","-0.498928023502231","0.530724883079529","404","47.2108879089355","1.35088551044464","4151.4632232666","230.009537887573","0.95103120803833","6.88723278045654","0.0551268272101879","0.203409805893898","0.0149190239608288","0.489472776651382","0.00867910031229258","0","1.42735409736633","0.748616635799408","0.327258258406073","0.215084299445152","0.824690043926239","0.371443510055542",,,,,,,,,,,,,,,,,,,,,,,,"2.47063589096069","1.15667521953583","0","0","0.76885199546814","0.225969031453133","0","0","0.356064558029175"
"180.120813179016","-0.914804666489363","0.528140425682068","405","47.0134544372559","1.33090019226074","2776.77500610352","159.501564598083","0.964173793792725","6.86624956130981","0.05509003251791","0.201966896653175","0.0149501860141754","0.484100192785263","0.0085090845823288","0","1.41235816478729","0.739950120449066","0.321077977353707","0.215906143188477","0.801017582416534","0.37263810634613",,,,,,,,,,,,,,,,,,,,,,,,"2.45757842063904","1.15154695510864","0","0","0.751153528690338","0.22683247923851","0","0","0.352914214134216"
"196.752430534363","0.301373566593975","0.524966835975647","406","46.6626052856445","1.31000280380249","2399.96260986328","149.642758560181","0.963154017925262","6.9652943611145","0.0554143898189068","0.205131217837334","0.0147972712293267","0.486520260572433","0.00854565389454365","0","1.39175319671631","0.730565905570984","0.304287075204775","0.216187730431557","0.820387125015259","0.372852563858032",,,,,,,,,,,,,,,,,,,,,,,,"2.45163822174072","1.14785134792328","0","0","0.732221841812134","0.227128311991692","0","0","0.350652694702148"
"228.154951286316","-1.62114079892635","0.539230644702911","407","47.3331451416016","1.37854754924774","3117.71790161133","177.690130233765","0.964130461215973","6.91683578491211","0.0551124811172485","0.20699006319046","0.0146932965144515","0.487933218479156","0.00874065235257149","0","1.44289135932922","0.756716668605804","0.312116552004591","0.217460662126541","0.840295374393463","0.374186724424362",,,,,,,,,,,,,,,,,,,,,,,,"2.49092125892639","1.17029929161072","0","0","0.785580039024353","0.228465646505356","0","0","0.36450183391571"
"205.112421226501","-0.0710199293447658","0.523268222808838","408","47.0150184631348","1.318403840065","2685.34956970215","154.91713142395","0.964210033416748","6.86918449401855","0.0550402067601681","0.20348559319973","0.0145122017711401","0.494601041078568","0.00882725417613983","0","1.39975321292877","0.734110236167908","0.295896373922005","0.215682506561279","0.799259901046753","0.372270613908768",,,,,,,,,,,,,,,,,,,,,,,,"2.45972633361816","1.15080988407135","0","0","0.739343762397766","0.226597517728806","0","0","0.352462619543076"
"193.642676734924","-1.05154728539055","0.526726007461548","409","46.3415794372559","1.33521497249603","4009.48872680664","182.899391365051","0.96173757314682","6.79961109161377","0.0546375475823879","0.205367535352707","0.0142499888315797","0.493509888648987","0.00884485524147749","0","1.43200433254242","0.741104960441589","0.34383127912879","0.215873911976814","0.812357306480408","0.372609436511993",,,,,,,,,,,,,,,,,,,,,,,,"2.47307109832764","1.15480875968933","0","0","0.753499984741211","0.226798608899117","0","0","0.354916363954544"
"230.034598731995","0.274369462823961","0.526586174964905","410","49.2952041625977","1.31350159645081","2986.45395507813","155.300967025757","0.964174747467041","7.02844905853271","0.0557314455509186","0.204470172524452","0.0151746151968837","0.500003397464752","0.00875889882445335","0","1.40187001228333","0.735197782516479","0.31856211903505","0.215470269322395","0.815560042858124","0.371751308441162","0.0792733132839203","0.196825847029686","0.895691215991974","0.202977776527405","0.00948476605117321","0.0344142727553844","0.00558031443506479","0.423967659473419","0.00398081494495273","0.282267808914185","0.143785119056702","0.0705006271600723","0.388960629701614","0.205559313297272","1.19863092899323","0.595552742481232","0","0","0.0283629726618528","0.0740684419870377","0","0","0.0943944305181503","2.43535447120667","1.13953685760498","0","0","0.741536021232605","0.226374536752701","0","0","0.345591157674789"
"238.20251121521","0.439019174408168","0.522956192493439","411","46.7688980102539","1.32138502597809","3565.7106048584","171.47984161377","0.96565306186676","6.82494592666626","0.0549396611750126","0.200983434915543","0.0148255480453372","0.491613566875458","0.00874428357928991","0","1.4133802652359","0.737493932247162","0.321999265020713","0.215447321534157","0.809312045574188","0.371873587369919",,,,,,,,,,,,,,,,,,,,,,,,"2.44896674156189","1.14491271972656","0","0","0.746175050735474","0.22635044157505","0","0","0.34885960817337"
"185.688648605347","-0.461463398858905","0.530357301235199","412","46.9941444396973","1.34636127948761","3437.03446960449","176.759320068359","0.963960111141205","6.9735426902771","0.0555531419813633","0.20270998775959","0.0151554774492979","0.492995947599411","0.00885349698364735","0","1.40679204463959","0.743274867534637","0.370010585151613","0.216120764613152","0.859176576137543","0.372758358716965",,,,,,,,,,,,,,,,,,,,,,,,"2.48495268821716","1.16528415679932","0","0","0.757918834686279","0.227057933807373","0","0","0.361384481191635"
"168.425962257385","-0.859496449865401","0.523965418338776","413","46.1812629699707","1.32707643508911","3275.2536315918","163.69000453949","0.96688985824585","7.08453416824341","0.0560109056532383","0.203895747661591","0.0149406781420112","0.493154019117355","0.00872399751096964","0","1.40668535232544","0.735696017742157","0.348179620411247","0.215379565954208","0.859197020530701","0.371779471635818",,,,,,,,,,,,,,,,,,,,,,,,"2.47082304954529","1.16022908687592","0","0","0.742541313171387","0.226279243826866","0","0","0.358255922794342"
"196.026378250122","-2.90395397245884","0.52638304233551","414","47.3581848144531","1.32833731174469","3199.31776428223","161.628127479553","0.964273691177368","7.05643701553345","0.0559582561254501","0.202067568898201","0.0150307547301054","0.485144823789597","0.0085193794220686","0","1.41721200942993","0.736927092075348","0.33630639296025","0.216147899627686","0.873818695545197","0.372933447360992",,,,,,,,,,,,,,,,,,,,,,,,"2.47063207626343","1.15693140029907","0","0","0.745028495788574","0.227086454629898","0","0","0.356222301721573"
"181.510493278503","0.868902186304331","0.529564499855042","415","46.8074340820313","1.33241713047028","3131.59064941406","181.231258392334","0.960284471511841","7.15072154998779","0.0562993250787258","0.204181313514709","0.015125559642911","0.491013139486313","0.0087537057697773","0","1.42034220695496","0.741760671138763","0.35061583193019","0.215728268027306","0.874221622943878","0.372299671173096",,,,,,,,,,,,,,,,,,,,,,,,"2.45057845115662","1.14831745624542","0","0","0.754833877086639","0.226645588874817","0","0","0.350937604904175"
"205.044987106323","0.18972284165211","0.524512588977814","416","47.1469612121582","1.31218683719635","2798.85050048828","156.277086830139","0.96523916721344","7.2615327835083","0.0567497313022614","0.205371126532555","0.0154667180031538","0.490706920623779","0.00862568896263838","0","1.38911700248718","0.731585144996643","0.321482956781983","0.216622442007065","0.8541659116745","0.372995227575302",,,,,,,,,,,,,,,,,,,,,,,,"2.44748425483704","1.14733195304871","0","0","0.734266340732574","0.227585017681122","0","0","0.350335419178009"
"188.40845375061","-0.489700089208782","0.521392703056335","417","46.8012619018555","1.31425225734711","2989.98286437988","163.217074966431","0.962346494197845","7.07095098495483","0.0559149496257305","0.20472040772438","0.0151667771860957","0.489845722913742","0.00872952770441771","0","1.39721596240997","0.732727408409119","0.333892183331773","0.216077670454979","0.871967971324921","0.372526854276657",,,,,,,,,,,,,,,,,,,,,,,,"2.4559109210968","1.14789354801178","0","0","0.736561000347137","0.227012678980827","0","0","0.350678473711014"
"192.609606933594","-2.00218606740236","0.526697516441345","418","46.2688179016113","1.33697557449341","2918.85550231934","160.284786987305","0.965277791023254","7.16806793212891","0.0563279129564762","0.205390527844429","0.0155781637877226","0.483720332384109","0.00878261495381594","0","1.41268861293793","0.738482296466827","0.305963397095911","0.217666104435921","0.874984383583069","0.37456351518631",,,,,,,,,,,,,,,,,,,,,,,,"2.47034025192261","1.16323971748352","0","0","0.748176455497742","0.22868150472641","0","0","0.360117614269257"
"184.170630645752","3.07036439776421","0.522816896438599","419","46.8313598632813","1.31732189655304","2775.70311889648","152.157748603821","0.966395318508148","7.29594326019287","0.0568620823323727","0.206391125917435","0.0155340293422341","0.483820766210556","0.00856921449303627","0","1.40755498409271","0.734160184860229","0.357445383490995","0.215872302651405","0.868174314498901","0.372309952974319",,,,,,,,,,,,,,,,,,,,,,,,"2.46353220939636","1.14855134487152","0","0","0.739444375038147","0.226796925067902","0","0","0.351080507040024"
"170.393980407715","-1.75395299643278","0.523327052593231","420","48.8541641235352","1.30263233184814","3036.94894714355","148.234760093689","0.965573132038116","7.52446508407593","0.0577619038522243","0.209205076098442","0.0159248076379299","0.489578694105148","0.00850846990942955","0","1.37783789634705","0.729691624641418","0.327701754076406","0.215808898210526","0.877202391624451","0.372071593999863","0.0797820836305618","0.20010644197464","0.897693991661072","0.213780805468559","0.00970969069749117","0.0359010510146618","0.0059716273099184","0.421770930290222","0.00397896394133568","0.285697728395462","0.145153790712357","0.0721492171287537","0.402634263038635","0.20827616751194","1.20652258396149","0.598717987537384","0","0","0.0289055090397596","0.0758004635572433","0","0","0.0954004675149918","2.44376468658447","1.13927400112152","0","0","0.730470359325409","0.226730316877365","0","0","0.34543177485466"
"176.284994316101","0.850987854227424","0.525953710079193","421","46.8612365722656","1.33015084266663","2418.64875488281","146.675164413452","0.968423187732697","7.2524938583374","0.0566557198762894","0.206667572259903","0.0158163234591484","0.490035623311996","0.00857323966920376","0","1.4200611114502","0.739019334316254","0.343998572556302","0.216008812189102","0.864990174770355","0.372659593820572",,,,,,,,,,,,,,,,,,,,,,,,"2.45886969566345","1.15322828292847","0","0","0.749265015125275","0.226940333843231","0","0","0.353945523500443"
"182.876186943054","-1.00566863468848","0.532187104225159","422","47.5434837341309","1.33412969112396","3069.12350158691","165.646139335632","0.961973130702972","7.65142774581909","0.0582451969385147","0.211011096835136","0.0161887668073177","0.484023183584213","0.00860971491783857","0","1.41151261329651","0.740130424499512","0.324048977904022","0.217342555522919","0.917491555213928","0.373878002166748",,,,,,,,,,,,,,,,,,,,,,,,"2.46352434158325","1.15375435352325","0","0","0.751519620418549","0.228341579437256","0","0","0.35426852107048"
"193.957771682739","1.42783909663558","0.528839111328125","423","47.1809005737305","1.3296537399292","2563.15134887695","148.469751739502","0.96698784828186","7.37426996231079","0.0570915825664997","0.209307134151459","0.0162283852696419","0.484839081764221","0.00863100495189428","0","1.40547204017639","0.737392246723175","0.335349697619677","0.217663913965225","0.930165112018585","0.374370753765106",,,,,,,,,,,,,,,,,,,,,,,,"2.45644044876099","1.15495347976685","0","0","0.745969295501709","0.228679195046425","0","0","0.355005323886871"
"190.344123458862","-2.38656789809465","0.521856129169464","424","46.1906204223633","1.3052282333374","3126.88519592285","152.769047355652","0.965498626232147","7.49247694015503","0.0577082484960556","0.20706570148468","0.0158957373350859","0.486627906560898","0.00880374014377594","0","1.40004253387451","0.729417979717255","0.301702588750049","0.216104820370674","0.884283125400543","0.372288852930069",,,,,,,,,,,,,,,,,,,,,,,,"2.4447557926178","1.14393579959869","0","0","0.729922533035278","0.227041199803352","0","0","0.348264515399933"
"195.126828193665","1.09174145981669","0.527780830860138","425","47.0989570617676","1.32472491264343","2422.41625976563","152.341927337646","0.967459142208099","7.7095251083374","0.0585390254855156","0.210022285580635","0.0160697400569916","0.479609459638596","0.00869933981448412","0","1.40526914596558","0.738095760345459","0.338615577341989","0.217039540410042","0.949343204498291","0.373500049114227",,,,,,,,,,,,,,,,,,,,,,,,"2.44252109527588","1.14564859867096","0","0","0.747393429279327","0.22802323102951","0","0","0.349308222532272"
"198.07052230835","-1.24896928947419","0.529482424259186","426","47.2563705444336","1.31631898880005","2717.12553710937","168.505258369446","0.960862815380096","7.7756519317627","0.0588488318026066","0.209457710385323","0.0163210202008486","0.47820571064949","0.00853160209953785","0","1.41474616527557","0.733749508857727","0.340721953101456","0.216979205608368","0.911902010440826","0.373529195785522",,,,,,,,,,,,,,,,,,,,,,,,"2.44922184944153","1.14635944366455","0","0","0.738617300987244","0.227959826588631","0","0","0.349741816520691"
"178.737435340881","-2.21102314889431","0.521865248680115","427","47.0913352966309","1.30620503425598","2339.55997314453","155.966477394104","0.960307836532593","7.43595027923584","0.0573986209928989","0.208518803119659","0.0159024242311716","0.491019427776337","0.00882214307785034","0","1.40439677238464","0.7294762134552","0.31322412812151","0.216828733682632","0.889982521533966","0.373319089412689",,,,,,,,,,,,,,,,,,,,,,,,"2.45375776290894","1.14409959316254","0","0","0.730039060115814","0.227801755070686","0","0","0.34836420416832"
"199.356452941895","-0.477512459130958","0.525345385074615","428","47.5022926330566","1.30564057826996","2610.30453948975","146.313418197632","0.96730649471283","7.90932035446167","0.0594685971736908","0.20835092663765","0.0158479772508144","0.484707683324814","0.00877259112894535","0","1.3809140920639","0.727878868579865","0.318796073691919","0.217467665672302","0.880773484706879","0.374213486909866",,,,,,,,,,,,,,,,,,,,,,,,"2.45498013496399","1.14731001853943","0","0","0.726845443248749","0.228473007678986","0","0","0.350322037935257"
"174.96030216217","2.63639910817146","0.523756563663483","429","46.8735389709473","1.31510961055756","2480.31777648926","144.783524131775","0.966908574104309","7.61321401596069","0.0580952763557434","0.210587844252586","0.016098128631711","0.488335520029068","0.00891856476664543","0","1.39651966094971","0.732491374015808","0.352313067950308","0.217412427067757","0.932494342327118","0.373832076787949",,,,,,,,,,,,,,,,,,,,,,,,"2.45019245147705","1.14777839183807","0","0","0.736086547374725","0.228414967656136","0","0","0.350608110427856"
"176.153591156006","-1.09369163992815","0.524355411529541","430","49.4199333190918","1.32336461544037","3496.7613494873","172.719987297058","0.964232504367828","7.52905702590942","0.057762149721384","0.209691494703293","0.0158593133091927","0.477999657392502","0.0085432855412364","0","1.39871227741241","0.735590100288391","0.331629394646734","0.217769101262093","0.938419997692108","0.374411165714264","0.0799189954996109","0.203235059976578","0.931365370750427","0.232000812888145","0.0101425023749471","0.0367368012666702","0.0058199749328196","0.427636653184891","0.00418530032038689","0.283784836530685","0.144945040345192","0.0751656517386436","0.42754003405571","0.211828976869583","1.20454359054565","0.598851680755615","0","0","0.0288224294781685","0.0789695531129837","0","0","0.0954430922865868","2.45545148849487","1.15045845508575","0","0","0.742327511310577","0.228789716959","0","0","0.352247357368469"
"181.173207092285","-0.0292474083835259","0.52199375629425","431","46.6940269470215","1.31480193138123","2978.2530456543","149.339324951172","0.968470513820648","7.63362598419189","0.0581568740308285","0.21126452088356","0.0155784105882049","0.485777229070663","0.00882632564753294","0","1.40315997600555","0.733353316783905","0.355635257996619","0.216507151722908","0.924409031867981","0.372567981481552",,,,,,,,,,,,,,,,,,,,,,,,"2.45248699188232","1.14599275588989","0","0","0.737819969654083","0.227463901042938","0","0","0.349518090486526"
"191.674026298523","-0.492877694254275","0.527965843677521","432","48.3750267028809","1.32506370544434","2187.38193054199","138.904360771179","0.967139840126038","7.65519714355469","0.0583101399242878","0.209827050566673","0.0157905668020248","0.483742535114288","0.00857297889888287","0","1.40515303611755","0.735253155231476","0.31742590572685","0.218440517783165","0.918049871921539","0.375159919261932",,,,,,,,,,,,,,,,,,,,,,,,"2.45992517471313","1.15318834781647","0","0","0.741647601127625","0.229495093226433","0","0","0.35392102599144"
"180.855405044556","-0.201795168267563","0.526023030281067","433","47.8878936767578","1.32777452468872","2889.89585876465","162.289171791077","0.962157845497131","7.44233703613281","0.0574242770671844","0.208583801984787","0.0157070588320494","0.486033886671066","0.00855214800685644","0","1.41217195987701","0.736035645008087","0.340327111934312","0.218026384711266","0.911143004894257","0.374730736017227",,,,,,,,,,,,,,,,,,,,,,,,"2.46448445320129","1.15573740005493","0","0","0.743227064609528","0.229060009121895","0","0","0.355487406253815"
"223.64328994751","-2.70290537774563","0.518716633319855","434","49.1217498779297","1.29023671150208","3259.9689239502","156.676860237122","0.96111124753952","7.5905179977417","0.0579915009438992","0.210689663887024","0.0155943362042308","0.492904901504517","0.00896985828876495","0","1.38239097595215","0.724065184593201","0.303612473607063","0.216726332902908","0.898765742778778","0.373104453086853",,,,,,,,,,,,,,,,,,,,,,,,"2.43590688705444","1.13574302196503","0","0","0.71924877166748","0.227694168686867","0","0","0.343293875455856"
"205.882385635376","-2.20505189299583","0.522023439407349","435","47.606517791748","1.30827760696411","3719.73847351074","157.228284263611","0.965736746788025","7.69466924667358","0.0584477856755257","0.210673272609711","0.0157844927161932","0.486226856708527","0.00867243390530348","0","1.39430606365204","0.728966236114502","0.311817149980925","0.217081069946289","0.89577728509903","0.373329788446426",,,,,,,,,,,,,,,,,,,,,,,,"2.45409154891968","1.14873385429382","0","0","0.72901862859726","0.228066861629486","0","0","0.351192086935043"
"184.597609329224","-1.24380108006299","0.522794127464294","436","48.573600769043","1.31438660621643","2826.60373535156","178.000240898132","0.961732506752014","7.57979011535645","0.0579463690519333","0.21064105629921","0.0152814332395792","0.478245764970779","0.00862678792327642","0","1.40162026882172","0.731855273246765","0.354634258337319","0.218386992812157","0.912040233612061","0.374962985515594",,,,,,,,,,,,,,,,,,,,,,,,"2.45024943351746","1.1470103263855","0","0","0.734808683395386","0.229438871145248","0","0","0.350139111280441"
"175.750882911682","0.532458894631418","0.523986518383026","437","47.905029296875","1.32572853565216","3201.59108581543","172.276295852661","0.96069872379303","7.70507144927979","0.0585474222898483","0.209338247776031","0.0160170365124941","0.478568017482758","0.00861025135964155","0","1.41527605056763","0.734236240386963","0.381773593183607","0.218265071511269","0.944174766540527","0.374651908874512",,,,,,,,,,,,,,,,,,,,,,,,"2.46775579452515","1.15790188312531","0","0","0.73959755897522","0.229310780763626","0","0","0.356820195913315"
"210.607174682617","-0.687309741321951","0.528569459915161","438","48.7892379760742","1.33164310455322","2658.50706787109","153.352048683167","0.965874493122101","7.85213708877563","0.0590511448681355","0.212614044547081","0.0158755481243134","0.483577162027359","0.00871925987303257","0","1.39978134632111","0.737491846084595","0.304869008250535","0.219584450125694","0.923664033412933","0.376296252012253",,,,,,,,,,,,,,,,,,,,,,,,"2.46227478981018","1.15457928180695","0","0","0.746170878410339","0.2306969165802","0","0","0.354775309562683"
"186.967078018188","0.888904194161296","0.519783616065979","439","48.3192443847656","1.30437088012695","3221.76872558594","148.482950401306","0.966103971004486","7.81248569488525","0.0590350404381752","0.208785355091095","0.016046054661274","0.484899401664734","0.00868651177734137","0","1.3920236825943","0.726740717887878","0.33162183733657","0.217726424336433","0.909189522266388","0.37398687005043",,,,,,,,,,,,,,,,,,,,,,,,"2.46385526657104","1.14850473403931","0","0","0.724574089050293","0.228744864463806","0","0","0.351051986217499"
"179.044570350647","1.933902156353","0.517764389514923","440","50.3624572753906","1.28830778598785","3290.5927520752","165.490423965454","0.960015594959259","7.86366939544678","0.0591501481831074","0.211402058601379","0.0162982307374477","0.490749090909958","0.00877642538398504","0","1.38749361038208","0.723800361156464","0.354449558490887","0.217280998826027","0.917458117008209","0.373318612575531","0.0794680342078209","0.203632801771164","0.929847717285156","0.240528881549835","0.0103714168071747","0.0363118164241314","0.00602035503834486","0.43107196688652","0.00432616751641035","0.282754957675934","0.143696248531342","0.0767578333616257","0.443059861660004","0.214168399572372","1.19301128387451","0.596397995948792","0","0","0.0283279232680798","0.0806423053145409","0","0","0.094662569463253","2.42780065536499","1.13245320320129","0","0","0.718722879886627","0.228276908397675","0","0","0.341307938098907"
"173.385268211365","1.07870993688703","0.517677485942841","441","48.2128448486328","1.30496037006378","2335.59807434082","146.41914768219","0.965872943401337","7.97514390945435","0.059605672955513","0.211961045861244","0.0159822702407837","0.486374646425247","0.00886793155223131","0","1.40197420120239","0.727326691150665","0.36403525499627","0.217376753687859","0.949171960353851","0.373574137687683",,,,,,,,,,,,,,,,,,,,,,,,"2.45365881919861","1.14815735816956","0","0","0.725743055343628","0.228377491235733","0","0","0.350839734077454"
"168.839774131775","-1.0896153409034","0.523658096790314","442","47.7471885681152","1.3221720457077","2989.72675170898","156.742044448853","0.964110314846039","7.69135475158691","0.0584711208939552","0.209746852517128","0.016162846237421","0.489216506481171","0.00890404172241688","0","1.40331327915192","0.733498215675354","0.343140365555882","0.217907965183258","0.962037742137909","0.374653935432434",,,,,,,,,,,,,,,,,,,,,,,,"2.46901917457581","1.1551479101181","0","0","0.73811149597168","0.228935599327087","0","0","0.355124890804291"
"185.233464622498","-1.67193578369915","0.522411048412323","443","48.0602989196777","1.31715047359467","3084.91454162598","168.213517189026","0.963212013244629","7.9001989364624","0.0593393333256245","0.210605636239052","0.0163054205477238","0.493329375982285","0.0090050520375371","0","1.40870296955109","0.735032975673676","0.347307767299935","0.217300608754158","0.959258079528809","0.373154193162918",,,,,,,,,,,,,,,,,,,,,,,,"2.45169353485107","1.14292514324188","0","0","0.741203546524048","0.228297501802444","0","0","0.347649395465851"
"178.315977287292","-0.492496935464442","0.517562985420227","444","46.6384468078613","1.30298638343811","2850.10260009766","151.744985580444","0.962147533893585","7.69314479827881","0.0584754794836044","0.209831386804581","0.0156934820115566","0.492697149515152","0.00905051920562983","0","1.39366805553436","0.723962485790253","0.355597003176808","0.21851110458374","0.957661747932434","0.374930441379547",,,,,,,,,,,,,,,,,,,,,,,,"2.45994687080383","1.15392315387726","0","0","0.719044864177704","0.229569271206856","0","0","0.354372203350067"
"168.52618598938","-0.61667578315828","0.529043614864349","445","48.2931327819824","1.33395683765411","2412.37595214844","150.11728477478","0.965834558010101","7.71632528305054","0.0584652200341225","0.212547093629837","0.0159120596945286","0.491046518087387","0.00900219101458788","0","1.42939734458923","0.738840222358704","0.353098841290921","0.219656184315681","0.937623381614685","0.376003682613373",,,,,,,,,,,,,,,,,,,,,,,,"2.46437668800354","1.15377748012543","0","0","0.748901784420013","0.23077230155468","0","0","0.354282736778259"
"194.593439292908","-0.622888329012494","0.518479406833649","446","46.9813346862793","1.29588651657104","2637.16325378418","143.950287246704","0.963958561420441","7.54095029830933","0.0578402504324913","0.209066018462181","0.0160456635057926","0.493409693241119","0.00897863786667585","0","1.39768290519714","0.726239442825317","0.327268820721656","0.21731173992157","0.922751426696777","0.373608291149139",,,,,,,,,,,,,,,,,,,,,,,,"2.43476557731628","1.13691449165344","0","0","0.723574936389923","0.228309214115143","0","0","0.344002425670624"
"155.371494674683","-0.17908995540347","0.52040433883667","447","46.8365821838379","1.29474496841431","2969.63268432617","149.735883331299","0.964587509632111","7.79954671859741","0.0589512996375561","0.209478944540024","0.016207491979003","0.492097526788712","0.00897615309804678","0","1.3924149274826","0.726121544837952","0.352649896242656","0.217950940132141","0.93991357088089","0.374573796987534",,,,,,,,,,,,,,,,,,,,,,,,"2.42740774154663","1.1343035697937","0","0","0.723340034484863","0.228980749845505","0","0","0.342424184083939"
"177.971925735474","-0.340833519448643","0.525524020195007","448","47.4455223083496","1.31488978862762","2353.80735778809","154.385963439941","0.9652139544487","7.85329103469849","0.0590215139091015","0.213459864258766","0.0157582554966211","0.495114982128143","0.00930336583405733","0","1.40996825695038","0.733758151531219","0.354224193049595","0.219104513525963","0.965643405914307","0.375521540641785",,,,,,,,,,,,,,,,,,,,,,,,"2.43544840812683","1.14031338691711","0","0","0.738634765148163","0.230192691087723","0","0","0.346062362194061"
"191.565281105041","1.02454499080777","0.521688103675842","449","46.5402221679688","1.32299745082855","2822.94512939453","163.760424613953","0.96484649181366","7.93920707702637","0.0593176782131195","0.215252608060837","0.0161400772631168","0.488410413265228","0.00873636454343796","0","1.42129647731781","0.734516680240631","0.357130474690348","0.218122884631157","0.982314348220825","0.373974829912186",,,,,,,,,,,,,,,,,,,,,,,,"2.46048283576965","1.15278494358063","0","0","0.740162670612335","0.229161411523819","0","0","0.353673458099365"
"194.430726623535","-0.881079671904445","0.526855051517487","450","49.5822792053223","1.33749604225159","3513.31679992676","165.486570167542","0.966629683971405","7.87654590606689","0.0591966882348061","0.211620718240738","0.0160988867282867","0.487851351499557","0.00881327502429485","0","1.42419099807739","0.739271759986877","0.334031774336472","0.219601705670357","1.04599070549011","0.376052528619766","0.0800613611936569","0.206064537167549","0.897988200187683","0.258004307746887","0.010759006254375","0.0371657237410545","0.00614217482507229","0.429623037576675","0.00434942217543721","0.285393983125687","0.144448682665825","0.0778379589319229","0.462421059608459","0.215707004070282","1.19919013977051","0.599538326263428","0","0","0.0286253616213799","0.0817770957946777","0","0","0.0956620797514915","2.47718334197998","1.15820014476776","0","0","0.749776899814606","0.230715051293373","0","0","0.357004046440125"
"190.880013847351","-0.985616625193506","0.533009111881256","451","46.9612617492676","1.34530317783356","3113.7343536377","159.576462173462","0.966401278972626","8.00651836395264","0.0597764663398266","0.211042135953903","0.0164542142301798","0.491356819868088","0.00895451754331589","0","1.42320132255554","0.746940016746521","0.345443977415562","0.219525814056396","0.969041228294373","0.376151561737061",,,,,,,,,,,,,,,,,,,,,,,,"2.44885587692261","1.14556288719177","0","0","0.765411972999573","0.230635315179825","0","0","0.349255919456482"
"189.76494140625","-1.91616686284542","0.523200392723083","452","46.8421745300293","1.30588710308075","2624.83102111816","148.064274787903","0.961691915988922","8.07812404632568","0.0599873699247837","0.213372319936752","0.0161105915904045","0.487985402345657","0.00886141415685415","0","1.38736605644226","0.728365480899811","0.307129153469577","0.21858936548233","0.941065728664398","0.375190377235413",,,,,,,,,,,,,,,,,,,,,,,,"2.44470953941345","1.14418792724609","0","0","0.727817595005035","0.229651495814323","0","0","0.348418027162552"
"177.994912719727","-1.0247180627659","0.52412086725235","453","46.745433807373","1.30201125144958","2774.15634155273","143.077947044373","0.966071307659149","8.18536853790283","0.0603918768465519","0.21459499001503","0.0160710383206606","0.487892627716064","0.00898212008178234","0","1.40028870105743","0.729175627231598","0.326005463721231","0.217926070094109","0.929391026496887","0.374135792255402",,,,,,,,,,,,,,,,,,,,,,,,"2.43282961845398","1.13628077507019","0","0","0.729437530040741","0.228954628109932","0","0","0.343619018793106"
"155.031221389771","0.637635685040732","0.523906290531158","454","46.9041023254395","1.31935954093933","3070.42025756836","149.421722984314","0.968376159667969","8.09967136383057","0.0601752400398254","0.210961550474167","0.0157689116895199","0.488018304109573","0.00876655243337154","0","1.42408215999603","0.734660267829895","0.373580520320684","0.218032330274582","1.00288808345795","0.37422126531601",,,,,,,,,,,,,,,,,,,,,,,,"2.45285034179688","1.14652228355408","0","0","0.740452110767365","0.229066252708435","0","0","0.349841207265854"
"189.690514564514","0.1244501800742","0.52507346868515","455","47.0411033630371","1.32207334041595","2400.21982421875","142.704306030273","0.968725740909576","8.27394104003906","0.0606650821864605","0.217055514454842","0.0156708750873804","0.494377106428146","0.0091589642688632","0","1.42058861255646","0.735488593578339","0.330574433226138","0.218135595321655","0.986711621284485","0.374224752187729",,,,,,,,,,,,,,,,,,,,,,,,"2.45315718650818","1.14805293083191","0","0","0.742122769355774","0.229174748063087","0","0","0.350775837898254"
"166.975754928589","-0.0444396653911099","0.52009791135788","456","46.9699401855469","1.29561066627502","2261.57701721191","136.780438995361","0.965117752552032","8.16328811645508","0.0602942034602165","0.214705869555473","0.0157815311104059","0.493324965238571","0.00908583961427212","0","1.38026177883148","0.723297476768494","0.338415355375037","0.219288617372513","0.965724647045135","0.375546127557755",,,,,,,,,,,,,,,,,,,,,,,,"2.444669008255","1.1426796913147","0","0","0.71772438287735","0.230386108160019","0","0","0.347500115633011"
"176.973944091797","-0.0899101550225168","0.524287223815918","457","47.0010452270508","1.31483221054077","2686.74092102051","153.157683563232","0.963884711265564","8.27847290039063","0.0608122572302818","0.213868722319603","0.0155488923192024","0.490871071815491","0.00911726802587509","0","1.39395749568939","0.733268857002258","0.34928911505267","0.21828518807888","0.991859614849091","0.374598681926727",,,,,,,,,,,,,,,,,,,,,,,,"2.44127893447876","1.14325523376465","0","0","0.737649977207184","0.229331910610199","0","0","0.347850233316422"
"197.806983566284","1.30894642733037","0.52796596288681","458","46.4323806762695","1.32345604896545","3958.46543273926","171.429474639893","0.963404178619385","8.22641372680664","0.0605806782841682","0.214197248220444","0.0161103419959545","0.486540645360947","0.00895534176379442","0","1.39957356452942","0.735842823982239","0.347151395957917","0.219388365745544","0.983306348323822","0.37587371468544",,,,,,,,,,,,,,,,,,,,,,,,"2.43870544433594","1.14699125289917","0","0","0.7428377866745","0.230490922927856","0","0","0.350127369165421"
"180.172888374329","0.148176179500297","0.520917654037476","459","47.2235870361328","1.30639708042145","3162.30625305176","149.666054153442","0.966385543346405","8.1247615814209","0.0601512677967548","0.214210957288742","0.0160353537648916","0.494170278310776","0.009234051220119","0","1.40692448616028","0.727243721485138","0.32331273984164","0.218456417322159","0.9996577501297","0.374846607446671",,,,,,,,,,,,,,,,,,,,,,,,"2.45500493049622","1.14892292022705","0","0","0.725577533245087","0.229511812329292","0","0","0.351307690143585"
"160.862072563171","0.653889646288007","0.522642731666565","460","49.1237678527832","1.30503153800964","2855.91344299316","143.013185119629","0.966499745845795","8.21967887878418","0.0606030598282814","0.212929204106331","0.0162609852850437","0.490416347980499","0.00898798368871212","0","1.39245855808258","0.726625263690948","0.372945456951857","0.218715935945511","1.00792598724365","0.374980419874191","0.0803075656294823","0.208138391375542","0.909545540809631","0.264195203781128","0.0108809219673276","0.0377720482647419","0.00627095485106111","0.435091495513916","0.00441824225708842","0.285219728946686","0.145237728953362","0.0791615769267082","0.480511873960495","0.216865763068199","1.20679211616516","0.600695669651031","0","0","0.0289389472454786","0.0831676945090294","0","0","0.0960317701101303","2.44705724716187","1.14826107025146","0","0","0.724343955516815","0.229784473776817","0","0","0.350903123617172"
"219.149751091003","-1.84164138287306","0.51982969045639","461","46.4492416381836","1.29382383823395","2268.39353179932","137.144075012207","0.96499902009964","7.99458980560303","0.0597361251711845","0.210779771208763","0.0156806372106075","0.489068925380707","0.00897850934416056","0","1.39213156700134","0.72559267282486","0.305635093990713","0.218283891677856","0.943345963954926","0.374831259250641",,,,,,,,,,,,,,,,,,,,,,,,"2.42620873451233","1.13394284248352","0","0","0.722286760807037","0.229330569505692","0","0","0.342206478118896"
"189.565249633789","-1.43138838484883","0.527125358581543","462","47.0662727355957","1.32338118553162","2899.87391357422","149.298480224609","0.967621862888336","8.24542331695557","0.0607214197516441","0.212670996785164","0.01628028601408","0.487420201301575","0.00884789228439331","0","1.40880465507507","0.7335604429245","0.318299727188423","0.219617441296577","1.03847098350525","0.375886887311935",,,,,,,,,,,,,,,,,,,,,,,,"2.45781707763672","1.15398955345154","0","0","0.738236665725708","0.230731591582298","0","0","0.354412972927094"
"191.941100502014","-0.667352068750188","0.51872843503952","463","47.2320938110352","1.29168224334717","2263.35339660645","135.746778869629","0.965950846672058","8.15723609924316","0.0603145733475685","0.213565275073051","0.0162128340452909","0.492989271879196","0.00884435512125492","0","1.39945793151855","0.722703099250793","0.32483574654907","0.217874720692635","1.01230442523956","0.373849004507065",,,,,,,,,,,,,,,,,,,,,,,,"2.44303369522095","1.1405998468399","0","0","0.716545343399048","0.228900671005249","0","0","0.346236258745193"
"190.238424491882","0.649032235145569","0.523245394229889","464","46.6971130371094","1.32328855991364","2232.98190917969","147.978721809387","0.968226075172424","7.95755195617676","0.0595206208527088","0.212204799056053","0.016011081635952","0.49479416012764","0.00894429627805948","0","1.40859317779541","0.736787438392639","0.361757751740515","0.218621298670769","1.00341260433197","0.37494233250618",,,,,,,,,,,,,,,,,,,,,,,,"2.44908142089844","1.14490914344788","0","0","0.744746148586273","0.229685053229332","0","0","0.348857432603836"
"189.40949306488","-1.7825015693903","0.521283864974976","465","47.1181678771973","1.30635154247284","2400.28779296875","149.500057220459","0.965621888637543","7.83877086639404","0.0590848028659821","0.210365533828735","0.0158025827258825","0.489912748336792","0.00883403234183788","0","1.4094443321228","0.730729103088379","0.314063240494579","0.218674406409264","0.982189059257507","0.37515652179718",,,,,,,,,,,,,,,,,,,,,,,,"2.43237233161926","1.13701272010803","0","0","0.732548952102661","0.229740813374519","0","0","0.344061851501465"
"179.244651794434","0.552015114291134","0.529050588607788","466","46.8002967834473","1.33289635181427","2689.70337524414","144.758364868164","0.968952357769012","8.19343185424805","0.060392614454031","0.215419009327888","0.0159774553030729","0.495116502046585","0.00926958583295345","0","1.42274367809296","0.738833785057068","0.346567469649017","0.219720438122749","0.997455358505249","0.376264065504074",,,,,,,,,,,,,,,,,,,,,,,,"2.46084070205688","1.1519603729248","0","0","0.748888850212097","0.230839788913727","0","0","0.353167712688446"
"159.011890411377","-0.477294039004482","0.516651093959808","467","46.4539947509766","1.30801749229431","2427.73927001953","152.755589675903","0.964298129081726","7.74375534057617","0.0586698278784752","0.210463419556618","0.0156663972884417","0.496615052223206","0.00918464176356792","0","1.40702939033508","0.729711711406708","0.348279523523524","0.217908829450607","1.01419520378113","0.374082416296005",,,,,,,,,,,,,,,,,,,,,,,,"2.45060157775879","1.14443814754486","0","0","0.730510532855988","0.228936493396759","0","0","0.348570436239243"
"185.587817192078","0.17062442463357","0.522660970687866","468","46.491626739502","1.31701099872589","2499.67123718262","146.348635101318","0.96591591835022","7.9818000793457","0.0595718957483768","0.213498398661613","0.0157982725650072","0.49578931927681","0.00905980728566647","0","1.41127562522888","0.732488632202148","0.348530523851514","0.218976274132729","1.00511515140533","0.375187933444977",,,,,,,,,,,,,,,,,,,,,,,,"2.45491886138916","1.14821016788483","0","0","0.736081004142761","0.23005798459053","0","0","0.350871980190277"
"163.635410308838","-1.07588782757521","0.522356569766998","469","47.3996620178223","1.32135498523712","2972.99753723145","150.851283454895","0.96910434961319","7.93422412872314","0.0593094304203987","0.214932829141617","0.0163448192179203","0.497164875268936","0.00917746312916279","0","1.4032678604126","0.731276750564575","0.361356519768015","0.219488054513931","1.07121074199677","0.375720530748367",,,,,,,,,,,,,,,,,,,,,,,,"2.47135186195374","1.15837514400482","0","0","0.733647406101227","0.230595648288727","0","0","0.357111901044846"
"173.912078475952","-0.39084463454783","0.513320207595825","470","48.9679870605469","1.27881562709808","2316.90057983398","145.582209396362","0.966731905937195","8.03513717651367","0.0598934330046177","0.211163148283958","0.0160685013979673","0.497243076562881","0.00901667214930058","0","1.3702540397644","0.718280792236328","0.33513686764054","0.217165514826775","0.967313468456268","0.37322273850441","0.0800614058971405","0.20703212916851","0.929211854934692","0.266419470310211","0.0109178209677339","0.038153737783432","0.0061610690318048","0.438012659549713","0.00437953183427453","0.283748745918274","0.14416740834713","0.0791948586702347","0.476475924253464","0.21718418598175","1.19809222221375","0.598451197147369","0","0","0.0285139940679073","0.0832026600837708","0","0","0.0953154712915421","2.43335270881653","1.13502013683319","0","0","0.707802891731262","0.228155583143234","0","0","0.34285706281662"
"185.930072021484","-0.450329315988347","0.518901646137238","471","46.7674674987793","1.30285799503326","2627.67174682617","156.060343742371","0.961975514888763","7.9023118019104","0.0591638870537281","0.21513532102108","0.0159291606396437","0.498408019542694","0.00912380125373602","0","1.39315545558929","0.724145889282227","0.366021641343832","0.219848051667213","1.04079914093018","0.376049160957336",,,,,,,,,,,,,,,,,,,,,,,,"2.45947265625","1.15082991123199","0","0","0.719409227371216","0.23097388446331","0","0","0.352474868297577"
"159.1606092453","1.62643035054207","0.521949529647827","472","47.3231544494629","1.29706299304962","2499.87992553711","133.378197479248","0.966538310050964","7.90834760665894","0.0591462180018425","0.216191679239273","0.0161904133856297","0.489251226186752","0.0088223721832037","0","1.36844956874847","0.722697854042053","0.359910580702126","0.219982281327248","1.02833890914917","0.376531600952148",,,,,,,,,,,,,,,,,,,,,,,,"2.43870759010315","1.14582073688507","0","0","0.716534972190857","0.231114879250526","0","0","0.349413156509399"
"175.750008583069","2.34822978079319","0.527126610279083","473","47.048900604248","1.32721352577209","4860.49235534668","187.486878967285","0.962384700775146","8.11501502990723","0.060153890401125","0.213121116161346","0.0163843240588903","0.490543931722641","0.00901042297482491","0","1.42232716083527","0.737242519855499","0.371084650419652","0.220073729753494","1.03740751743317","0.376411467790604",,,,,,,,,,,,,,,,,,,,,,,,"2.44922757148743","1.1473331451416","0","0","0.74566638469696","0.231210976839066","0","0","0.350336134433746"
"186.770724105835","0.788505730498582","0.523474752902985","474","47.588996887207","1.30383145809174","2981.91873779297","144.931768989563","0.967377185821533","8.40476417541504","0.0612093023955822","0.217118322849274","0.0166575964540243","0.487730175256729","0.008872433565557","0","1.38843441009521","0.729294419288635","0.34038487537764","0.219518408179283","1.02554965019226","0.376101672649384",,,,,,,,,,,,,,,,,,,,,,,,"2.43759202957153","1.13613140583038","0","0","0.729675233364105","0.230627551674843","0","0","0.343528687953949"
"183.316108322144","1.41921135988086","0.51847106218338","475","46.410228729248","1.30681192874908","2495.2416015625","141.175109863281","0.965777337551117","8.36822509765625","0.0610418953001499","0.217494830489159","0.0163401197642088","0.485370695590973","0.00878010783344507","0","1.38431906700134","0.726325511932373","0.396463637240231","0.219844728708267","1.05041968822479","0.375702410936356",,,,,,,,,,,,,,,,,,,,,,,,"2.46251583099365","1.15020966529846","0","0","0.723746418952942","0.230970367789268","0","0","0.352095067501068"
"191.51996421814","-2.20925596356392","0.520848631858826","476","47.1262893676758","1.30983829498291","3078.71770324707","152.347239875793","0.96343332529068","8.34274673461914","0.0610463954508305","0.214734479784966","0.0165072195231915","0.485145151615143","0.00873961485922337","0","1.40828347206116","0.729620397090912","0.343251760490239","0.21988844871521","1.06303894519806","0.376008272171021",,,,,,,,,,,,,,,,,,,,,,,,"2.43838453292847","1.14431321620941","0","0","0.730327725410461","0.231016308069229","0","0","0.348494291305542"
"176.615791320801","1.45831773579121","0.522611498832703","477","46.8730278015137","1.30498766899109","2216.03304595947","133.687140655518","0.965532064437866","8.55447769165039","0.0619536563754082","0.213964253664017","0.0165289863944054","0.484256118535995","0.00860887486487627","0","1.39813280105591","0.727028131484985","0.360191510058939","0.219343364238739","1.0610716342926","0.375491172075272",,,,,,,,,,,,,,,,,,,,,,,,"2.44863629341125","1.14579355716705","0","0","0.725147366523743","0.230443641543388","0","0","0.349396586418152"
"170.575329971313","0.718486762279645","0.519251942634583","478","47.0361595153809","1.3046647310257","2528.56814575195","148.157207489014","0.96490490436554","8.46306800842285","0.0615472793579102","0.214710310101509","0.0161995254456997","0.481191754341125","0.00863290578126907","0","1.40294885635376","0.72437858581543","0.359730137977749","0.220149680972099","1.05753529071808","0.376421362161636",,,,,,,,,,,,,,,,,,,,,,,,"2.45965719223022","1.15250599384308","0","0","0.719871640205383","0.231290757656097","0","0","0.353502362966537"
"193.034641647339","1.2388183683157","0.517567753791809","479","47.1329498291016","1.30040943622589","3543.34566040039","158.960762786865","0.965691030025482","8.45650005340576","0.0614788308739662","0.215750440955162","0.0162899345159531","0.488631397485733","0.00886469427496195","0","1.41037952899933","0.725430130958557","0.373515688162297","0.219499722123146","1.08750796318054","0.375826925039291",,,,,,,,,,,,,,,,,,,,,,,,"2.44445538520813","1.14323580265045","0","0","0.721963107585907","0.230607911944389","0","0","0.347838401794434"
"206.286930465698","-3.03984699249268","0.516514956951141","480","50.1056213378906","1.2933349609375","2274.46303405762","130.568812561035","0.96852970123291","8.29992008209229","0.0609260387718678","0.213264390826225","0.0164236035197973","0.491860449314117","0.00898191891610622","0","1.38250803947449","0.7217937707901","0.281813240330666","0.219246596097946","1.05317080020905","0.375118583440781","0.0803066790103912","0.208443626761436","0.931775510311127","0.272924482822418","0.011086106300354","0.0377009175717831","0.00650067068636417","0.432941496372223","0.00436008907854557","0.285431921482086","0.144652709364891","0.0796124711632729","0.496798753738403","0.217287361621857","1.2068407535553","0.600896298885345","0","0","0.0287062879651785","0.0836414098739624","0","0","0.0960959196090698","2.4461236000061","1.14391148090363","0","0","0.714743316173553","0.230341970920563","0","0","0.348249673843384"
"189.004476737976","-0.804691269248724","0.522451877593994","481","47.7016830444336","1.32134592533112","2179.15368041992","134.635089683533","0.969311058521271","8.50231456756592","0.0617870502173901","0.212733641266823","0.0165911801159382","0.488547742366791","0.00889595691114664","0","1.3957679271698","0.730502128601074","0.32547808047384","0.220642149448395","1.05851626396179","0.377225279808044",,,,,,,,,,,,,,,,,,,,,,,,"2.46762323379517","1.15891337394714","0","0","0.732093930244446","0.23180815577507","0","0","0.3574438393116"
"180.912143707275","-0.195234705455368","0.512734770774841","482","47.3682289123535","1.27859568595886","2757.44330749512","155.487924766541","0.962944090366364","8.50380325317383","0.0617853179574013","0.212934926152229","0.0164776369929314","0.489245116710663","0.00884620938450098","0","1.37383460998535","0.718217074871063","0.37676612008363","0.219313815236092","1.054647564888","0.375377595424652",,,,,,,,,,,,,,,,,,,,,,,,"2.42030715942383","1.13112139701843","0","0","0.707677364349365","0.23041258752346","0","0","0.340505659580231"
"221.442704772949","-0.826986964093521","0.521341323852539","483","46.4536056518555","1.31468892097473","2793.80653991699","152.37236289978","0.964909493923187","8.35637760162354","0.0611502379179001","0.213551238179207","0.0166353210806847","0.484219044446945","0.00853243097662926","0","1.40288555622101","0.729875445365906","0.32636078717187","0.219723850488663","1.08252596855164","0.375804126262665",,,,,,,,,,,,,,,,,,,,,,,,"2.46259665489197","1.15169835090637","0","0","0.730838418006897","0.230843380093575","0","0","0.353007048368454"
"208.218509674072","-0.181852586206514","0.522618174552917","484","48.0156707763672","1.31044805049896","2614.39569091797","146.668523216248","0.964244902133942","8.35726928710938","0.0612235963344574","0.211783856153488","0.0168559364974499","0.489562749862671","0.00889230240136385","0","1.39684963226318","0.728295803070068","0.336795021453872","0.220257073640823","1.08686530590057","0.376524418592453",,,,,,,,,,,,,,,,,,,,,,,,"2.44221019744873","1.14901828765869","0","0","0.72767835855484","0.231403604149818","0","0","0.351366072893143"
"188.678430938721","1.06791766621172","0.523004233837128","485","46.3105773925781","1.31679236888885","3004.95463562012","142.526041412354","0.96940553188324","8.2599048614502","0.0607928894460201","0.212399408221245","0.0167801734060049","0.485971182584763","0.00919267348945141","0","1.41442096233368","0.732554733753204","0.359372333902866","0.220811322331429","1.08711898326874","0.377295464277267",,,,,,,,,,,,,,,,,,,,,,,,"2.4421067237854","1.14447450637817","0","0","0.736213803291321","0.231985881924629","0","0","0.348592609167099"
"168.479075431824","-0.352404931280762","0.518962144851685","486","47.1511611938477","1.303506731987","2837.59241333008","138.217792510986","0.96967875957489","8.47088050842285","0.0616836957633495","0.212058916687965","0.0167658161371946","0.485479861497879","0.00875373370945454","0","1.40045535564423","0.728131532669067","0.356600392237306","0.220485091209412","1.06016385555267","0.376847207546234",,,,,,,,,,,,,,,,,,,,,,,,"2.43856024742126","1.13775885105133","0","0","0.727350056171417","0.231643125414848","0","0","0.344513565301895"
"185.843292999268","1.73628298789263","0.512149155139923","487","47.1779022216797","1.28614377975464","2775.06504516602","146.478186988831","0.962442696094513","8.17868614196777","0.0604961514472961","0.211279690265656","0.0164748765528202","0.492147415876389","0.00914268381893635","0","1.39105367660522","0.719462513923645","0.380991187132895","0.219169095158577","1.07180714607239","0.37516713142395",,,,,,,,,,,,,,,,,,,,,,,,"2.44360327720642","1.13979768753052","0","0","0.710133850574493","0.2302605509758","0","0","0.34574943780899"
"211.339098739624","-1.76113174855709","0.525871396064758","488","47.0462036132813","1.3165328502655","2684.80625","147.898858833313","0.965907335281372","8.49921417236328","0.0616831444203854","0.215052798390388","0.0164464488625526","0.490960866212845","0.00908870529383421","0","1.40511870384216","0.734017491340637","0.311724233534187","0.220499649643898","1.0719473361969","0.376392900943756",,,,,,,,,,,,,,,,,,,,,,,,"2.43988752365112","1.13974511623383","0","0","0.73915696144104","0.231658443808556","0","0","0.345717489719391"
"180.602550315857","-1.8491392403841","0.513974845409393","489","46.9806900024414","1.28039979934692","2533.25151672363","141.071189308167","0.959616899490356","8.44291496276855","0.0614719837903976","0.214504554867744","0.0168878957629204","0.495083719491959","0.00905043818056583","0","1.37645864486694","0.717325985431671","0.336393011827022","0.219755440950394","1.0927220582962","0.375821113586426",,,,,,,,,,,,,,,,,,,,,,,,"2.42701029777527","1.13625061511993","0","0","0.705922424793243","0.230876564979553","0","0","0.343600809574127"
"163.120699119568","0.0117036330979317","0.520193099975586","490","48.962833404541","1.30508148670197","2827.90170288086","151.841795921326","0.966061770915985","8.34931945800781","0.0610875301063061","0.214389830827713","0.0169337224215269","0.483920693397522","0.00888473447412252","0","1.38428544998169","0.72762256860733","0.380625530192629","0.220896154642105","1.12816679477692","0.377188265323639","0.0804389342665672","0.210192516446114","0.934755086898804","0.284110754728317","0.0113060334697366","0.0385947115719318","0.00643155723810196","0.434483885765076","0.00433569820597768","0.283805698156357","0.14537425339222","0.080904982984066","0.504538536071777","0.218829914927483","1.19721388816833","0.601221024990082","0","0","0.0289933793246746","0.0849993228912354","0","0","0.0961998105049133","2.44938659667969","1.1413186788559","0","0","0.726333677768707","0.232075020670891","0","0","0.346672773361206"
"189.160167121887","2.5189857006073","0.527023017406464","491","47.1228256225586","1.3396087884903","2920.81537475586","156.588811683655","0.966732382774353","8.8522777557373","0.0630181953310966","0.217774048447609","0.0169838070869446","0.481010973453522","0.00878671370446682","0","1.42785239219666","0.738486349582672","0.384843636769801","0.221198260784149","1.16287589073181","0.377141714096069",,,,,,,,,,,,,,,,,,,,,,,,"2.48204326629639","1.16148447990417","0","0","0.748184680938721","0.232392400503159","0","0","0.359031647443771"
"183.619007873535","-1.70012402236462","0.515790224075317","492","46.3273315429688","1.28813457489014","2242.1039855957","136.728219985962","0.966063022613525","8.44231128692627","0.0615496449172497","0.212467476725578","0.0169123522937298","0.488385289907455","0.00903156027197838","0","1.38596284389496","0.722920656204224","0.322587257158011","0.219880700111389","1.09122562408447","0.375710010528564",,,,,,,,,,,,,,,,,,,,,,,,"2.42159748077393","1.13052988052368","0","0","0.716976761817932","0.231008157134056","0","0","0.340149641036987"
"163.266747093201","0.536307966802269","0.514473855495453","493","46.804084777832","1.28162240982056","2087.32124328613","118.944731521606","0.967478930950165","8.55539703369141","0.0619676746428013","0.213702574372292","0.0167136937379837","0.485711663961411","0.00882332120090723","0","1.36992621421814","0.716453373432159","0.350779876671731","0.219635680317879","1.12357723712921","0.375470161437988",,,,,,,,,,,,,,,,,,,,,,,,"2.43890428543091","1.14130699634552","0","0","0.704205930233002","0.230750739574432","0","0","0.346665680408478"
"166.26889591217","1.35995899885893","0.520715951919556","494","46.8637237548828","1.3125821352005","2403.29945068359","138.012174034119","0.968774020671844","8.33058071136475","0.0610325299203396","0.21380740404129","0.0167910438030958","0.489411354064941","0.00886122975498438","0","1.39950096607208","0.729320645332336","0.361714899539948","0.220448106527328","1.08944761753082","0.376443207263947",,,,,,,,,,,,,,,,,,,,,,,,"2.45578575134277","1.14882874488831","0","0","0.729727745056152","0.231604278087616","0","0","0.351250141859055"
"161.758133888245","-0.973887757654302","0.519694745540619","495","47.0670013427734","1.31448256969452","2499.83427734375","138.64774017334","0.967876791954041","8.37805843353271","0.0610992424190044","0.21708944439888","0.0166213195770979","0.489893287420273","0.00906163174659014","0","1.39413011074066","0.728504061698914","0.355611722450703","0.220991194248199","1.16588568687439","0.376979231834412",,,,,,,,,,,,,,,,,,,,,,,,"2.46587514877319","1.15366399288177","0","0","0.728094577789307","0.232174873352051","0","0","0.354213088750839"
"177.397289276123","-0.903031123569235","0.513627588748932","496","46.8896903991699","1.28434574604034","2263.81159515381","133.685453414917","0.96610289812088","8.38569068908691","0.0612751916050911","0.213475540280342","0.0163201112300158","0.487823963165283","0.00893941521644592","0","1.38550090789795","0.717614829540253","0.329651199141517","0.220198690891266","1.07462155818939","0.376113802194595",,,,,,,,,,,,,,,,,,,,,,,,"2.43498921394348","1.14105451107025","0","0","0.706491053104401","0.231342241168022","0","0","0.346512347459793"
"176.429829788208","0.279840843996499","0.526143491268158","497","46.9519844055176","1.33129191398621","3306.28256225586","150.188816261291","0.969228088855743","8.42743396759033","0.0612931549549103","0.217377245426178","0.0166807509958744","0.491274654865265","0.00908360071480274","0","1.43314647674561","0.738388955593109","0.369750913139433","0.221038579940796","1.1553521156311","0.377046644687653",,,,,,,,,,,,,,,,,,,,,,,,"2.44390225410461","1.1485503911972","0","0","0.747987329959869","0.232224643230438","0","0","0.351079940795898"
"162.456737709045","-1.98509877324104","0.510550022125244","498","46.8188285827637","1.28492391109467","2075.13988647461","123.723103904724","0.969031095504761","8.20117568969727","0.0604025200009346","0.215980812907219","0.0164870657026768","0.491542458534241","0.00902228150516748","0","1.37300872802734","0.716445088386536","0.33520459132269","0.220094531774521","1.1584632396698","0.376108080148697",,,,,,,,,,,,,,,,,,,,,,,,"2.4538209438324","1.14596545696259","0","0","0.704189717769623","0.231232836842537","0","0","0.349501430988312"
"145.833365058899","1.16612012833357","0.517105937004089","499","46.3889503479004","1.29524958133698","2387.43059082031","128.897045135498","0.969382703304291","8.25282382965088","0.060675073415041","0.214609980583191","0.0164230223745108","0.486654728651047","0.00876962207257748","0","1.37885355949402","0.723792314529419","0.376738433493301","0.220176890492439","1.11772680282593","0.376420199871063",,,,,,,,,,,,,,,,,,,,,,,,"2.43744778633118","1.13893032073975","0","0","0.718706846237183","0.23131936788559","0","0","0.34522333741188"
"159.51375541687","0.342223985953024","0.515515208244324","500","49.532600402832","1.30028963088989","2115.73859863281","135.636409950256","0.968088746070862","8.02871322631836","0.0598478578031063","0.21161887049675","0.0164022594690323","0.494233459234238","0.00902437418699265","0","1.38491833209991","0.724680423736572","0.366656325664371","0.220244497060776","1.14747357368469","0.376459836959839","0.0802643150091171","0.211670577526093","0.937967360019684","0.301690578460693","0.0116508482024074","0.0397637560963631","0.00609493814408779","0.434437155723572","0.00439936993643641","0.283874124288559","0.144322127103806","0.0832156464457512","0.53349894285202","0.221084758639336","1.19415235519409","0.599558234214783","0","0","0.0285752229392529","0.0874269306659698","0","0","0.0956684276461601","2.445969581604","1.14420366287231","0","0","0.720471739768982","0.231390386819839","0","0","0.348427593708038"
"197.593314170837","0.00939135656226426","0.515803098678589","501","46.7404251098633","1.2888218164444","2443.49129333496","130.430707931519","0.969263553619385","8.33407497406006","0.0609656311571598","0.21584814786911","0.0166798792779446","0.495865434408188","0.00899530109018087","0","1.37181234359741","0.721971869468689","0.334597749914974","0.220454275608063","1.15082204341888","0.376513808965683",,,,,,,,,,,,,,,,,,,,,,,,"2.43195819854736","1.1337913274765","0","0","0.715096056461334","0.231610760092735","0","0","0.342115044593811"
"165.390591430664","0.162590069090948","0.516992628574371","502","46.9716758728027","1.30332171916962","2554.00168914795","141.372602844238","0.964475274085999","8.12489032745361","0.0601750202476978","0.213635221123695","0.0162727069109678","0.489824861288071","0.00911965686827898","0","1.38911318778992","0.725098073482513","0.358510476909578","0.220373138785362","1.17530143260956","0.376359343528748",,,,,,,,,,,,,,,,,,,,,,,,"2.46096253395081","1.14759123325348","0","0","0.721302390098572","0.231525525450706","0","0","0.3504938185215"
"170.354813575745","0.138625644030981","0.513756453990936","503","46.4609756469727","1.29941534996033","2458.8946685791","129.089345169067","0.972478449344635","7.90993690490723","0.0593325346708298","0.211809575557709","0.0163783393800259","0.499633342027664","0.00914735905826092","0","1.38382315635681","0.724776268005371","0.373175185266882","0.220283150672913","1.18407356739044","0.376292407512665",,,,,,,,,,,,,,,,,,,,,,,,"2.44696617126465","1.14238703250885","0","0","0.720662176609039","0.231430977582932","0","0","0.347322106361389"
"162.413227272034","1.55779626220465","0.517510950565338","504","47.5829658508301","1.29563927650452","2754.31348876953","130.9528175354","0.967563092708588","8.27871513366699","0.0608218871057034","0.213652670383453","0.0166273731738329","0.495910853147507","0.00902776792645454","0","1.38652563095093","0.723695933818817","0.375753914751112","0.220061883330345","1.20162081718445","0.375908255577087",,,,,,,,,,,,,,,,,,,,,,,,"2.44289064407349","1.14008748531342","0","0","0.718515455722809","0.231198519468307","0","0","0.345925241708755"
"171.43141040802","1.74309583455324","0.514739453792572","505","46.931022644043","1.28833186626434","2178.19002075195","131.12389087677","0.966066718101501","8.24926948547363","0.0606995150446892","0.213626384735107","0.0166984833776951","0.492748081684113","0.00898311845958233","0","1.39077365398407","0.721863925457001","0.366450025234371","0.219993576407433","1.1926394701004","0.375957936048508",,,,,,,,,,,,,,,,,,,,,,,,"2.43260335922241","1.13413560390472","0","0","0.714882254600525","0.231126755475998","0","0","0.342322826385498"
"156.168315887451","1.23892059549689","0.52362197637558","506","47.3401756286621","1.31141924858093","2363.09588317871","132.925538253784","0.971492826938629","8.72783279418945","0.0625396072864532","0.217105612158775","0.016841433942318","0.482604950666428","0.00877845659852028","0","1.3800128698349","0.730501770973206","0.368799873953685","0.221254482865334","1.19765961170197","0.377395063638687",,,,,,,,,,,,,,,,,,,,,,,,"2.44022727012634","1.14165079593658","0","0","0.732093274593353","0.232451483607292","0","0","0.346874535083771"
"211.423072242737","-0.0493804838042706","0.517120718955994","507","47.0094757080078","1.29997169971466","2343.88815155029","130.333827209473","0.967917203903198","8.32774925231934","0.0610337965190411","0.213477775454521","0.0161244571208954","0.491247862577438","0.00890936609357595","0","1.37788307666779","0.723468124866486","0.355519870854914","0.219858214259148","1.14869713783264","0.375989854335785",,,,,,,,,,,,,,,,,,,,,,,,"2.44686555862427","1.14829516410828","0","0","0.718063235282898","0.230984538793564","0","0","0.350923895835876"
"187.295771026611","0.702339019440114","0.515325903892517","508","47.1700401306152","1.30018651485443","2657.72605895996","145.55196056366","0.967388391494751","8.27163219451904","0.0607861094176769","0.213805854320526","0.0159885492175817","0.492536246776581","0.00899512227624655","0","1.39218831062317","0.72534704208374","0.338911181036383","0.220666497945786","1.16284227371216","0.376529902219772",,,,,,,,,,,,,,,,,,,,,,,,"2.43574833869934","1.14112496376038","0","0","0.72179764509201","0.23183374106884","0","0","0.346555113792419"
"200.590259742737","-3.16280049681664","0.524759411811829","509","47.8992195129395","1.30852365493774","3307.8006362915","148.896454048157","0.965902507305145","8.89124488830566","0.0632342621684074","0.216264486312866","0.0164415538311005","0.485636204481125","0.00885715521872044","0","1.40281295776367","0.731001377105713","0.343591032456607","0.222043827176094","1.18487727642059","0.378070592880249",,,,,,,,,,,,,,,,,,,,,,,,"2.43392419815063","1.13384592533112","0","0","0.733094990253448","0.233280763030052","0","0","0.342147976160049"
"191.589604377747","-1.02550090476871","0.517033398151398","510","48.7973136901855","1.29747939109802","2716.46885070801","142.764656257629","0.965873956680298","8.56380748748779","0.0620083883404732","0.21354466676712","0.0162840019911528","0.494869410991669","0.00936248805373907","0","1.38405084609985","0.724719643592834","0.331353040505201","0.22066131234169","1.19363224506378","0.376750618219376","0.0804569497704506","0.213012278079987","0.932508409023285","0.309046447277069","0.0117969736456871","0.0401176065206528","0.00615013018250465","0.445958256721497","0.00459012109786272","0.285737156867981","0.144725158810616","0.0840704292058945","0.55806827545166","0.222052991390228","1.19979739189148","0.600446879863739","0","0","0.0287350490689278","0.0883249714970589","0","0","0.0959522426128387","2.43738031387329","1.13872921466827","0","0","0.720549583435059","0.231828287243843","0","0","0.345101475715637"
"176.830286216736","1.20029183421284","0.517795383930206","511","46.7706451416016","1.31480860710144","2323.9464630127","144.507225799561","0.967011094093323","8.5940637588501","0.0620305873453617","0.216142803430557","0.0165317058563232","0.488279640674591","0.00912507902830839","0","1.40201926231384","0.728725552558899","0.365329939965159","0.221875593066216","1.2606315612793","0.377688944339752",,,,,,,,,,,,,,,,,,,,,,,,"2.46060752868652","1.15195953845978","0","0","0.728537321090698","0.233104035258293","0","0","0.353167206048965"
"191.062077903748","-0.923421930335462","0.512538969516754","512","46.4547119140625","1.28995275497437","2263.6279876709","134.121696472168","0.968790829181671","8.76821041107178","0.0628316923975945","0.213820427656174","0.0158625673502684","0.486941456794739","0.00886059366166592","0","1.40196216106415","0.722400367259979","0.347185849864036","0.220491334795952","1.15892958641052","0.376166105270386",,,,,,,,,,,,,,,,,,,,,,,,"2.43356919288635","1.13419353961945","0","0","0.71594512462616","0.231649711728096","0","0","0.342357814311981"
"185.549647140503","-1.18173764124513","0.522008061408997","513","47.646240234375","1.31232833862305","2731.17940673828","136.223453330994","0.968807220458984","8.83510112762451","0.0629441440105438","0.2178915143013","0.0160369928926229","0.487583816051483","0.00909074861556292","0","1.39286327362061","0.729772448539734","0.333698878157884","0.22244818508625","1.22837162017822","0.378443151712418",,,,,,,,,,,,,,,,,,,,,,,,"2.44400930404663","1.14348614215851","0","0","0.730632066726685","0.233705580234528","0","0","0.347990721464157"
"172.268814086914","-1.21160144656897","0.516818106174469","514","47.2386322021484","1.29794073104858","2489.72697753906","134.711222457886","0.96903258562088","8.6478328704834","0.0622509233653545","0.216143935918808","0.0159217305481434","0.4904605448246","0.00924497842788696","0","1.38622057437897","0.724623501300812","0.335185915743932","0.221611320972443","1.22849833965302","0.377980291843414",,,,,,,,,,,,,,,,,,,,,,,,"2.43452501296997","1.13815891742706","0","0","0.720358431339264","0.232826367020607","0","0","0.344755917787552"
"177.947061538696","-0.468376737460494","0.51359236240387","515","46.460521697998","1.30570924282074","2779.64122924805","143.713649177551","0.967351734638214","8.43168067932129","0.0614221468567848","0.214587092399597","0.015821835026145","0.491873949766159","0.00919442996382713","0","1.38718557357788","0.724790751934052","0.341173950536177","0.221205145120621","1.1977014541626","0.37743666768074",,,,,,,,,,,,,,,,,,,,,,,,"2.45302248001099","1.15106427669525","0","0","0.720691084861755","0.232399642467499","0","0","0.352618455886841"
"145.22649936676","1.31477269679308","0.516322731971741","516","47.0307197570801","1.28901696205139","2294.84850921631","127.068360328674","0.968814134597778","8.6762638092041","0.0624590031802654","0.21379129588604","0.0160468593239784","0.491256535053253","0.00900113489478827","0","1.38099431991577","0.722903847694397","0.419246447645128","0.220391988754272","1.1648930311203","0.376311242580414",,,,,,,,,,,,,,,,,,,,,,,,"2.42189598083496","1.13115870952606","0","0","0.716943442821503","0.231545329093933","0","0","0.340528130531311"
"154.044909286499","1.73854683637619","0.52480137348175","517","47.3448333740234","1.31375014781952","3120.60983886719","149.000022315979","0.969383776187897","8.5992259979248","0.0621197149157524","0.214415162801743","0.0159309934824705","0.490632086992264","0.00920033827424049","0","1.40238857269287","0.73469865322113","0.377259908430278","0.221904441714287","1.17422533035278","0.377992361783981",,,,,,,,,,,,,,,,,,,,,,,,"2.40981888771057","1.1304247379303","0","0","0.740529477596283","0.233134314417839","0","0","0.340086340904236"
"177.614825057983","-1.59051456451416","0.51162177324295","518","47.0880317687988","1.28928744792938","2691.62757263184","139.925377845764","0.966684579849243","8.39178466796875","0.0613088421523571","0.213264584541321","0.0156784728169441","0.495348155498505","0.00920591317117214","0","1.37749600410461","0.719731867313385","0.353698317985982","0.221432834863663","1.19679713249207","0.377241045236588",,,,,,,,,,,,,,,,,,,,,,,,"2.43166971206665","1.14018261432648","0","0","0.710665643215179","0.232638850808144","0","0","0.345982939004898"
"172.488767814636","-1.64808549508452","0.524778604507446","519","47.0409774780273","1.33919107913971","2802.34943237305","142.225299072266","0.971700847148895","8.72579765319824","0.0625621750950813","0.216320008039474","0.0158061571419239","0.493334025144577","0.00933462753891945","0","1.42557954788208","0.739953279495239","0.31711549363099","0.222603440284729","1.25064277648926","0.378731369972229",,,,,,,,,,,,,,,,,,,,,,,,"2.45416617393494","1.15358138084412","0","0","0.751159965991974","0.233868703246117","0","0","0.354162305593491"
"165.305135345459","-1.51353373527527","0.516762852668762","520","49.3634605407715","1.30793595314026","2195.71025695801","130.204180526733","0.969379305839539","8.70694828033447","0.0624846704304218","0.216338530182838","0.0161491744220257","0.500476777553558","0.00946860946714878","0","1.38674938678741","0.727517068386078","0.350433744862676","0.221626207232475","1.19655168056488","0.377478301525116","0.0803772360086441","0.21342833340168","0.930919945240021","0.314907401800156","0.0119155580177903","0.0403077900409698","0.006081513594836","0.446028381586075","0.00465147476643324","0.285966366529465","0.144580885767937","0.0844731405377388","0.565786123275757","0.223245963454247","1.20319700241089","0.600604057312012","0","0","0.028677785769105","0.0887480601668358","0","0","0.0960024818778038","2.44925212860107","1.14509546756744","0","0","0.726123034954071","0.232842013239861","0","0","0.348970949649811"
"170.67364616394","1.06904073879123","0.51555073261261","521","46.7271041870117","1.29315495491028","2703.7531463623","149.2968126297","0.960344970226288","8.5785961151123","0.0620638579130173","0.213679194450378","0.0162035133689642","0.498584687709808","0.00933000072836876","0","1.3897944688797","0.723516464233398","0.399560950510204","0.221208497881889","1.16268873214722","0.37703275680542",,,,,,,,,,,,,,,,,,,,,,,,"2.42830610275269","1.13458251953125","0","0","0.718159079551697","0.232403174042702","0","0","0.342592686414719"
"180.344785118103","0.554971484141424","0.52158921957016","522","47.1793365478516","1.30964076519012","2758.98632507324","144.676351737976","0.962853610515594","8.93717861175537","0.0633323043584824","0.21849313378334","0.0162276849150658","0.494663506746292","0.00936524290591478","0","1.39767611026764","0.729032337665558","0.373168147075921","0.222939997911453","1.19005405902863","0.378619134426117",,,,,,,,,,,,,,,,,,,,,,,,"2.43369102478027","1.14065170288086","0","0","0.729150831699371","0.234222277998924","0","0","0.34626767039299"
"194.144569206238","-2.67304086685181","0.52362185716629","523","47.1743545532227","1.32267904281616","2069.58269195557","131.1537109375","0.969583332538605","9.00950717926025","0.0636714547872543","0.217232152819633","0.0158972684293985","0.489031195640564","0.00925210304558277","0","1.40374135971069","0.732325434684753","0.305842931894586","0.222709745168686","1.2137348651886","0.378972589969635",,,,,,,,,,,,,,,,,,,,,,,,"2.45865297317505","1.15159809589386","0","0","0.735753118991852","0.233980372548103","0","0","0.352945566177368"
"165.106990814209","0.418976161931641","0.526177942752838","524","47.7002449035645","1.33020567893982","2270.42454986572","147.135209083557","0.96882700920105","9.12547016143799","0.0640900507569313","0.218363180756569","0.0164083689451218","0.498973876237869","0.0096083115786314","0","1.41145610809326","0.737207114696503","0.386172980442643","0.222100093960762","1.24276220798492","0.377839535474777",,,,,,,,,,,,,,,,,,,,,,,,"2.44776248931885","1.14886283874512","0","0","0.745594799518585","0.233339890837669","0","0","0.351270973682404"
"171.620695304871","-0.0098634781781584","0.516370177268982","525","46.5569229125977","1.29512119293213","2470.61182250977","143.354375267029","0.967840909957886","8.90830039978027","0.0634249448776245","0.213087916374207","0.0163303893059492","0.491593569517136","0.00936908926814795","0","1.39159095287323","0.724243998527527","0.366079599317163","0.221241906285286","1.15127336978912","0.377446889877319",,,,,,,,,,,,,,,,,,,,,,,,"2.43383288383484","1.13538706302643","0","0","0.719604194164276","0.232438266277313","0","0","0.343078762292862"
"178.589894294739","-0.510597332124598","0.523704826831818","526","47.3968811035156","1.32909548282623","3000.01936340332","147.395180130005","0.968188941478729","9.09359455108643","0.0640570372343063","0.215925484895706","0.0167007278650999","0.488394856452942","0.00922164786607027","0","1.4112696647644","0.736751914024353","0.38494458924979","0.222736984491348","1.29698073863983","0.379167050123215",,,,,,,,,,,,,,,,,,,,,,,,"2.44421625137329","1.14745759963989","0","0","0.744674265384674","0.234008982777596","0","0","0.350412160158157"
"190.384620666504","-1.98228943943977","0.518581092357635","527","47.1355400085449","1.30442070960999","2367.83329162598","137.554826927185","0.967525780200958","8.99349784851074","0.063701368868351","0.214789494872093","0.0167536996304989","0.496787250041962","0.00951991137117147","0","1.3816192150116","0.725326895713806","0.310165949352086","0.221554204821587","1.23270606994629","0.377362549304962",,,,,,,,,,,,,,,,,,,,,,,,"2.44821119308472","1.146613240242","0","0","0.721757650375366","0.232766360044479","0","0","0.349896669387817"
"192.90343170166","-1.65149308592081","0.522826015949249","528","46.9997329711914","1.32131898403168","3012.83672027588","151.555138969421","0.963946104049683","9.00918006896973","0.0637175217270851","0.216003656387329","0.0161897484213114","0.497072130441666","0.00934335868805647","0","1.40735197067261","0.732973575592041","0.3305002191104","0.222408130764961","1.21558129787445","0.3781478703022",,,,,,,,,,,,,,,,,,,,,,,,"2.44114947319031","1.1477644443512","0","0","0.737055897712708","0.233663499355316","0","0","0.350599586963654"
"176.978227043152","-1.16273975521326","0.519862711429596","529","46.7194938659668","1.32072079181671","2777.92615356445","152.728918457031","0.967794001102448","8.8592004776001","0.0631942003965378","0.213956728577614","0.0163799580186605","0.494633823633194","0.00927001144737005","0","1.41902244091034","0.735449314117432","0.369986712280661","0.22105860710144","1.24033629894257","0.376781523227692",,,,,,,,,,,,,,,,,,,,,,,,"2.44675374031067","1.14092183113098","0","0","0.742043495178223","0.232245683670044","0","0","0.346431702375412"
"191.84803314209","-1.45100276619196","0.519917964935303","530","49.6376838684082","1.30366337299347","2307.3512512207","129.694402503967","0.965464234352112","9.1169376373291","0.0641795843839645","0.215142920613289","0.0160803440958261","0.49159187078476","0.00933838728815317","0","1.39926075935364","0.725610315799713","0.310577778657898","0.222916275262833","1.21291279792786","0.378804296255112","0.0800466239452362","0.2125383913517","0.926343441009521","0.310013294219971","0.0118002435192466","0.0405715331435204","0.00617996323853731","0.439928948879242","0.00456915842369199","0.284632116556168","0.143930569291115","0.0850740671157837","0.576441168785095","0.224037081003189","1.19545578956604","0.596637547016144","0","0","0.0284203812479973","0.0893794000148773","0","0","0.0947386249899864","2.44730854034424","1.14209401607513","0","0","0.72232186794281","0.234197378158569","0","0","0.3471440076828"
"169.284344863892","0.74219617638737","0.518877685070038","531","47.0126037597656","1.30355966091156","2672.29631958008","139.672107315063","0.969052851200104","9.14801025390625","0.0643325820565224","0.214355453848839","0.0163978319615126","0.492627680301666","0.0095195434987545","0","1.38444566726685","0.725470185279846","0.350751997157931","0.222670197486877","1.15441656112671","0.378619909286499",,,,,,,,,,,,,,,,,,,,,,,,"2.44009804725647","1.14280784130096","0","0","0.722042858600616","0.233938843011856","0","0","0.34757798910141"
"177.791217422485","1.38139600455761","0.516990780830383","532","46.3887901306152","1.31160926818848","2147.46584625244","132.109076690674","0.970387578010559","8.95663547515869","0.0634990036487579","0.216214925050735","0.0163970049470663","0.490815550088882","0.00915027596056461","0","1.38664782047272","0.725690186023712","0.373751361528411","0.222482174634933","1.20670878887177","0.378354012966156",,,,,,,,,,,,,,,,,,,,,,,,"2.45684933662415","1.15557420253754","0","0","0.722480952739716","0.233741298317909","0","0","0.355387002229691"
"175.77285785675","-0.861793195828795","0.516382932662964","533","46.6964721679688","1.30787646770477","2570.43048706055","143.670363807678","0.968693494796753","9.13681316375732","0.0642354115843773","0.215747505426407","0.0166396629065275","0.495582044124603","0.00935511477291584","0","1.40585470199585","0.72755378484726","0.348582916008309","0.221647754311562","1.21092677116394","0.377354115247726",,,,,,,,,,,,,,,,,,,,,,,,"2.44250321388245","1.14484047889709","0","0","0.7261962890625","0.232864633202553","0","0","0.348815560340881"
"174.422008323669","-1.25433446494862","0.51568078994751","534","46.6999702453613","1.30002748966217","2490.17617797852","143.295162200928","0.96705037355423","9.1911678314209","0.0645243749022484","0.213792786002159","0.0164307542145252","0.496145993471146","0.00941756833344698","0","1.38825106620789","0.726103961467743","0.339978782273829","0.221498638391495","1.17732489109039","0.377081692218781",,,,,,,,,,,,,,,,,,,,,,,,"2.44147205352783","1.1369343996048","0","0","0.72330504655838","0.232707992196083","0","0","0.344014465808868"
"166.369771957397","0.422039390541613","0.513083219528198","535","46.9434204101563","1.28896594047546","2955.38037719727","143.276882362366","0.966685175895691","8.9948558807373","0.0636753886938095","0.215609282255173","0.0162935387343168","0.493344008922577","0.00936228409409523","0","1.39312100410461","0.720032691955566","0.363409405993298","0.22167082130909","1.20233154296875","0.377293109893799",,,,,,,,,,,,,,,,,,,,,,,,"2.42704224586487","1.13826012611389","0","0","0.711259841918945","0.232888862490654","0","0","0.344817221164703"
"186.399794197083","-2.403851801157","0.516349852085114","536","46.4061317443848","1.31006491184235","2572.34729919434","162.363306617737","0.963967680931091","9.04252338409424","0.0639254823327065","0.214042857289314","0.0162919238209724","0.492129653692245","0.00921645853668451","0","1.4069596529007","0.730050981044769","0.374419521354139","0.221094623208046","1.21318113803864","0.37663471698761",,,,,,,,,,,,,,,,,,,,,,,,"2.44816493988037","1.14118492603302","0","0","0.731189906597137","0.232283517718315","0","0","0.3465915620327"
"206.5458360672","-2.64319311380386","0.521520793437958","537","47.0784530639648","1.30732154846191","2624.5026763916","148.434831619263","0.964333713054657","9.3234167098999","0.0650069415569305","0.214791879057884","0.0162266939878464","0.486250042915344","0.00928361061960459","0","1.39754915237427","0.726700842380524","0.323194350674748","0.222941249608994","1.24663197994232","0.378789663314819",,,,,,,,,,,,,,,,,,,,,,,,"2.43494081497192","1.14449203014374","0","0","0.724494636058807","0.234223604202271","0","0","0.348603248596191"
"177.101029396057","0.807735772244632","0.521766543388367","538","47.3087425231934","1.31581294536591","2605.52535400391","142.56174030304","0.96829617023468","9.03780174255371","0.0638806968927383","0.214725464582443","0.0158847235143185","0.491558432579041","0.0093994727358222","0","1.39799678325653","0.731059014797211","0.372547045536339","0.222904488444328","1.22195851802826","0.379062622785568",,,,,,,,,,,,,,,,,,,,,,,,"2.44784832000732","1.14418685436249","0","0","0.733210504055023","0.234184980392456","0","0","0.348417401313782"
"176.385065078735","1.78289944380522","0.52450031042099","539","46.5455703735352","1.34176695346832","3773.87347106934","166.736150741577","0.966302037239075","9.02981567382813","0.0637989118695259","0.216030672192574","0.0161363147199154","0.492192953824997","0.00950813945382833","0","1.42168486118317","0.740135073661804","0.369963931292295","0.223018482327461","1.26920187473297","0.378869920969009",,,,,,,,,,,,,,,,,,,,,,,,"2.45728182792664","1.15646159648895","0","0","0.751529157161713","0.234304741024971","0","0","0.3559330701828"
"192.8176820755","-0.731439963728189","0.519524395465851","540","49.5416412353516","1.30578529834747","2674.36192626953","138.013809394836","0.968064725399017","8.87028503417969","0.063216544687748","0.214537501335144","0.0158580541610718","0.493001192808151","0.00938989687711","0","1.40344178676605","0.727941274642944","0.343657738529146","0.222194015979767","1.19575130939484","0.377959400415421","0.0799002647399902","0.213288009166718","0.940543234348297","0.317586302757263","0.011981213465333","0.040083535015583","0.00597262196242809","0.449393570423126","0.00486714113503695","0.283329248428345","0.14391203224659","0.0854458957910538","0.583414077758789","0.224462032318115","1.19968974590302","0.597789764404297","0","0","0.0284130666404963","0.0897700488567352","0","0","0.0951048955321312","2.43012166023254","1.13918316364288","0","0","0.726969957351685","0.233438551425934","0","0","0.345376700162888"
"195.818555259705","-1.43021069653332","0.515320718288422","541","46.4506721496582","1.30388629436493","2814.10543823242","141.545194816589","0.967331528663635","8.91780185699463","0.0633037090301514","0.217228606343269","0.0160693544894457","0.494673848152161","0.0096609266474843","0","1.39518344402313","0.722723364830017","0.313589580357075","0.222287267446518","1.27503132820129","0.377711087465286",,,,,,,,,,,,,,,,,,,,,,,,"2.46433043479919","1.15293276309967","0","0","0.716585576534271","0.233536526560783","0","0","0.353764146566391"
"181.091928863525","-1.24718099832535","0.519969940185547","542","47.2516632080078","1.31734204292297","2235.14571228027","137.425627326965","0.970693826675415","8.99201679229736","0.0636993944644928","0.214686304330826","0.016028817743063","0.501731634140015","0.0100142015144229","0","1.40142393112183","0.731357574462891","0.36764213279821","0.222240954637527","1.24014663696289","0.378006428480148",,,,,,,,,,,,,,,,,,,,,,,,"2.45377922058105","1.14685535430908","0","0","0.733809649944305","0.233487874269485","0","0","0.35004448890686"
"185.219384002686","0.841863275319338","0.519875347614288","543","46.5734977722168","1.31298315525055","2428.56146392822","140.673253440857","0.963363826274872","8.94363975524902","0.0634048283100128","0.217299327254295","0.0159269496798515","0.489909768104553","0.00928193982690573","0","1.40811717510223","0.725543320178986","0.336170552112162","0.223218277096748","1.24896609783173","0.379283010959625",,,,,,,,,,,,,,,,,,,,,,,,"2.4668071269989","1.15702509880066","0","0","0.722188472747803","0.234514653682709","0","0","0.356280028820038"
"150.551100921631","3.6380299270153","0.515505492687225","544","47.2593612670898","1.30333161354065","3141.62063598633","155.784781646729","0.962931752204895","8.93358707427979","0.0633911341428757","0.216611638665199","0.0162767749279737","0.499798446893692","0.00969005934894085","0","1.39400005340576","0.728733122348785","0.434475622884929","0.221432715654373","1.21881294250488","0.376917898654938",,,,,,,,,,,,,,,,,,,,,,,,"2.43500947952271","1.13383328914642","0","0","0.728552520275116","0.232638731598854","0","0","0.342140376567841"
"166.629057502747","0.557663679495454","0.514233112335205","545","46.5590324401855","1.29135918617249","2903.07730102539","161.988350868225","0.95872038602829","9.10975456237793","0.064063273370266","0.217437401413918","0.0158531591296196","0.492368370294571","0.00945434160530567","0","1.38462913036346","0.720527112483978","0.382431766297668","0.221739113330841","1.22764205932617","0.377480238676071",,,,,,,,,,,,,,,,,,,,,,,,"2.43261861801147","1.14047706127167","0","0","0.712236881256104","0.232960626482964","0","0","0.346161693334579"
"175.007517623901","0.188089595083147","0.513279974460602","546","46.9041900634766","1.29173982143402","2673.75415344238","132.297425460815","0.969979047775269","8.98689937591553","0.0636157095432281","0.216332957148552","0.0162365511059761","0.498519569635391","0.00955465156584978","0","1.38893973827362","0.722769439220428","0.372064770432189","0.221405789256096","1.22181391716003","0.377230107784271",,,,,,,,,,,,,,,,,,,,,,,,"2.43022561073303","1.13435053825378","0","0","0.716676831245422","0.232610434293747","0","0","0.342452615499496"
"172.543215370178","0.208844060171396","0.520772993564606","547","46.6404304504395","1.3072566986084","2073.6596496582","130.874204826355","0.96782124042511","9.13164043426514","0.0641500353813171","0.217442706227303","0.0160547718405724","0.492500752210617","0.00943990051746368","0","1.39866375923157","0.727482557296753","0.357740431744605","0.222704067826271","1.2065315246582","0.37827655673027",,,,,,,,,,,,,,,,,,,,,,,,"2.43075323104858","1.14223265647888","0","0","0.726054131984711","0.233974412083626","0","0","0.347228229045868"
"164.543305397034","0.266001125899493","0.51612913608551","548","47.0558013916016","1.29331195354462","2569.04725799561","133.330596160889","0.969726622104645","9.02955627441406","0.0637636259198189","0.216920480132103","0.0160518810153008","0.49883234500885","0.00957466848194599","0","1.39139890670776","0.722635805606842","0.358343919180334","0.222272753715515","1.19413781166077","0.378127664327621",,,,,,,,,,,,,,,,,,,,,,,,"2.42256617546082","1.13588345050812","0","0","0.716411828994751","0.233521282672882","0","0","0.343378752470016"
"179.349425506592","-0.595857312693261","0.515301704406738","549","46.8000831604004","1.29582381248474","2669.4169921875","148.074744033813","0.965107202529907","9.42678546905518","0.0653438866138458","0.216577038168907","0.0161752793937922","0.491992145776749","0.00945357978343964","0","1.40535342693329","0.721608400344849","0.357045305194333","0.222193464636803","1.2092809677124","0.37795153260231",,,,,,,,,,,,,,,,,,,,,,,,"2.43924903869629","1.14351689815521","0","0","0.714376270771027","0.233437985181808","0","0","0.348009496927261"
"186.599826049805","-1.8746630653739","0.51802784204483","550","49.2563438415527","1.3015034198761","2293.4758972168","138.874529457092","0.964466333389282","9.22832775115967","0.0645573288202286","0.216798260807991","0.016201701015234","0.496581643819809","0.00955479871481657","0","1.39351141452789","0.722806870937347","0.3175363461487","0.222639068961143","1.2635223865509","0.378613084554672","0.0803659483790398","0.215534284710884","0.914766371250153","0.329002946615219","0.0121631473302841","0.0416191294789314","0.00619935523718596","0.445420771837234","0.00462022423744202","0.286113858222961","0.1443160623312","0.0869196951389313","0.607453584671021","0.225977897644043","1.20265364646912","0.599478662014008","0","0","0.0285728238523006","0.0913184285163879","0","0","0.0956430360674858","2.45009350776672","1.1481682062149","0","0","0.716751039028168","0.233906134963036","0","0","0.350846290588379"
"182.358385467529","1.18468381953426","0.512679696083069","551","46.9102249145508","1.28534054756165","2672.4160369873","141.656501197815","0.965108573436737","9.22224998474121","0.0645015090703964","0.217632353305817","0.0162770785391331","0.493635565042496","0.0093797966837883","0","1.37795186042786","0.71644651889801","0.358244122797623","0.222334891557693","1.22861194610596","0.377768933773041",,,,,,,,,,,,,,,,,,,,,,,,"2.44488430023193","1.14278078079224","0","0","0.704192459583282","0.233586549758911","0","0","0.347561568021774"
"221.053097724915","-1.97370993196964","0.521093606948853","552","46.8347091674805","1.33457481861115","3355.44191589355","161.029451560974","0.969746887683868","9.35507297515869","0.0649043843150139","0.220754787325859","0.0162661299109459","0.492392152547836","0.0093261580914259","0","1.4128030538559","0.736639201641083","0.321793317981064","0.222722411155701","1.2583692073822","0.378682196140289",,,,,,,,,,,,,,,,,,,,,,,,"2.46177959442139","1.15678906440735","0","0","0.744446516036987","0.233993694186211","0","0","0.356134653091431"
"162.192353820801","0.969284451007843","0.519912004470825","553","47.0257301330566","1.31060576438904","2004.00400238037","126.248862075806","0.969117999076843","9.43228054046631","0.0652779638767242","0.218887805938721","0.0167720206081867","0.489788115024567","0.00933718681335449","0","1.40510404109955","0.726040124893188","0.358183477353305","0.222687602043152","1.2739577293396","0.378417551517487",,,,,,,,,,,,,,,,,,,,,,,,"2.4527690410614","1.15245449542999","0","0","0.723177909851074","0.23395711183548","0","0","0.353470742702484"
"220.902196121216","-1.14676987715065","0.51701945066452","554","46.8155326843262","1.3104475736618","2527.36954040527","140.504506492615","0.966418206691742","9.09936618804932","0.063932791352272","0.219739437103271","0.0162275694310665","0.489919155836105","0.00933470204472542","0","1.40366947650909","0.725448727607727","0.359306978154928","0.223107069730759","1.23516535758972","0.378894954919815",,,,,,,,,,,,,,,,,,,,,,,,"2.45168256759644","1.15339779853821","0","0","0.722000122070313","0.234397813677788","0","0","0.35404959321022"
"759.675494766235","1.63842451944947","0.515686392784119","555","47.1971435546875","1.29612791538239","2971.86635742187","150.523753166199","0.965190887451172","9.1684455871582","0.0643724575638771","0.215438321232796","0.0165814068168402","0.496060609817505","0.00931174773722887","0","1.37975239753723","0.721752464771271","0.434810020681471","0.222115024924278","1.26575636863708","0.377693504095078",,,,,,,,,,,,,,,,,,,,,,,,"2.44163417816162","1.14368343353271","0","0","0.714661478996277","0.233355581760406","0","0","0.348110884428024"
"185.928936386108","-1.99683056473732","0.526075422763824","556","47.1613502502441","1.32775390148163","2102.63730773926","127.588970184326","0.971549034118652","9.34274864196777","0.0648672878742218","0.220462128520012","0.0165060013532639","0.493455499410629","0.00953818764537573","0","1.41682410240173","0.735125780105591","0.328857837803662","0.224000573158264","1.26072371006012","0.379963010549545",,,,,,,,,,,,,,,,,,,,,,,,"2.44698095321655","1.14846324920654","0","0","0.741390764713287","0.235336527228355","0","0","0.351026684045792"
"175.413123893738","-1.55538626164198","0.518400251865387","557","47.1191902160645","1.30504322052002","2259.26933898926","130.782147979736","0.970531105995178","9.24280548095703","0.0645343810319901","0.218890607357025","0.0169723741710186","0.497888624668121","0.00943183898925781","0","1.40750849246979","0.727745234966278","0.332597638107836","0.222783207893372","1.28049421310425","0.378366678953171",,,,,,,,,,,,,,,,,,,,,,,,"2.43972015380859","1.13758289813995","0","0","0.726578593254089","0.234057560563087","0","0","0.344406992197037"
"182.383148765564","-0.0952661830466241","0.518187403678894","558","46.765079498291","1.31996548175812","2449.82014770508","143.985638237","0.968271672725677","8.93083000183105","0.0633185356855392","0.218192398548126","0.0165611114352942","0.499430954456329","0.00954787712544203","0","1.40848517417908","0.729678630828857","0.350481652282178","0.223380297422409","1.27564442157745","0.379153817892075",,,,,,,,,,,,,,,,,,,,,,,,"2.45326948165894","1.15467846393585","0","0","0.730444312095642","0.234684869647026","0","0","0.354836285114288"
"193.123317527771","-0.451790337450802","0.519276440143585","559","47.8409080505371","1.30369925498962","2575.84196166992","148.383105659485","0.965163230895996","9.25656890869141","0.0644823759794235","0.221637398004532","0.0166301745921373","0.499866217374802","0.0097268233075738","0","1.38790547847748","0.726105213165283","0.34837362151593","0.223438054323196","1.30042660236359","0.379646360874176",,,,,,,,,,,,,,,,,,,,,,,,"2.43294620513916","1.13962757587433","0","0","0.723307490348816","0.234745562076569","0","0","0.345646232366562"
"179.077808189392","-0.036525525781326","0.510453999042511","560","48.8588676452637","1.28047561645508","2364.66805114746","131.33579158783","0.967159509658813","8.97673892974854","0.0634659454226494","0.219139188528061","0.0164851881563663","0.501084089279175","0.00980160012841225","0","1.39568114280701","0.71564394235611","0.378302097413689","0.222211733460426","1.22014057636261","0.378029197454453","0.0804152190685272","0.216844663023949","0.906981885433197","0.33412179350853","0.0122395912185311","0.0423979088664055","0.00631868839263916","0.444602847099304","0.00463243294507265","0.284844756126404","0.145249232649803","0.0871034935116768","0.622416615486145","0.226414561271667","1.20925903320313","0.601813793182373","0","0","0.0289435349404812","0.0915115252137184","0","0","0.0963896065950394","2.44064974784851","1.13757574558258","0","0","0.702615737915039","0.233457177877426","0","0","0.344402670860291"
"161.887225151062","1.98865315616131","0.514153063297272","561","47.241382598877","1.28218626976013","2635.38009643555","140.902779388428","0.965806066989899","9.45532131195068","0.0652761533856392","0.221286743879318","0.016434084624052","0.491381257772446","0.0092990305274725","0","1.3657945394516","0.716566205024719","0.370919270301238","0.223480194807053","1.24185502529144","0.379689037799835",,,,,,,,,,,,,,,,,,,,,,,,"2.42879629135132","1.13520491123199","0","0","0.704427778720856","0.234789818525314","0","0","0.342968612909317"
"179.716310119629","-1.88316116482019","0.512949287891388","562","46.7512588500977","1.29761564731598","1923.68364562988","124.15788269043","0.970037043094635","9.19326019287109","0.0642623752355576","0.220855697989464","0.0163845848292112","0.503298342227936","0.00964084733277559","0","1.39671325683594","0.721171915531158","0.337292179372162","0.222357496619225","1.23834335803986","0.377834558486938",,,,,,,,,,,,,,,,,,,,,,,,"2.44823336601257","1.14758992195129","0","0","0.713512361049652","0.233610317111015","0","0","0.350493013858795"
"166.183550643921","-0.402662171749398","0.514129281044006","563","46.5638427734375","1.29989111423492","2180.6475402832","143.949227905273","0.966902434825897","9.29875183105469","0.0646579936146736","0.221399739384651","0.0167289730161428","0.49200451374054","0.00949370209127665","0","1.39842998981476","0.722888350486755","0.363539258763194","0.223633974790573","1.28918421268463","0.379389494657516",,,,,,,,,,,,,,,,,,,,,,,,"2.43908500671387","1.14354586601257","0","0","0.716912686824799","0.234951391816139","0","0","0.34802708029747"
"159.573306083679","0.0959239828400314","0.51197761297226","564","47.007999420166","1.28555762767792","2203.46441345215","131.308309555054","0.966928541660309","9.35105323791504","0.0648772493004799","0.22104911506176","0.0170739237219095","0.498948246240616","0.0095697483047843","0","1.38637888431549","0.719119906425476","0.389934617560357","0.222884729504585","1.29350185394287","0.378855258226395",,,,,,,,,,,,,,,,,,,,,,,,"2.42650604248047","1.13349425792694","0","0","0.709457635879517","0.234164237976074","0","0","0.341935753822327"
"184.908617210388","-0.608748277276754","0.516219019889832","565","46.9431953430176","1.29374015331268","1926.0716506958","124.944389724731","0.969383895397186","9.29737281799316","0.0647058412432671","0.220023065805435","0.0168580170720816","0.492658883333206","0.00954766757786274","0","1.37875473499298","0.721990764141083","0.330825287709013","0.223772510886192","1.27958285808563","0.379724681377411",,,,,,,,,,,,,,,,,,,,,,,,"2.42647385597229","1.13610005378723","0","0","0.715133428573608","0.235096946358681","0","0","0.343509763479233"
"177.846403121948","-0.0221765846945345","0.522363722324371","566","47.2488021850586","1.32248365879059","2607.50810089111","144.867162895203","0.966532707214355","9.3631420135498","0.0649037584662437","0.221590295433998","0.0167176555842161","0.486691296100616","0.00926409941166639","0","1.40723371505737","0.729787886142731","0.347583733592182","0.224380016326904","1.35069382190704","0.380314528942108",,,,,,,,,,,,,,,,,,,,,,,,"2.46954870223999","1.15670907497406","0","0","0.730663061141968","0.235735177993774","0","0","0.356085389852524"
"179.034714508057","0.103273220732808","0.516832232475281","567","46.6555252075195","1.31098663806915","2306.73370666504","128.107846641541","0.970747888088226","9.3172492980957","0.0647036880254745","0.222098290920258","0.0168206579983234","0.493328094482422","0.0095008984208107","0","1.39764487743378","0.72480970621109","0.357868847250938","0.224192813038826","1.36314988136292","0.380078703165054",,,,,,,,,,,,,,,,,,,,,,,,"2.46031498908997","1.15448832511902","0","0","0.720728695392609","0.235538497567177","0","0","0.354719430208206"
"169.984560394287","0.131577399349771","0.517202973365784","568","47.1741905212402","1.29730880260468","1864.70031738281","124.9762840271","0.968515396118164","9.24795150756836","0.064544565975666","0.219153836369514","0.0169543698430061","0.498139411211014","0.00978925172239542","0","1.38757526874542","0.721938133239746","0.362854100158438","0.223812475800514","1.29702544212341","0.379310041666031",,,,,,,,,,,,,,,,,,,,,,,,"2.43687629699707","1.14208853244781","0","0","0.715029239654541","0.235138908028603","0","0","0.347140610218048"
"202.10855884552","-2.35924608409405","0.514352738857269","569","46.0845413208008","1.29340398311615","2400.12469940186","125.049773788452","0.970561563968658","9.44815063476563","0.0653325095772743","0.219081118702888","0.0169995315372944","0.491885721683502","0.00958378612995148","0","1.37655210494995","0.720858216285706","0.316834044270217","0.224081188440323","1.35391402244568","0.379987210035324",,,,,,,,,,,,,,,,,,,,,,,,"2.43479156494141","1.138711810112","0","0","0.712891697883606","0.235421240329742","0","0","0.345090955495834"
"193.044117355347","1.31891992986202","0.511468231678009","570","49.444465637207","1.27955746650696","2747.0966217041","139.800591850281","0.967780232429504","9.40743350982666","0.065225325524807","0.217718943953514","0.0167590640485287","0.499508798122406","0.00966299138963223","0","1.38650798797607","0.718234539031982","0.369273137208074","0.222274765372276","1.24826991558075","0.377843201160431","0.0797797590494156","0.215637758374214","0.877211272716522","0.338314920663834","0.0123113906010985","0.042784184217453","0.00657425913959742","0.440372973680496","0.00459420261904597","0.282297432422638","0.142995923757553","0.0879246890544891","0.642149090766907","0.227159753441811","1.19532120227814","0.59812319278717","0","0","0.0280524734407663","0.0923742800951004","0","0","0.0952110067009926","2.4207546710968","1.12748908996582","0","0","0.707711815834045","0.233523398637772","0","0","0.338322311639786"
"155.717750358582","1.63071513772011","0.51942378282547","571","47.6010551452637","1.31559240818024","2409.56694335937","139.445531654358","0.970993340015411","9.60436153411865","0.0659219697117805","0.219523087143898","0.0171758104115725","0.488053530454636","0.00939791183918715","0","1.40153634548187","0.730263411998749","0.402840721234679","0.22448106110096","1.29868137836456","0.380336612462997",,,,,,,,,,,,,,,,,,,,,,,,"2.43705368041992","1.14372396469116","0","0","0.731615543365479","0.235841363668442","0","0","0.348135560750961"
"170.885480308533","0.222923335846281","0.52120578289032","572","46.9238586425781","1.30819606781006","2363.20381164551","131.576189041138","0.967211723327637","9.72230243682861","0.0663335546851158","0.22065332531929","0.0172351896762848","0.488461703062057","0.00939268060028553","0","1.39116966724396","0.725614845752716","0.353096126671881","0.22434189915657","1.32539892196655","0.380130290985107",,,,,,,,,,,,,,,,,,,,,,,,"2.45841550827026","1.14706122875214","0","0","0.722330868244171","0.235695153474808","0","0","0.350170165300369"
"164.683197021484","1.35543507188559","0.519730627536774","573","46.5813369750977","1.31109368801117","1886.44622192383","115.69916343689","0.974715173244476","9.65688800811768","0.0661598965525627","0.218582808971405","0.0168458390980959","0.485302805900574","0.00941267237067223","0","1.40245020389557","0.729260504245758","0.382733691483736","0.223645910620689","1.26126909255981","0.379418820142746",,,,,,,,,,,,,,,,,,,,,,,,"2.43863320350647","1.1410710811615","0","0","0.729607403278351","0.234963908791542","0","0","0.346522390842438"
"178.447423744202","-0.439496293157572","0.517541825771332","574","46.8619689941406","1.30159497261047","2742.47195892334","142.903412628174","0.965325534343719","9.78691482543945","0.0667049959301949","0.217329978942871","0.016760990023613","0.489844411611557","0.00930976495146751","0","1.38343858718872","0.723722100257874","0.354042888712138","0.223903462290764","1.30356538295746","0.379322230815887",,,,,,,,,,,,,,,,,,,,,,,,"2.43166160583496","1.14316129684448","0","0","0.718567371368408","0.235234498977661","0","0","0.347793102264404"
"171.135687828064","-1.40768539756536","0.51741760969162","575","46.6379089355469","1.31185472011566","2231.34532165527","130.217037391663","0.971920490264893","9.68392467498779","0.0662227496504784","0.219679981470108","0.0175853632390499","0.49225389957428","0.00936746969819069","0","1.41195452213287","0.728367626667023","0.334178918786347","0.223426997661591","1.30170691013336","0.37866085767746",,,,,,,,,,,,,,,,,,,,,,,,"2.44429135322571","1.14563322067261","0","0","0.727821946144104","0.234733924269676","0","0","0.349298775196075"
"180.215482521057","0.399392158450792","0.521057367324829","576","46.4509048461914","1.32825446128845","2532.58578796387","151.389087486267","0.964273393154144","9.71942234039307","0.0664038583636284","0.218484595417976","0.0173340495675802","0.484675377607346","0.00921550672501326","0","1.41386306285858","0.731773912906647","0.374975079856813","0.224796608090401","1.36687326431274","0.380680859088898",,,,,,,,,,,,,,,,,,,,,,,,"2.46072030067444","1.15890121459961","0","0","0.734645187854767","0.236172869801521","0","0","0.357436388731003"
"155.315284919739","1.35805074796081","0.523811221122742","577","47.1413536071777","1.32093048095703","2451.16952209473","129.67241230011","0.969454944133759","9.91940116882324","0.0671070069074631","0.220089912414551","0.0172607377171516","0.490357220172882","0.00954932346940041","0","1.39724600315094","0.728466033935547","0.390063327737153","0.225409135222435","1.37668597698212","0.381557047367096",,,,,,,,,,,,,,,,,,,,,,,,"2.4629487991333","1.15672540664673","0","0","0.728018581867218","0.236816376447678","0","0","0.356095463037491"
"165.250435447693","0.96907554268837","0.520704448223114","578","46.9276428222656","1.29997503757477","2253.05712432861","134.750653648376","0.96664834022522","10.0010871887207","0.0674383789300919","0.219493001699448","0.0173182785511017","0.489906758069992","0.00936577562242746","0","1.39733171463013","0.724242389202118","0.372280085086823","0.224000677466393","1.31893682479858","0.37989667057991",,,,,,,,,,,,,,,,,,,,,,,,"2.43446159362793","1.13862359523773","0","0","0.719600975513458","0.235336631536484","0","0","0.345037430524826"
"161.498913192749","1.18075877800584","0.524156093597412","579","47.133186340332","1.32602548599243","2772.65312347412","139.686772918701","0.972298622131348","9.85562705993652","0.066908948123455","0.218896597623825","0.0173039250075817","0.490738064050674","0.0095629645511508","0","1.42947113513947","0.735773324966431","0.367388002760708","0.224483445286751","1.32993423938751","0.380300730466843",,,,,,,,,,,,,,,,,,,,,,,,"2.4422595500946","1.14265358448029","0","0","0.742697417736053","0.235843852162361","0","0","0.347484201192856"
"157.84709854126","-0.66434292178601","0.521859288215637","580","49.3953170776367","1.3117116689682","1945.84320373535","123.77160282135","0.969843685626984","9.88072490692139","0.0669319778680801","0.22084242105484","0.0176517404615879","0.489461451768875","0.00950493663549423","0","1.40834319591522","0.727162897586823","0.366965106129646","0.225116670131683","1.36409437656403","0.380819469690323","0.08024962246418","0.215880900621414","0.930951237678528","0.358166217803955","0.0127196218818426","0.0426738746464252","0.00665431236848235","0.444813162088394","0.00481782760471106","0.283326297998428","0.143253639340401","0.0881655216217041","0.656267821788788","0.227354645729065","1.18513679504395","0.597774147987366","0","0","0.0281536839902401","0.0926273092627525","0","0","0.0950999185442924","2.43537902832031","1.14643239974976","0","0","0.725416243076324","0.236509129405022","0","0","0.349786311388016"
"173.836994743347","0.0753829650464468","0.516912341117859","581","48.0568542480469","1.30391049385071","2465.49026641846","136.740473937988","0.968773722648621","9.80815410614014","0.0666476786136627","0.221044108271599","0.0175471622496843","0.49901881814003","0.00982118491083384","0","1.40609443187714","0.724273920059204","0.386466590221971","0.224307402968407","1.39573931694031","0.379882246255875",,,,,,,,,,,,,,,,,,,,,,,,"2.44121408462524","1.14446687698364","0","0","0.719663679599762","0.235658898949623","0","0","0.348587989807129"
"169.452250480652","0.328558874409646","0.51341700553894","582","47.2712745666504","1.28734397888184","2840.45383758545","156.287829208374","0.961719274520874","9.79182434082031","0.0666856840252876","0.218357905745506","0.0178386066108942","0.490635275840759","0.0094394264742732","0","1.38421440124512","0.718640863895416","0.367846537940204","0.224306136369705","1.34920012950897","0.380113929510117",,,,,,,,,,,,,,,,,,,,,,,,"2.42532420158386","1.13554441928864","0","0","0.708512723445892","0.235657557845116","0","0","0.343173772096634"
"169.194777488708","0.276180390361697","0.518134832382202","583","47.2860565185547","1.31782233715057","2852.10284729004","158.28427028656","0.964130759239197","9.68898010253906","0.0662470459938049","0.219550684094429","0.0177589803934097","0.491132259368896","0.00936357211321592","0","1.41978251934052","0.732593834400177","0.390875375829637","0.224644899368286","1.39149308204651","0.380067110061646",,,,,,,,,,,,,,,,,,,,,,,,"2.41934394836426","1.13941335678101","0","0","0.736292541027069","0.236013486981392","0","0","0.345516264438629"
"192.88324508667","-1.65987484157085","0.513262569904327","584","46.6546859741211","1.29063665866852","2691.23042297363","142.127855300903","0.966927170753479","9.48193836212158","0.0655988678336143","0.21549616754055","0.0178690440952778","0.492828696966171","0.0094161918386817","0","1.38598251342773","0.721778035163879","0.362434605322778","0.224383592605591","1.35773706436157","0.37998440861702",,,,,,,,,,,,,,,,,,,,,,,,"2.42972874641418","1.13058972358704","0","0","0.714712083339691","0.235738918185234","0","0","0.340185612440109"
"173.314868927002","-1.74396204799414","0.516070246696472","585","46.8967781066895","1.29098570346832","2378.19365081787","130.7160572052","0.966242492198944","9.69614219665527","0.0663514584302902","0.217493072152138","0.0179615411907434","0.483941495418549","0.009196687489748","0","1.3906831741333","0.719228982925415","0.322429354209453","0.225421130657196","1.37272346019745","0.381493270397186",,,,,,,,,,,,,,,,,,,,,,,,"2.42968988418579","1.13770985603333","0","0","0.709672808647156","0.236828982830048","0","0","0.344483911991119"
"174.183389854431","1.5666451215744","0.518539309501648","586","46.6983108520508","1.31059813499451","2385.29298400879","133.101504898071","0.969483971595764","9.73511600494385","0.0665117204189301","0.217200398445129","0.0176899377256632","0.485213547945023","0.0091537507250905","0","1.39555084705353","0.727137327194214","0.38697209157981","0.224028527736664","1.41544723510742","0.379776239395142",,,,,,,,,,,,,,,,,,,,,,,,"2.44847106933594","1.14656472206116","0","0","0.725365161895752","0.235365897417068","0","0","0.349867075681686"
"166.022386169434","-1.23128886818886","0.517598927021027","587","47.2514266967773","1.31729292869568","2670.14067687988","143.327684402466","0.967889726161957","9.5353946685791","0.0656498447060585","0.219658777117729","0.0180574636906385","0.493697285652161","0.00954096484929323","0","1.39854991436005","0.728836536407471","0.367463583499193","0.224891841411591","1.42365217208862","0.380720525979996",,,,,,,,,,,,,,,,,,,,,,,,"2.44816565513611","1.15048015117645","0","0","0.728759288787842","0.236272916197777","0","0","0.352260708808899"
"174.074984741211","0.613937796466053","0.516871273517609","588","47.626163482666","1.29889023303986","2084.82765197754","128.05415058136","0.968926310539246","10.0593948364258","0.067600317299366","0.221060916781425","0.0183180179446936","0.494469583034515","0.0093838507309556","0","1.38518667221069","0.724636375904083","0.377678513014689","0.224779337644577","1.34736752510071","0.380278587341309",,,,,,,,,,,,,,,,,,,,,,,,"2.42521739006042","1.13418292999268","0","0","0.720384061336517","0.236154705286026","0","0","0.342351406812668"
"144.874987602234","1.00405460447073","0.511755228042603","589","46.9015426635742","1.27871251106262","2095.99837493896","116.520604896545","0.971914231777191","9.84494686126709","0.0669348686933517","0.217094525694847","0.0181254781782627","0.489982038736343","0.00938181299716234","0","1.3724148273468","0.715515732765198","0.381923125963658","0.224590718746185","1.38999307155609","0.380402565002441",,,,,,,,,,,,,,,,,,,,,,,,"2.41337466239929","1.13093268871307","0","0","0.702363967895508","0.23595654964447","0","0","0.340392053127289"
"154.686856842041","0.0859694628976286","0.521380722522736","590","49.7712440490723","1.31461453437805","2585.45655822754","134.819413757324","0.966742277145386","10.0182476043701","0.0675198435783386","0.219039872288704","0.0183008592575788","0.482628405094147","0.00928198453038931","0","1.40227818489075","0.727660655975342","0.394008695147932","0.225673988461494","1.43251478672028","0.381491303443909","0.0802690908312798","0.217035368084908","0.942566275596619","0.362446635961533","0.0128259370103478","0.042116817086935","0.00677812099456787","0.436446905136108","0.00467560859397054","0.2816441655159","0.143119797110558","0.0900900810956955","0.663601696491241","0.22991618514061","1.17844104766846","0.595207512378693","0","0","0.028101097792387","0.0946492552757263","0","0","0.0942850187420845","2.44575071334839","1.14859998226166","0","0","0.726409673690796","0.237094640731812","0","0","0.351110219955444"
"162.346161651611","-0.20374015016132","0.510937869548798","591","46.6102447509766","1.28408122062683","2190.69997253418","118.328203773499","0.970368385314941","9.89144802093506","0.0671381577849388","0.216368168592453","0.0181128121912479","0.484642922878265","0.00912236794829369","0","1.37699067592621","0.717017531394958","0.336663906276226","0.224203497171402","1.37592315673828","0.380005925893784",,,,,,,,,,,,,,,,,,,,,,,,"2.43267774581909","1.13561415672302","0","0","0.705315470695496","0.235549718141556","0","0","0.343215972185135"
"180.390023994446","-0.981515297759324","0.514461278915405","592","47.192268371582","1.29994523525238","2215.14562835693","121.605290412903","0.973558783531189","9.90992546081543","0.0671201795339584","0.218764945864677","0.018477238714695","0.485038787126541","0.00918423198163509","0","1.38475298881531","0.722991645336151","0.339181051542982","0.224877446889877","1.47787988185883","0.380296111106873",,,,,,,,,,,,,,,,,,,,,,,,"2.43517732620239","1.14114916324615","0","0","0.717117667198181","0.236257791519165","0","0","0.346569776535034"
"160.279799842834","-1.9120546862483","0.518896222114563","593","47.1984558105469","1.31039392948151","2575.49555664063","134.848875427246","0.967556416988373","10.031102180481","0.0675557926297188","0.219380050897598","0.0181734096258879","0.488067269325256","0.0093891117721796","0","1.40718042850494","0.726169586181641","0.361871103011072","0.225326985120773","1.46670210361481","0.381218016147614",,,,,,,,,,,,,,,,,,,,,,,,"2.44381093978882","1.1471563577652","0","0","0.723435640335083","0.236730068922043","0","0","0.35022822022438"
"177.138601112366","-1.1457036614418","0.513172209262848","594","47.1553764343262","1.28426957130432","2286.68843078613","121.261311721802","0.970160245895386","9.83782005310059","0.0669764652848244","0.215217441320419","0.0183322802186012","0.492892533540726","0.00952669605612755","0","1.38429594039917","0.716930389404297","0.337878433568403","0.22431606054306","1.38685858249664","0.379837900400162",,,,,,,,,,,,,,,,,,,,,,,,"2.42905282974243","1.1360137462616","0","0","0.705143988132477","0.235668003559113","0","0","0.343457579612732"
"157.46704826355","2.32743146717548","0.517548859119415","595","46.601432800293","1.30967235565186","3044.49585571289","131.796430015564","0.970141470432281","9.9645414352417","0.0673480182886124","0.218196138739586","0.0181579757481813","0.487135261297226","0.00941967125982046","0","1.38932180404663","0.724654197692871","0.398429185012355","0.224969953298569","1.44662749767303","0.380951195955276",,,,,,,,,,,,,,,,,,,,,,,,"2.45699572563171","1.15152025222778","0","0","0.720419585704803","0.236354976892471","0","0","0.352897852659225"
"171.696445083618","1.2579781241715","0.51558530330658","596","47.4111328125","1.30685317516327","2834.58043823242","131.832857704163","0.971848130226135","9.82143592834473","0.0667972639203072","0.218395724892616","0.0184484757483006","0.488667190074921","0.00950038898736238","0","1.40020370483398","0.726273655891418","0.35900888252072","0.224303111433983","1.39029550552368","0.37984511256218",,,,,,,,,,,,,,,,,,,,,,,,"2.4479546546936","1.14277112483978","0","0","0.723643124103546","0.235654398798943","0","0","0.347555667161942"
"148.285095596313","1.96833550930023","0.520469665527344","597","47.787654876709","1.30334115028381","2472.60950012207","127.387700653076","0.968341827392578","10.2049722671509","0.0681542307138443","0.220852494239807","0.0178167521953583","0.489959985017776","0.00957688875496387","0","1.39271104335785","0.724867343902588","0.413632306363434","0.225096985697746","1.4253431558609","0.380749434232712",,,,,,,,,,,,,,,,,,,,,,,,"2.43685340881348","1.14022600650787","0","0","0.720843374729156","0.236488431692123","0","0","0.346009314060211"
"169.986033821106","-1.54719054996967","0.512168765068054","598","46.4127502441406","1.29738354682922","2435.04178466797","134.789113616943","0.967491805553436","9.77284049987793","0.0666515678167343","0.217321008443832","0.0178513675928116","0.48855909705162","0.00948344171047211","0","1.39139902591705","0.721391618251801","0.359288188256323","0.224086210131645","1.44833040237427","0.379773706197739",,,,,,,,,,,,,,,,,,,,,,,,"2.43695688247681","1.14351785182953","0","0","0.713946998119354","0.235426515340805","0","0","0.348010063171387"
"190.081975746155","-1.62938420325518","0.51257050037384","599","46.3902702331543","1.28902494907379","1983.43660583496","123.560666847229","0.96918386220932","9.84145832061768","0.0669462457299232","0.216423034667969","0.0178506970405579","0.490494906902313","0.00954338908195496","0","1.38108479976654","0.718948602676392","0.344620866701007","0.224122673273087","1.4160532951355","0.379699051380157",,,,,,,,,,,,,,,,,,,,,,,,"2.42692160606384","1.13763821125031","0","0","0.70911967754364","0.235464826226234","0","0","0.344440490007401"
"186.435336685181","-0.752992355116294","0.516537308692932","600","49.277099609375","1.31846904754639","2351.10509643555","137.186884880066","0.968957841396332","9.8914155960083","0.0670113265514374","0.219804883003235","0.0180553831160069","0.493840754032135","0.00956697389483452","0","1.40507709980011","0.72631299495697","0.365909249987453","0.225139811635017","1.52699029445648","0.381051391363144","0.0803387090563774","0.219187349081039","0.907159924507141","0.362176865339279","0.012797724455595","0.0427254214882851","0.00678259553387761","0.438386589288712","0.00478143664076924","0.282465398311615","0.143760070204735","0.0908957347273827","0.681818604469299","0.230878815054893","1.19949853420258","0.598523736000061","0","0","0.028353089466691","0.0954956784844398","0","0","0.0953385680913925","2.46175312995911","1.16016137599945","0","0","0.723721504211426","0.236533403396606","0","0","0.358214139938354"
"146.691311454773","1.44774296954274","0.52215301990509","601","47.1529350280762","1.31042969226837","2195.68123474121","129.710270500183","0.96961909532547","10.2829370498657","0.0684662386775017","0.220269799232483","0.0183903202414513","0.483862996101379","0.00934661645442247","0","1.39884996414185","0.729345977306366","0.416116933524609","0.226305782794952","1.435715675354","0.381956964731216",,,,,,,,,,,,,,,,,,,,,,,,"2.42262840270996","1.1350793838501","0","0","0.729778409004211","0.237758383154869","0","0","0.342892855405807"
"172.139826393127","0.0624370799865574","0.517713248729706","602","47.0919952392578","1.29573750495911","2337.14384765625","128.022092437744","0.968677759170532","10.0176305770874","0.067553423345089","0.218061208724976","0.0182355735450983","0.483133912086487","0.00920138601213694","0","1.38889753818512","0.723361492156982","0.374731380818412","0.225224077701569","1.44834589958191","0.381014823913574",,,,,,,,,,,,,,,,,,,,,,,,"2.42212724685669","1.13238036632538","0","0","0.717851579189301","0.236621960997581","0","0","0.341264098882675"
"192.406962585449","-2.36627372801304","0.5152827501297","603","47.096809387207","1.29653811454773","2602.25126953125","138.422972869873","0.967937171459198","10.1693553924561","0.0681099444627762","0.21842160820961","0.0182693619281054","0.485675126314163","0.00909150950610638","0","1.38905215263367","0.721309006214142","0.320386844873428","0.223967343568802","1.48581230640411","0.379216879606247",,,,,,,,,,,,,,,,,,,,,,,,"2.43879079818726","1.14260196685791","0","0","0.713783621788025","0.235301628708839","0","0","0.347452819347382"
"180.250061225891","-0.0926735934306635","0.511768341064453","604","45.9809494018555","1.29223740100861","2410.47075042725","132.950744819641","0.967280447483063","10.1595144271851","0.0680355504155159","0.219452023506165","0.0182961337268353","0.488034904003143","0.00937372446060181","0","1.37754797935486","0.716083586215973","0.368118707928807","0.225422993302345","1.52449572086334","0.381071984767914",,,,,,,,,,,,,,,,,,,,,,,,"2.44505906105042","1.1499354839325","0","0","0.7034792304039","0.236830934882164","0","0","0.351927250623703"
"150.401155090332","2.39886581897736","0.51862496137619","605","46.6470756530762","1.31161916255951","2497.22665710449","127.259105682373","0.969218015670776","10.1794996261597","0.0680892467498779","0.220028162002563","0.0183380749076605","0.488424450159073","0.0094916969537735","0","1.39808642864227","0.726264417171478","0.412131190765649","0.225244522094727","1.55481445789337","0.380741775035858",,,,,,,,,,,,,,,,,,,,,,,,"2.44373774528503","1.14899384975433","0","0","0.723624646663666","0.236643433570862","0","0","0.351351082324982"
"163.877186203003","0.719179628137499","0.514854431152344","606","46.424015045166","1.28301954269409","1968.54220581055","122.033764266968","0.967248439788818","10.1098508834839","0.0678770914673805","0.218695163726807","0.0188029129058123","0.487492114305496","0.00933082774281502","0","1.38719916343689","0.716710865497589","0.380098289297894","0.225640967488289","1.42704594135284","0.381044656038284",,,,,,,,,,,,,,,,,,,,,,,,"2.4193422794342","1.13235259056091","0","0","0.704712271690369","0.237059950828552","0","0","0.341247290372849"
"163.855883789062","-0.0155514468089677","0.521471917629242","607","47.234992980957","1.3231053352356","2842.14345092773","140.358025741577","0.968334972858429","10.4260702133179","0.0688897743821144","0.223199531435966","0.0189485345035791","0.48076406121254","0.00926152523607016","0","1.40981543064117","0.73027229309082","0.385877769440413","0.226625800132751","1.60261070728302","0.38207271695137",,,,,,,,,,,,,,,,,,,,,,,,"2.45356750488281","1.15230202674866","0","0","0.731633365154266","0.238094612956047","0","0","0.353377252817154"
"194.000599479675","-1.30330259799957","0.518160820007324","608","47.1741371154785","1.29525697231293","2239.95168762207","133.776410865784","0.965268909931183","10.4157552719116","0.0689024329185486","0.221812650561333","0.0185219272971153","0.489221185445786","0.009384092874825","0","1.38845729827881","0.720984280109406","0.353303123917431","0.225575849413872","1.50841403007507","0.38106381893158",,,,,,,,,,,,,,,,,,,,,,,,"2.43537473678589","1.13876712322235","0","0","0.713141024112701","0.23699152469635","0","0","0.345124423503876"
"166.878051376343","-0.507602475583553","0.520826876163483","609","47.2477989196777","1.31743311882019","2115.95905609131","138.117371177673","0.966583788394928","10.1659450531006","0.0680020526051521","0.221020072698593","0.0187617763876915","0.488104492425919","0.0095043433830142","0","1.40991508960724","0.728683650493622","0.343432670552284","0.226427137851715","1.52464127540588","0.382437199354172",,,,,,,,,,,,,,,,,,,,,,,,"2.44234418869019","1.14857280254364","0","0","0.728453576564789","0.237885892391205","0","0","0.351093620061874"
"153.630916213989","-0.719407541956752","0.509876728057861","610","49.2324256896973","1.26477420330048","1659.58883361816","111.124145317078","0.969696164131165","10.3187160491943","0.0686986818909645","0.217518523335457","0.0186030305922031","0.490071564912796","0.00944423209875822","0","1.36636066436768","0.709024548530579","0.376804435439408","0.224300101399422","1.42668509483337","0.379523754119873","0.0805338174104691","0.220460742712021","0.925091445446014","0.387923359870911","0.0132845863699913","0.0431525371968746","0.00705606769770384","0.443481117486954","0.004848912358284","0.283227324485779","0.143205434083939","0.0926780551671982","0.711292445659637","0.23275326192379","1.1772665977478","0.597327351570129","0","0","0.0281347371637821","0.0973682031035423","0","0","0.0949578136205673","2.4195511341095","1.12935829162598","0","0","0.689678072929382","0.235651209950447","0","0","0.33944496512413"
"170.367418479919","-0.279909041430801","0.522302031517029","611","47.135009765625","1.32368302345276","2746.10446472168","137.251666259766","0.971759915351868","10.4346609115601","0.0690007209777832","0.221031278371811","0.0189154148101807","0.482559531927109","0.00933246128261089","0","1.39739799499512","0.731941640377045","0.358117204811424","0.226427003741264","1.60188233852386","0.381792545318604",,,,,,,,,,,,,,,,,,,,,,,,"2.44729042053223","1.14811718463898","0","0","0.734982013702393","0.237885758280754","0","0","0.350815176963806"
"187.619687271118","-1.53634592145681","0.513135373592377","612","46.7427635192871","1.29118454456329","2259.15012664795","124.186690330505","0.97032904624939","10.2745933532715","0.0684225335717201","0.220616608858109","0.0188742224127054","0.492730259895325","0.00956913828849792","0","1.37338757514954","0.718890368938446","0.348772330395877","0.224671199917793","1.52456414699554","0.380168884992599",,,,,,,,,,,,,,,,,,,,,,,,"2.43735885620117","1.14043927192688","0","0","0.709004700183868","0.236041098833084","0","0","0.346138715744019"
"165.136305236816","-0.634835732949432","0.517914354801178","613","47.4798393249512","1.29959714412689","2244.55149841309","123.020766067505","0.97284060716629","10.5086622238159","0.0692476481199265","0.221739500761032","0.018923306837678","0.488651484251022","0.00944435782730579","0","1.39745032787323","0.724309086799622","0.363034885004163","0.225484415888786","1.45190024375916","0.380883574485779",,,,,,,,,,,,,,,,,,,,,,,,"2.42119741439819","1.13520407676697","0","0","0.719733476638794","0.236895471811295","0","0","0.342968165874481"
"171.074401855469","1.04481840115041","0.522844791412354","614","48.8513603210449","1.30656707286835","2297.20019836426","134.625304603577","0.968261957168579","10.3686332702637","0.0687030106782913","0.222495451569557","0.0194095745682716","0.490024417638779","0.00960241723805666","0","1.40840351581573","0.728034317493439","0.382592557091266","0.227259039878845","1.52644681930542","0.382738351821899",,,,,,,,,,,,,,,,,,,,,,,,"2.4177577495575","1.13136327266693","0","0","0.727155864238739","0.238759905099869","0","0","0.340651333332062"
"172.148072814941","-1.22786487787962","0.506122529506683","615","46.2619171142578","1.26785850524902","1995.9444152832","116.611719322205","0.969042658805847","10.1982269287109","0.0681951120495796","0.219045773148537","0.0185159873217344","0.487330734729767","0.00935117527842522","0","1.36517107486725","0.707378447055817","0.332531149871647","0.224694684147835","1.51069700717926","0.380069226026535",,,,,,,,,,,,,,,,,,,,,,,,"2.42929267883301","1.13907873630524","0","0","0.686479330062866","0.236065775156021","0","0","0.345313400030136"
"179.223283004761","-0.0267554624937475","0.513549029827118","616","48.6372718811035","1.29281485080719","2129.22706298828","128.949744033813","0.968367457389832","10.4534502029419","0.069121889770031","0.219596907496452","0.0187652371823788","0.4832863509655","0.00936656724661589","0","1.38223814964294","0.716032087802887","0.331060476973653","0.225938975811005","1.54480564594269","0.381280511617661",,,,,,,,,,,,,,,,,,,,,,,,"2.44275569915771","1.15015864372253","0","0","0.703377962112427","0.237373039126396","0","0","0.352063834667206"
"172.925395584106","-1.20538071021438","0.514057636260986","617","47.8723220825195","1.29966294765472","2208.00342102051","130.374103164673","0.967597842216492","10.7433071136475","0.0700330957770348","0.22374327480793","0.0190380923449993","0.487942934036255","0.00943629257380962","0","1.39503240585327","0.72203516960144","0.358353708405048","0.225329861044884","1.55501484870911","0.380462437868118",,,,,,,,,,,,,,,,,,,,,,,,"2.44195890426636","1.14302206039429","0","0","0.715221464633942","0.236733093857765","0","0","0.347708374261856"
"168.681408309937","-1.74903691858053","0.514037370681763","618","48.9078712463379","1.30609023571014","2310.08184814453","134.480741119385","0.969869554042816","10.3782062530518","0.0687748119235039","0.221503376960754","0.0191271658986807","0.493271887302399","0.00964748300611973","0","1.4119279384613","0.724429547786713","0.363826010096818","0.225379586219788","1.61251199245453","0.380594432353973",,,,,,,,,,,,,,,,,,,,,,,,"2.44534730911255","1.14568769931793","0","0","0.719972848892212","0.236785352230072","0","0","0.349332004785538"
"199.05921421051","-1.97289633750916","0.511510848999023","619","47.2384948730469","1.28608024120331","2522.85537719727","131.096607398987","0.967960357666016","10.5830402374268","0.0695865377783775","0.219909593462944","0.0193086620420218","0.487341433763504","0.00955721735954285","0","1.39224457740784","0.717366278171539","0.303737353347242","0.224792674183846","1.55228650569916","0.379865050315857",,,,,,,,,,,,,,,,,,,,,,,,"2.42929220199585","1.13676142692566","0","0","0.706001698970795","0.236168727278709","0","0","0.343909800052643"
"171.783666801453","-1.32673894166946","0.51672375202179","620","51.2804756164551","1.29939675331116","2242.3736907959","125.455849838257","0.969371497631073","10.6172733306885","0.0695970356464386","0.223090022802353","0.0193002987653017","0.488324463367462","0.00964467413723469","0","1.38033163547516","0.720794200897217","0.356721343519166","0.226414680480957","1.55424284934998","0.381732404232025","0.0804923623800278","0.220596551895142","0.938432931900024","0.384548872709274","0.013231991790235","0.0428199507296085","0.00706452038139105","0.445771306753159","0.00495688151568174","0.282844692468643","0.143323838710785","0.0929118171334267","0.737708508968353","0.232608482241631","1.18229532241821","0.596835494041443","0","0","0.0281812772154808","0.0976137891411781","0","0","0.0948014929890633","2.43747782707214","1.14474725723267","0","0","0.712765157222748","0.237872794270515","0","0","0.348758786916733"
"168.496981620789","1.99802053272724","0.516813635826111","621","47.2050743103027","1.30663502216339","1935.57560577393","123.213525009155","0.970450162887573","10.6625318527222","0.0697600916028023","0.223155379295349","0.0195550993084908","0.487935900688171","0.00947648286819458","0","1.39685189723969","0.722950339317322","0.37123347343877","0.226078689098358","1.62583863735199","0.381076157093048",,,,,,,,,,,,,,,,,,,,,,,,"2.45295739173889","1.15018439292908","0","0","0.71703565120697","0.237519800662994","0","0","0.352079629898071"
"182.629074668884","-0.997939708735794","0.513625025749207","622","47.8162994384766","1.28351294994354","1957.31213684082","128.284459495544","0.969323456287384","11.1346302032471","0.0714472234249115","0.223596274852753","0.0188918709754944","0.484427779912949","0.009461909532547","0","1.38168215751648","0.71874862909317","0.36667918022722","0.225607797503471","1.51840209960938","0.380860805511475",,,,,,,,,,,,,,,,,,,,,,,,"2.41434979438782","1.1265561580658","0","0","0.708725214004517","0.237025111913681","0","0","0.337762653827667"
"174.333180809021","-1.478519757092","0.512769877910614","623","47.439151763916","1.29295265674591","2216.94895019531","132.714050865173","0.967329263687134","10.5604658126831","0.069486491382122","0.220393404364586","0.0194713436067104","0.488327145576477","0.00968025345355272","0","1.39760673046112","0.718126177787781","0.361684519425035","0.225637033581734","1.5119309425354","0.380809754133224",,,,,,,,,,,,,,,,,,,,,,,,"2.44474768638611","1.14415609836578","0","0","0.707498133182526","0.237055823206902","0","0","0.348398655653"
"171.329840660095","0.610914461687207","0.512767434120178","624","47.4441528320313","1.28544414043427","2160.49434814453","129.373902893066","0.967797100543976","10.7609806060791","0.0701843351125717","0.221325054764748","0.01908178627491","0.48256516456604","0.00941426586359739","0","1.38548672199249","0.716284513473511","0.377768361661583","0.226123541593552","1.58938002586365","0.381409019231796",,,,,,,,,,,,,,,,,,,,,,,,"2.42419934272766","1.13691580295563","0","0","0.703874051570892","0.237566947937012","0","0","0.344003200531006"
"194.90417175293","-0.888390320539475","0.516569375991821","625","47.0647048950195","1.31167125701904","2380.82297058105","137.176671028137","0.968506336212158","10.4325361251831","0.0689913704991341","0.221072852611542","0.0191004574298859","0.486286222934723","0.00963767897337675","0","1.40107417106628","0.727530479431152","0.34753670329228","0.225650623440742","1.58471941947937","0.381047666072845",,,,,,,,,,,,,,,,,,,,,,,,"2.43227863311768","1.14424264431","0","0","0.72614985704422","0.237070083618164","0","0","0.348451316356659"
"166.975942993164","0.0588980332715437","0.507717847824097","626","47.9312438964844","1.27613615989685","2542.49512023926","128.681365203857","0.970574378967285","10.7569580078125","0.0701354742050171","0.222280740737915","0.0195106640458107","0.48628631234169","0.00955688115209341","0","1.36742806434631","0.711058080196381","0.367147001810372","0.225907012820244","1.60555863380432","0.381106376647949",,,,,,,,,,,,,,,,,,,,,,,,"2.43507361412048","1.13882064819336","0","0","0.693639814853668","0.237339466810226","0","0","0.345156908035278"
"157.117743301392","0.727517473977059","0.520993053913116","627","47.5195198059082","1.31895196437836","2343.49324035645","141.844820022583","0.967806935310364","10.7937097549438","0.0702589377760887","0.222555503249168","0.0193498581647873","0.481284201145172","0.00965550635010004","0","1.42314898967743","0.730250835418701","0.413703861087561","0.225818961858749","1.60368537902832","0.381025582551956",,,,,,,,,,,,,,,,,,,,,,,,"2.43425273895264","1.14697051048279","0","0","0.731590330600739","0.237246930599213","0","0","0.350114703178406"
"175.405181503296","0.338505790269119","0.513008594512939","628","47.9729118347168","1.28971219062805","1785.60593109131","111.568479728699","0.971857845783234","10.5897035598755","0.0694948807358742","0.223122984170914","0.0191562976688147","0.48421448469162","0.00938698835670948","0","1.37900698184967","0.716324388980865","0.359934739442542","0.225927636027336","1.60079383850098","0.381043791770935",,,,,,,,,,,,,,,,,,,,,,,,"2.44408440589905","1.14415597915649","0","0","0.703952372074127","0.237361118197441","0","0","0.348398596048355"
"185.669652748108","-0.778866225294769","0.520818293094635","629","47.8052864074707","1.31956958770752","2208.26596679688","129.971747207642","0.971186757087708","10.6783981323242","0.069777175784111","0.224278524518013","0.0197492428123951","0.486855387687683","0.00972577091306448","0","1.42087042331696","0.731473922729492","0.340784210991114","0.226375624537468","1.63275361061096","0.381703078746796",,,,,,,,,,,,,,,,,,,,,,,,"2.43050646781921","1.14299952983856","0","0","0.734043061733246","0.23783178627491","0","0","0.347694665193558"
"167.361321640015","0.832724596373737","0.510679006576538","630","49.9138870239258","1.29805445671082","2442.6320892334","136.811101341248","0.968859255313873","10.45006275177","0.0690213218331337","0.222026750445366","0.0195090733468533","0.490830957889557","0.00957889202982187","0","1.39314866065979","0.720123946666718","0.368363809213042","0.225042790174484","1.63953304290771","0.380062282085419","0.080506257712841","0.219793975353241","0.923816204071045","0.389542520046234","0.0133308796212077","0.0427342429757118","0.00711076194420457","0.446378916501999","0.00498844683170319","0.284103095531464","0.143340781331062","0.0921454131603241","0.752103865146637","0.231788396835327","1.17932271957397","0.596822679042816","0","0","0.0281879436224699","0.0968086048960686","0","0","0.0947974175214767","2.44975399971008","1.14708185195923","0","0","0.711440145969391","0.236431509256363","0","0","0.350182682275772"
"181.566333198547","-1.56002473682165","0.509480595588684","631","47.4825973510742","1.28561842441559","2802.43019104004","145.192090797424","0.966643691062927","10.4220304489136","0.0690355598926544","0.218776881694794","0.0189401190727949","0.484221339225769","0.00935518741607666","0","1.38987982273102","0.719738721847534","0.351129527390003","0.224404871463776","1.53275632858276","0.379368722438812",,,,,,,,,,,,,,,,,,,,,,,,"2.41876435279846","1.12891411781311","0","0","0.710679113864899","0.235761299729347","0","0","0.339177995920181"
"157.455255508423","0.614699294790626","0.51738566160202","632","47.9325256347656","1.30839991569519","2195.47553253174","131.696774482727","0.970040380954742","10.7151823043823","0.0699495077133179","0.22322590649128","0.0193830579519272","0.478443294763565","0.00914996676146984","0","1.39924240112305","0.724413275718689","0.387242724560201","0.226394951343536","1.6626273393631","0.38137885928154",,,,,,,,,,,,,,,,,,,,,,,,"2.43349695205688","1.14777708053589","0","0","0.719940483570099","0.237852096557617","0","0","0.350607305765152"
"166.488711357117","0.422871502349153","0.51490992307663","633","48.4316482543945","1.29893839359283","2115.14674530029","135.148597145081","0.969098389148712","10.5203447341919","0.069317527115345","0.220996081829071","0.01938596367836","0.477926075458527","0.00919559318572283","0","1.40301561355591","0.724434614181519","0.419357203319669","0.225268959999084","1.50903868675232","0.380206137895584",,,,,,,,,,,,,,,,,,,,,,,,"2.41995596885681","1.13407516479492","0","0","0.719982981681824","0.236669108271599","0","0","0.342286318540573"
"155.917264175415","0.930611803755164","0.512429058551788","634","47.9884338378906","1.28006267547607","2230.47864990234","133.669721221924","0.965386569499969","10.7668895721436","0.0702842175960541","0.219118535518646","0.019137317314744","0.481745332479477","0.00967536680400372","0","1.37442076206207","0.714307963848114","0.3772473085206","0.225781872868538","1.58446538448334","0.380901753902435",,,,,,,,,,,,,,,,,,,,,,,,"2.42472219467163","1.13502490520477","0","0","0.699994742870331","0.237207978963852","0","0","0.342859923839569"
"185.870097541809","0.854006490111351","0.520957350730896","635","47.7811851501465","1.32022774219513","2769.36268615723","145.668411064148","0.967476367950439","10.5781812667847","0.0695518776774406","0.220379665493965","0.0194305274635553","0.481566041707993","0.00931875966489315","0","1.41815531253815","0.732644319534302","0.362187005579472","0.225426241755486","1.63486790657043","0.380166321992874",,,,,,,,,,,,,,,,,,,,,,,,"2.43315577507019","1.14185631275177","0","0","0.736393928527832","0.236834347248077","0","0","0.34699946641922"
"172.520959663391","1.26732558049262","0.513249754905701","636","46.9212913513184","1.29875922203064","1911.55365447998","122.212310600281","0.970205426216125","10.4212245941162","0.0689784362912178","0.220277920365334","0.0193813275545835","0.480288028717041","0.00936964247375727","0","1.40286302566528","0.719756841659546","0.375277464091778","0.226353466510773","1.65280020236969","0.381565362215042",,,,,,,,,,,,,,,,,,,,,,,,"2.44324469566345","1.1471688747406","0","0","0.710714876651764","0.237808510661125","0","0","0.350235879421234"
"166.185910987854","0.163312780112028","0.517124772071838","637","47.1506156921387","1.30665016174316","2171.41258239746","128.512103652954","0.969493508338928","10.7445297241211","0.0700765028595924","0.222665160894394","0.0190321486443281","0.479972213506699","0.00947120692580938","0","1.40247046947479","0.723183989524841","0.371164494939148","0.226042538881302","1.65088140964508","0.381320804357529",,,,,,,,,,,,,,,,,,,,,,,,"2.45487260818481","1.14951372146606","0","0","0.717499196529388","0.237481832504272","0","0","0.351669102907181"
"163.130545425415","-1.22400599513203","0.509304463863373","638","47.0979309082031","1.28026866912842","2064.90684814453","130.152478218079","0.967041730880737","10.2494668960571","0.0683966279029846","0.218759074807167","0.0193375758826733","0.487893372774124","0.00982758030295372","0","1.36936819553375","0.714137256145477","0.397641080245376","0.225560516119003","1.55880129337311","0.380945235490799",,,,,,,,,,,,,,,,,,,,,,,,"2.42784214019775","1.13630366325378","0","0","0.699660360813141","0.236975431442261","0","0","0.343632876873016"
"177.974742507935","-0.930800783075392","0.509955286979675","639","47.5190696716309","1.28554177284241","1928.14052429199","123.568674087524","0.967783749103546","10.4521331787109","0.0691185146570206","0.219556003808975","0.0192085597664118","0.490339875221252","0.00982479006052017","0","1.38914322853088","0.714347362518311","0.336092858109623","0.224522605538368","1.59951055049896","0.379633128643036",,,,,,,,,,,,,,,,,,,,,,,,"2.44259452819824","1.14610207080841","0","0","0.70007199048996","0.235884994268417","0","0","0.34958478808403"
"195.091756057739","-0.657957878150046","0.515831649303436","640","49.6282920837402","1.3070662021637","2149.36045532227","132.410963249207","0.968616902828217","10.4243602752686","0.0688804164528847","0.223282262682915","0.0194739867001772","0.489056795835495","0.0098231565207243","0","1.40300405025482","0.722803473472595","0.372156457323581","0.225815087556839","1.64529359340668","0.380883097648621","0.0806624293327332","0.222294896841049","0.91737174987793","0.402356028556824","0.0135441971942782","0.0435456670820713","0.00725545361638069","0.450748980045319","0.00509247789159417","0.283884793519974","0.143857777118683","0.0936244502663612","0.771482884883881","0.232793375849724","1.18495988845825","0.599158048629761","0","0","0.0283916424959898","0.0983624905347824","0","0","0.0955407693982124","2.44245290756226","1.15181577205658","0","0","0.716744363307953","0.237242862582207","0","0","0.35307902097702"
"192.456750297546","-2.53224769830704","0.504780828952789","641","48.2299880981445","1.26226806640625","2028.75921173096","116.37134437561","0.969624280929565","10.5693044662476","0.0695454850792885","0.219651952385902","0.0196423325687647","0.490844964981079","0.00970761571079493","0","1.35699212551117","0.70597368478775","0.313225160958245","0.224273070693016","1.57855308055878","0.37923526763916",,,,,,,,,,,,,,,,,,,,,,,,"2.42779779434204","1.13507437705994","0","0","0.683755457401276","0.235622808337212","0","0","0.342889755964279"
"165.269432067871","-0.539069118350744","0.516324996948242","642","47.8512573242188","1.30840408802032","1936.53772888184","120.888285446167","0.971979439258575","10.2341089248657","0.0681871622800827","0.222909688949585","0.0191234927624464","0.500863492488861","0.00995110627263784","0","1.40542435646057","0.725789546966553","0.37341147903353","0.225314721465111","1.61859536170959","0.380251437425613",,,,,,,,,,,,,,,,,,,,,,,,"2.44424748420715","1.14515650272369","0","0","0.722678780555725","0.23671717941761","0","0","0.349008142948151"
"167.586152076721","0.0517347533488646","0.515029907226563","643","47.9845924377441","1.30075490474701","2209.49677124023","134.759496688843","0.96770566701889","10.3041381835938","0.068453349173069","0.222771257162094","0.0190447084605694","0.494201093912125","0.00985192973166704","0","1.39099967479706","0.721512973308563","0.360729932365939","0.225913688540459","1.56633150577545","0.381127595901489",,,,,,,,,,,,,,,,,,,,,,,,"2.44019055366516","1.14550566673279","0","0","0.714187383651733","0.237346470355988","0","0","0.349221050739288"
"168.435435295105","1.08340673744679","0.518292725086212","644","48.3669967651367","1.31338977813721","2546.49949645996","138.226365661621","0.969186067581177","10.4321098327637","0.0689420253038406","0.222383007407188","0.0194956362247467","0.494547337293625","0.0100425463169813","0","1.40170669555664","0.726434409618378","0.371177148027346","0.226386621594429","1.61664867401123","0.381705164909363",,,,,,,,,,,,,,,,,,,,,,,,"2.44181537628174","1.14937305450439","0","0","0.723963439464569","0.237843334674835","0","0","0.351583063602448"
"181.733135223389","0.691109170671552","0.511235237121582","645","47.5379066467285","1.28631913661957","2590.27409973145","143.662728881836","0.967983484268188","10.3270950317383","0.068606473505497","0.220923468470573","0.0196008924394846","0.498718023300171","0.0100021502003074","0","1.37886130809784","0.718032538890839","0.376710810605437","0.225184142589569","1.61894500255585","0.380447566509247",,,,,,,,,,,,,,,,,,,,,,,,"2.42413425445557","1.13430559635162","0","0","0.707313716411591","0.23657999932766","0","0","0.342425435781479"
"175.185987281799","1.02434758106247","0.515195906162262","646","46.9585037231445","1.30648553371429","2951.33491821289","148.326647567749","0.968617022037506","9.93466472625732","0.0671192556619644","0.221315026283264","0.0191519893705845","0.498174071311951","0.0100722033530474","0","1.40465569496155","0.728017032146454","0.409525133296847","0.22490206360817","1.57694721221924","0.380259841680527",,,,,,,,,,,,,,,,,,,,,,,,"2.42602610588074","1.13539016246796","0","0","0.727121353149414","0.236283645033836","0","0","0.34308061003685"
"165.45902633667","-1.60226305574179","0.5064697265625","647","46.5550842285156","1.27390468120575","2208.0419418335","123.135338401794","0.969652950763702","10.0562419891357","0.0676377564668655","0.219726577401161","0.0192285906523466","0.500587821006775","0.00994658097624779","0","1.37855541706085","0.713236927986145","0.362010083068162","0.223740726709366","1.53726887702942","0.379010766744614",,,,,,,,,,,,,,,,,,,,,,,,"2.42181062698364","1.13184905052185","0","0","0.697897255420685","0.235063552856445","0","0","0.340943872928619"
"208.530939865112","-2.07916828989983","0.512338161468506","648","47.0519523620605","1.28934514522552","1918.30861816406","124.910597801208","0.96710479259491","10.1060876846313","0.0677875578403473","0.220748215913773","0.0189907867461443","0.495860934257507","0.00997249502688646","0","1.38007020950317","0.718246042728424","0.341587802860886","0.225265175104141","1.55464673042297","0.380793035030365",,,,,,,,,,,,,,,,,,,,,,,,"2.4326548576355","1.13847172260284","0","0","0.70773446559906","0.236665144562721","0","0","0.344945460557938"
"211.253827285767","1.0767074117437","0.51539272069931","649","46.6085433959961","1.30411875247955","2491.30514068603","132.044277191162","0.97016704082489","10.2754249572754","0.0683768689632416","0.221945732831955","0.01940449886024","0.496041774749756","0.0100664123892784","0","1.40010488033295","0.724414348602295","0.341619637142867","0.225591719150543","1.60454654693604","0.380722135305405",,,,,,,,,,,,,,,,,,,,,,,,"2.43987417221069","1.1421332359314","0","0","0.7199427485466","0.237008213996887","0","0","0.347167760133743"
"185.713547325134","-1.926979406178","0.517673969268799","650","49.1724624633789","1.30447685718536","2152.34432373047","134.473114585876","0.965325951576233","10.3499212265015","0.06857530772686","0.224075078964233","0.0193058922886848","0.495774775743484","0.00995260663330555","0","1.39557957649231","0.724597334861755","0.354507425520569","0.22546948492527","1.66519355773926","0.380962669849396","0.0802308619022369","0.220018655061722","0.933593928813934","0.399231791496277","0.0134571753442287","0.0443069189786911","0.0070376698859036","0.455259293317795","0.00515763321891427","0.282633483409882","0.143330752849579","0.0920308828353882","0.774101436138153","0.231004625558853","1.18685305118561","0.597920179367065","0","0","0.0281839966773987","0.0966882705688477","0","0","0.0951463878154755","2.4419949054718","1.14233529567719","0","0","0.720306396484375","0.236879780888557","0","0","0.347290605306625"
"181.456590461731","-1.2025195967406","0.512186169624329","651","47.031982421875","1.28349876403809","1986.03655853271","119.192381095886","0.970041990280151","10.310206413269","0.06845573335886","0.223317489027977","0.0194025784730911","0.497893482446671","0.0100068636238575","0","1.3759605884552","0.716624557971954","0.354681178368628","0.225174084305763","1.61142444610596","0.380427658557892",,,,,,,,,,,,,,,,,,,,,,,,"2.41686272621155","1.13424134254456","0","0","0.704542577266693","0.236569449305534","0","0","0.342386692762375"
"151.352950668335","-0.47571013153065","0.512182295322418","652","47.3857955932617","1.29000389575958","2144.02696685791","122.46901512146","0.96892899274826","9.96805477142334","0.0671774968504906","0.22313791513443","0.0192073993384838","0.494788557291031","0.00976219773292542","0","1.39257574081421","0.718091130256653","0.378796561993659","0.225248917937279","1.67099142074585","0.380541414022446",,,,,,,,,,,,,,,,,,,,,,,,"2.43234968185425","1.14008986949921","0","0","0.707429170608521","0.236648052930832","0","0","0.34592667222023"
"152.813053894043","1.02718811184168","0.509427964687347","653","47.1102485656738","1.2786260843277","1821.16176757812","116.80077381134","0.96862119436264","10.2716379165649","0.0682962536811829","0.223744258284569","0.0192762762308121","0.492297917604446","0.0097204428166151","0","1.38214647769928","0.713069915771484","0.383313006814569","0.225719198584557","1.62539076805115","0.381090402603149",,,,,,,,,,,,,,,,,,,,,,,,"2.42371225357056","1.13676750659943","0","0","0.697570502758026","0.237142115831375","0","0","0.343913465738297"
"170.485076904297","0.593870785832405","0.509378850460052","654","47.0103340148926","1.28465664386749","1918.68671264648","119.468984794617","0.970463156700134","10.0600214004517","0.0676190555095673","0.220618844032288","0.0191464759409428","0.490895658731461","0.00955567788332701","0","1.39591860771179","0.71680474281311","0.384022366348654","0.224707126617432","1.63727474212646","0.379986137151718",,,,,,,,,,,,,,,,,,,,,,,,"2.43466663360596","1.13638317584991","0","0","0.704896867275238","0.236078858375549","0","0","0.343681007623672"
"161.50233631134","0.211325233112439","0.510108172893524","655","46.3310508728027","1.28817534446716","1848.88222045898","119.200863647461","0.973353803157806","10.356014251709","0.0686733052134514","0.222029373049736","0.0194441694766283","0.486673206090927","0.00952834915369749","0","1.39138579368591","0.719435155391693","0.373788567259908","0.224905729293823","1.6129412651062","0.380439788103104",,,,,,,,,,,,,,,,,,,,,,,,"2.42471408843994","1.13328242301941","0","0","0.710079789161682","0.236287504434586","0","0","0.341808021068573"
"174.788265609741","-1.60890345275402","0.517779946327209","656","47.2354278564453","1.2971283197403","2075.02733459473","125.667963027954","0.968861222267151","10.6965980529785","0.0698415860533714","0.224333271384239","0.019621329382062","0.489500939846039","0.00957860238850117","0","1.3747171163559","0.720597863197327","0.368889728654176","0.226089224219322","1.6572539806366","0.381168067455292",,,,,,,,,,,,,,,,,,,,,,,,"2.43768167495728","1.14222025871277","0","0","0.712376773357391","0.237530887126923","0","0","0.347220748662949"
"164.057344055176","-0.864260822534561","0.514580368995667","657","47.7143974304199","1.29632556438446","2075.67726745605","127.397633361816","0.968316316604614","10.2570695877075","0.0683189406991005","0.221660986542702","0.0194215197116137","0.495656579732895","0.0096946069970727","0","1.39358389377594","0.722208321094513","0.378500554990023","0.225496366620064","1.60794401168823","0.38079959154129",,,,,,,,,,,,,,,,,,,,,,,,"2.42203450202942","1.13666749000549","0","0","0.715564548969269","0.236908033490181","0","0","0.343852996826172"
"163.763076210022","-0.426080037467182","0.507725358009338","658","46.7557525634766","1.27420055866241","2213.94347839355","124.246159553528","0.971184015274048","10.515552520752","0.0692412480711937","0.222611755132675","0.0199420731514692","0.490039944648743","0.00967253558337688","0","1.36272597312927","0.711910367012024","0.369007069896907","0.225393190979958","1.62000942230225","0.380745321512222",,,,,,,,,,,,,,,,,,,,,,,,"2.41647863388062","1.13376200199127","0","0","0.695303618907928","0.236799612641335","0","0","0.342097371816635"
"156.031865882874","1.04871971867979","0.518761277198792","659","46.9166107177734","1.31879782676697","2173.09737854004","119.417415618896","0.972114264965057","10.4088525772095","0.0688326954841614","0.223019868135452","0.0193816293030977","0.487128108739853","0.00942300818860531","0","1.40248370170593","0.727122366428375","0.392308641690761","0.226879566907883","1.58456492424011","0.382266372442245",,,,,,,,,,,,,,,,,,,,,,,,"2.46221685409546","1.15510940551758","0","0","0.725335359573364","0.238361224532127","0","0","0.355101257562637"
"163.151296043396","0.0487854182778392","0.517802894115448","660","49.0590019226074","1.31120789051056","2190.95448760986","131.795031166077","0.96893322467804","10.581521987915","0.0694098398089409","0.224628701806068","0.0191423315554857","0.49025771021843","0.00972084607928991","0","1.39793014526367","0.725886225700378","0.376287572551519","0.226279109716415","1.63646960258484","0.38210192322731","0.080536462366581","0.22157147526741","0.919394552707672","0.413829356431961","0.0137159172445536","0.0447078458964825","0.00717540085315704","0.445420771837234","0.0050005903467536","0.283803194761276","0.143276408314705","0.0938425362110138","0.765707015991211","0.232692003250122","1.18404698371887","0.596885025501251","0","0","0.028162632137537","0.098591610789299","0","0","0.094817228615284","2.44662261009216","1.14777517318726","0","0","0.722871243953705","0.237730383872986","0","0","0.350606173276901"
"157.528707313538","0.0141429268522188","0.511800587177277","661","46.8363723754883","1.29304790496826","1821.94559020996","109.946368789673","0.973031163215637","10.1263418197632","0.0678200796246529","0.221924990415573","0.0189811326563358","0.493235379457474","0.00980809703469276","0","1.39711999893188","0.718675792217255","0.354504559189081","0.225945308804512","1.51760900020599","0.381040424108505",,,,,,,,,,,,,,,,,,,,,,,,"2.43945646286011","1.1419997215271","0","0","0.708581566810608","0.237379685044289","0","0","0.347086638212204"
"148.317105102539","0.181565555190537","0.512140870094299","662","46.6133728027344","1.29297006130219","1779.43465118408","122.06791229248","0.968347489833832","10.1488428115845","0.067927323281765","0.221308708190918","0.0189777538180351","0.490766167640686","0.00957721751183271","0","1.40340566635132","0.718487679958344","0.38313342705369","0.225190371274948","1.56162226200104","0.380756705999374",,,,,,,,,,,,,,,,,,,,,,,,"2.43407964706421","1.14378523826599","0","0","0.708210706710815","0.236586540937424","0","0","0.348172843456268"
"189.196623802185","-2.66608638167381","0.497304201126099","663","46.7217330932617","1.25802111625671","2079.50567626953","109.916966819763","0.971672177314758","9.92173099517822","0.0670763999223709","0.221148252487183","0.0187563300132751","0.499407142400742","0.00990075711160898","0","1.36723589897156","0.703319489955902","0.319153770338744","0.224307641386986","1.53971242904663","0.379239946603775",,,,,,,,,,,,,,,,,,,,,,,,"2.42611885070801","1.13647747039795","0","0","0.678623855113983","0.235659152269363","0","0","0.343738049268723"
"165.676999664307","0.600163922132378","0.517198443412781","664","46.8113250732422","1.30919218063354","2274.29585571289","131.725276565552","0.970514595508575","10.3862342834473","0.0687179714441299","0.223860755562782","0.0185600183904171","0.490930497646332","0.00983843207359314","0","1.39184927940369","0.727141261100769","0.385165002755821","0.226656183600426","1.59615159034729","0.382254093885422",,,,,,,,,,,,,,,,,,,,,,,,"2.434086561203","1.13970386981964","0","0","0.725373089313507","0.238126546144485","0","0","0.345692485570908"
"161.684147262573","0.448391896649264","0.51102876663208","665","46.9810981750488","1.29390561580658","2040.65655517578","133.954942131042","0.963954508304596","10.3060827255249","0.0684761181473732","0.222349286079407","0.0184274483472109","0.495467513799667","0.00980464927852154","0","1.38819313049316","0.718669831752777","0.383675243891776","0.225570037961006","1.58792853355408","0.380967766046524",,,,,,,,,,,,,,,,,,,,,,,,"2.43588471412659","1.14407682418823","0","0","0.708569824695587","0.236985430121422","0","0","0.348350375890732"
"148.884221458435","-1.39570480361581","0.514774918556213","666","47.0329666137695","1.29594683647156","1789.99609222412","117.104223823547","0.97156810760498","10.4417152404785","0.0689163133502007","0.224049940705299","0.0186758544296026","0.492228120565414","0.00972253177314997","0","1.39134454727173","0.722038686275482","0.366902927868068","0.225649192929268","1.50305497646332","0.381332367658615",,,,,,,,,,,,,,,,,,,,,,,,"2.41756176948547","1.13633155822754","0","0","0.715228497982025","0.237068608403206","0","0","0.343649744987488"
"192.310736656189","-0.141078564341296","0.512632846832275","667","47.3584938049316","1.29836213588715","2172.66712341309","126.933234786987","0.970596432685852","10.5384426116943","0.0692151039838791","0.225618168711662","0.0187482982873917","0.490769743919373","0.00975806079804897","0","1.39057159423828","0.720491409301758","0.343489329703152","0.226293176412582","1.5617014169693","0.381631761789322",,,,,,,,,,,,,,,,,,,,,,,,"2.43526244163513","1.14424133300781","0","0","0.712166368961334","0.23774516582489","0","0","0.348450541496277"
"164.32476272583","0.639869697205722","0.516166210174561","668","47.8802146911621","1.30704700946808","2636.09359436035","135.206671333313","0.969724476337433","10.3809661865234","0.0686920136213303","0.224034562706947","0.0187175516039133","0.49082538485527","0.00967030692845583","0","1.41312992572784","0.72650682926178","0.357693025283515","0.225316867232323","1.56243813037872","0.380601495504379",,,,,,,,,,,,,,,,,,,,,,,,"2.42971920967102","1.1405725479126","0","0","0.72410786151886","0.236719444394112","0","0","0.346219688653946"
"147.738040161133","0.887544007971883","0.522447407245636","669","47.6786689758301","1.32008814811707","2880.15180053711","139.050819969177","0.970316052436829","10.3924427032471","0.0687593147158623","0.223363190889359","0.0187002029269934","0.493075162172318","0.00993749126791954","0","1.40416085720062","0.730047762393951","0.40432602558285","0.227071613073349","1.56977474689484","0.382741093635559",,,,,,,,,,,,,,,,,,,,,,,,"2.44229364395142","1.14734208583832","0","0","0.731183528900146","0.238563001155853","0","0","0.350341647863388"
"142.292594337463","0.812801765091717","0.505738079547882","670","49.5755157470703","1.26581990718842","2122.71728820801","123.817776107788","0.969240069389343","10.255765914917","0.068263478577137","0.223031625151634","0.0184649135917425","0.493903458118439","0.00976851116865873","0","1.35821866989136","0.706562519073486","0.401918980292976","0.225298836827278","1.52008426189423","0.38067752122879","0.0802538990974426","0.220655381679535","0.925871968269348","0.404967278242111","0.0135432239621878","0.0448982268571854","0.00712368963286281","0.451122909784317","0.00517375208437443","0.284658908843994","0.143908873200417","0.092368371784687","0.777570486068726","0.231395959854126","1.19030284881592","0.598090827465057","0","0","0.0284118168056011","0.0970428436994553","0","0","0.095200702548027","2.4305477142334","1.13727855682373","0","0","0.684896647930145","0.236700505018234","0","0","0.344222784042358"
"150.635709381104","0.977320037037134","0.512053847312927","671","46.9035301208496","1.27447032928467","1925.75164642334","116.482164382935","0.968173980712891","10.3068675994873","0.0684531927108765","0.223050117492676","0.0183125212788582","0.499520689249039","0.0100401965901256","0","1.36933076381683","0.712742924690247","0.384330324083567","0.225375145673752","1.49922478199005","0.380464404821396",,,,,,,,,,,,,,,,,,,,,,,,"2.41620755195618","1.13154184818268","0","0","0.696930825710297","0.236780673265457","0","0","0.340758830308914"
"161.069009590149","2.58580193817616","0.508089065551758","672","46.6717262268066","1.2833000421524","2481.59139099121","133.000104522705","0.966299593448639","10.1787090301514","0.0680868849158287","0.220012009143829","0.0181528851389885","0.498344153165817","0.00998108554631472","0","1.37834882736206","0.7140052318573","0.411678544897586","0.224912256002426","1.47860324382782","0.379994720220566",,,,,,,,,,,,,,,,,,,,,,,,"2.43789649009705","1.1428507566452","0","0","0.699401617050171","0.236294358968735","0","0","0.347604155540466"
"183.112187385559","-0.382481528213248","0.513081431388855","673","46.7171592712402","1.29516005516052","2215.86708068848","137.50001335144","0.964603006839752","10.2811899185181","0.0682987794280052","0.2246333360672","0.0184277314692736","0.496799767017365","0.0100158993154764","0","1.38811480998993","0.719054222106934","0.363600770849735","0.226375326514244","1.58671915531158","0.382217019796371",,,,,,,,,,,,,,,,,,,,,,,,"2.43555474281311","1.14350211620331","0","0","0.70932811498642","0.237831443548203","0","0","0.3480004966259"
"154.649223136902","1.32437744960189","0.505908191204071","674","46.7276611328125","1.2773357629776","1990.01375427246","124.036607551575","0.969198226928711","10.0175065994263","0.0674238801002502","0.221556335687637","0.0181007515639067","0.493540406227112","0.00975266844034195","0","1.38398432731628","0.712582886219025","0.362894541583955","0.225546315312386","1.52046895027161","0.381038665771484",,,,,,,,,,,,,,,,,,,,,,,,"2.42725372314453","1.13650965690613","0","0","0.696617841720581","0.236960515379906","0","0","0.343757480382919"
"169.8403465271","-0.762983456871007","0.515213847160339","675","46.8679809570313","1.29598116874695","2297.12978363037","126.309866523743","0.969987094402313","10.6855163574219","0.0697908699512482","0.2246153652668","0.0182359237223864","0.489935636520386","0.00993128214031458","0","1.39680147171021","0.722002327442169","0.351800699718297","0.225854620337486","1.55499160289764","0.381094336509705",,,,,,,,,,,,,,,,,,,,,,,,"2.42478561401367","1.13615071773529","0","0","0.715156376361847","0.237284407019615","0","0","0.343540400266647"
"171.499437141418","-2.32846308648586","0.515711724758148","676","47.5876922607422","1.29673826694489","2150.13932189941","123.979369926453","0.965525150299072","10.3503160476685","0.0685896053910255","0.223728343844414","0.0182075537741184","0.494853645563126","0.00995747186243534","0","1.3967148065567","0.721149504184723","0.343524400144815","0.226383090019226","1.57974076271057","0.382094472646713",,,,,,,,,,,,,,,,,,,,,,,,"2.43109178543091","1.13927233219147","0","0","0.71346789598465","0.237839609384537","0","0","0.345430701971054"
"152.356039810181","0.478339742822573","0.519333839416504","677","47.3649940490723","1.32737326622009","2994.7983215332","148.728583335876","0.969061493873596","10.6506938934326","0.0696173459291458","0.225878566503525","0.0183288510888815","0.490045070648193","0.00988933071494102","0","1.41675913333893","0.732251584529877","0.38904067799449","0.22705289721489","1.66496419906616","0.382440477609634",,,,,,,,,,,,,,,,,,,,,,,,"2.44209980964661","1.15205419063568","0","0","0.735604763031006","0.238543316721916","0","0","0.353225201368332"
"167.637601661682","0.467795637249947","0.509962379932404","678","47.1658401489258","1.28359878063202","2042.96778869629","123.272658538818","0.968636333942413","10.2790622711182","0.0683463290333748","0.223140344023705","0.0184429623186588","0.500079572200775","0.0101345628499985","0","1.37110531330109","0.713577926158905","0.358290658565238","0.22549669444561","1.6026531457901","0.380913257598877",,,,,,,,,,,,,,,,,,,,,,,,"2.43995666503906","1.14370763301849","0","0","0.698564767837524","0.236908376216888","0","0","0.348125576972961"
"162.762235069275","1.75756118297577","0.512838065624237","679","46.5777244567871","1.29946410655975","2022.04829559326","127.913824081421","0.968591868877411","10.2859840393066","0.0684957653284073","0.219770312309265","0.0187384691089392","0.49382957816124","0.0100079113617539","0","1.41116178035736","0.722522914409637","0.382334277965128","0.225438892841339","1.56599152088165","0.380997687578201",,,,,,,,,,,,,,,,,,,,,,,,"2.42921614646912","1.14091634750366","0","0","0.716188073158264","0.236847653985023","0","0","0.346428424119949"
"157.674864959717","0.872014815593138","0.516992628574371","680","49.0889434814453","1.32032680511475","2950.84260253906","131.086069869995","0.974255502223969","10.6977958679199","0.0697957426309586","0.225707098841667","0.0190732646733522","0.492367774248123","0.00995930656790733","0","1.41180205345154","0.729154646396637","0.378505118563771","0.226452812552452","1.64913892745972","0.381678313016891","0.0806337147951126","0.222310736775398","0.918854534626007","0.405380368232727","0.0135602504014969","0.0446509756147861","0.00723258033394814","0.444532722234726","0.0050295190885663","0.283039629459381","0.143979355692863","0.0936161130666733","0.781485259532928","0.232810780405998","1.19356918334961","0.599084675312042","0","0","0.0284396503120661","0.0983537212014198","0","0","0.0955173596739769","2.44281721115112","1.15171682834625","0","0","0.729395627975464","0.237912878394127","0","0","0.353018343448639"
"205.435378456116","0.0174581874860451","0.509618937969208","681","47.4751358032227","1.27683341503143","2383.81059112549","132.194419670105","0.968392789363861","10.432915687561","0.0689772516489029","0.221499279141426","0.0187565479427576","0.492878645658493","0.00975358579307795","0","1.37618398666382","0.713684320449829","0.332642666157335","0.226054310798645","1.57660341262817","0.38138821721077",,,,,,,,,,,,,,,,,,,,,,,,"2.41463613510132","1.13122189044952","0","0","0.698773086071014","0.237494200468063","0","0","0.340566128492355"
"180.153353881836","-1.76355033218861","0.510268747806549","682","46.5603408813477","1.28238379955292","2035.04845275879","118.102669525146","0.973303973674774","10.4506940841675","0.069024920463562","0.221992090344429","0.0186303518712521","0.490665972232819","0.00949207320809364","0","1.37329435348511","0.715836346149445","0.34537839256227","0.225319087505341","1.55150675773621","0.380665838718414",,,,,,,,,,,,,,,,,,,,,,,,"2.41981959342957","1.13470816612244","0","0","0.70299357175827","0.236721768975258","0","0","0.342668503522873"
"175.23570098877","0.857294586021453","0.51752233505249","683","47.097770690918","1.3075658082962","2375.9825012207","133.813997268677","0.968798816204071","10.5179681777954","0.0692349970340729","0.223026946187019","0.018617881461978","0.481054812669754","0.00948469433933496","0","1.39218056201935","0.724831521511078","0.354793602507561","0.226734340190887","1.60478055477142","0.382469326257706",,,,,,,,,,,,,,,,,,,,,,,,"2.43136048316956","1.14446210861206","0","0","0.72077214717865","0.238208636641502","0","0","0.348585039377213"
"158.9619556427","1.27663488090038","0.509562432765961","684","46.4320259094238","1.28559064865112","2678.08755187988","130.985131835937","0.970280647277832","10.6306104660034","0.0696380212903023","0.223304688930511","0.0187146421521902","0.487557917833328","0.00978793017566204","0","1.38300037384033","0.717477023601532","0.400638879928738","0.225799053907394","1.55756068229675","0.381086349487305",,,,,,,,,,,,,,,,,,,,,,,,"2.42223620414734","1.13384068012238","0","0","0.706219732761383","0.237226039171219","0","0","0.342144817113876"
"165.361288452148","2.08404657244682","0.512227535247803","685","47.2977104187012","1.29076099395752","2460.01894226074","125.247523880005","0.973566591739655","10.6591606140137","0.0697203800082207","0.223909333348274","0.0189179610460997","0.491538226604462","0.00983505602926016","0","1.36054074764252","0.717594981193542","0.394046787545085","0.226457193493843","1.57177662849426","0.381778061389923",,,,,,,,,,,,,,,,,,,,,,,,"2.43429660797119","1.14085566997528","0","0","0.706451952457428","0.237917482852936","0","0","0.346391558647156"
"185.600058746338","0.234339600865496","0.514555931091309","686","46.6529884338379","1.30608010292053","2809.14691162109","137.9065076828","0.971939861774445","10.6623582839966","0.0696868300437927","0.225147649645805","0.0190929099917412","0.490910023450851","0.00993018038570881","0","1.40103471279144","0.724961280822754","0.407937275711447","0.226097717881203","1.62150752544403","0.381597459316254",,,,,,,,,,,,,,,,,,,,,,,,"2.43933415412903","1.14269614219666","0","0","0.721030175685883","0.237539798021317","0","0","0.347510069608688"
"171.838770294189","2.84777002036572","0.511062800884247","687","46.9791526794434","1.29387187957764","2528.4101852417","121.764434432983","0.973630368709564","10.3896207809448","0.0686966478824615","0.224775299429893","0.0191505830734968","0.491255074739456","0.00976433791220188","0","1.38592410087585","0.719527721405029","0.39220368117094","0.225992664694786","1.66919887065887","0.381337970495224",,,,,,,,,,,,,,,,,,,,,,,,"2.42580056190491","1.14050710201263","0","0","0.710262477397919","0.237429454922676","0","0","0.346179902553558"
"160.455090141296","-1.54600620269775","0.505515813827515","688","46.1986885070801","1.28128457069397","2221.63436889648","121.315097045898","0.97184431552887","10.3413581848145","0.068661242723465","0.220873028039932","0.0183883346617222","0.489697009325027","0.00979610253125429","0","1.38018143177032","0.713243305683136","0.370959456264973","0.225299850106239","1.61343681812286","0.380437701940536",,,,,,,,,,,,,,,,,,,,,,,,"2.42795515060425","1.14131939411163","0","0","0.697909712791443","0.23670157790184","0","0","0.346673250198364"
"154.732890892029","-1.00253503937274","0.512129485607147","689","47.5101356506348","1.30060350894928","1762.31250762939","113.665989685059","0.973332345485687","10.2628574371338","0.0683273002505302","0.22201980650425","0.0186410788446665","0.492046505212784","0.00987939070910215","0","1.39125084877014","0.720701992511749","0.351259267982096","0.226295977830887","1.54767453670502","0.381549328565598",,,,,,,,,,,,,,,,,,,,,,,,"2.4421021938324","1.14722919464111","0","0","0.71258270740509","0.237748116254807","0","0","0.350272685289383"
"158.827767562866","-1.55889164656401","0.51091605424881","690","49.0656318664551","1.27744829654694","2102.70096435547","119.780398368835","0.971649348735809","10.7911682128906","0.0702604427933693","0.222257032990456","0.0190994888544083","0.493951141834259","0.0101860072463751","0","1.37178361415863","0.716966927051544","0.373621180746704","0.225550651550293","1.5825275182724","0.380902230739594","0.0805325284600258","0.221505582332611","0.920464992523193","0.406418323516846","0.0135997524484992","0.0441102646291256","0.00724451383575797","0.451426714658737","0.00514936679974198","0.283927351236343","0.143861725926399","0.0929009988903999","0.798767983913422","0.232334524393082","1.19697606563568","0.59906142950058","0","0","0.0283932015299797","0.0976024344563484","0","0","0.095509946346283","2.39172768592834","1.12238729000092","0","0","0.705215811729431","0.236965075135231","0","0","0.33526748418808"
"157.057511138916","-0.473321702424437","0.510557770729065","691","47.0680084228516","1.28418076038361","1788.74535217285","117.978086090088","0.971238136291504","10.4830560684204","0.0692045241594315","0.220328852534294","0.0188187975436449","0.496778845787048","0.0100105004385114","0","1.39229846000671","0.71769255399704","0.380355345178396","0.224871158599854","1.54121398925781","0.380023658275604",,,,,,,,,,,,,,,,,,,,,,,,"2.42065238952637","1.13241589069366","0","0","0.706644058227539","0.236251190304756","0","0","0.341285437345505"
"177.512099838257","-0.762369120959193","0.515900492668152","692","47.0528411865234","1.31139898300171","2052.9084487915","126.162498283386","0.970669031143188","10.5331048965454","0.0691942647099495","0.225650578737259","0.0188193172216415","0.492189079523087","0.00988065823912621","0","1.40369749069214","0.72355592250824","0.346224962826818","0.226434826850891","1.70804417133331","0.38182008266449",,,,,,,,,,,,,,,,,,,,,,,,"2.44741940498352","1.15537989139557","0","0","0.718237459659576","0.237893998622894","0","0","0.355267524719238"
"176.567045402527","1.05849491730332","0.511284708976746","693","46.5975761413574","1.29644441604614","1619.50220489502","115.730163192749","0.971836924552917","10.4524021148682","0.0690483525395393","0.22152191400528","0.018874753266573","0.49425208568573","0.00991341471672058","0","1.37252593040466","0.717721521854401","0.376600573444739","0.226240456104279","1.66999816894531","0.381479948759079",,,,,,,,,,,,,,,,,,,,,,,,"2.44520473480225","1.150141954422","0","0","0.706701040267944","0.237689778208733","0","0","0.352053612470627"
"178.578311920166","0.490530136483721","0.514891624450684","694","47.1409072875977","1.30383849143982","2098.54582824707","128.099474143982","0.968925774097443","10.5791749954224","0.0694618970155716","0.222968816757202","0.0191879887133837","0.483157455921173","0.00979195814579725","0","1.3920396566391","0.723199546337128","0.366697935387492","0.226970389485359","1.64224529266357","0.382341504096985",,,,,,,,,,,,,,,,,,,,,,,,"2.4398946762085","1.14325761795044","0","0","0.717530131340027","0.238456651568413","0","0","0.347851663827896"
"151.26801700592","1.45033792331815","0.512366652488708","695","47.2662200927734","1.28242516517639","2168.06953887939","126.567548561096","0.970714926719666","10.821683883667","0.0703508704900742","0.222817659378052","0.0187454670667648","0.489575982093811","0.00967286620289087","0","1.37646698951721","0.716107070446014","0.391941261477768","0.226362109184265","1.55931353569031","0.381373256444931",,,,,,,,,,,,,,,,,,,,,,,,"2.40883135795593","1.13207864761353","0","0","0.703525364398956","0.237817585468292","0","0","0.341082245111465"
"169.624305915833","-0.350306840892881","0.513139128684998","696","47.0126075744629","1.29503190517426","2331.92846679688","137.275215911865","0.967146813869476","10.6447038650513","0.0697019025683403","0.222964480519295","0.0185723155736923","0.490604132413864","0.00969426427036524","0","1.39327394962311","0.721374034881592","0.383143822941929","0.225236624479294","1.6511287689209","0.380649507045746",,,,,,,,,,,,,,,,,,,,,,,,"2.42740345001221","1.13771092891693","0","0","0.713912308216095","0.236635133624077","0","0","0.344484508037567"
"149.886697769165","-1.29281107708812","0.512818038463593","697","47.1386680603027","1.28144752979279","1802.78612060547","113.985257148743","0.971079409122467","10.617335319519","0.0696404054760933","0.221899658441544","0.0186939649283886","0.496642500162125","0.0100803077220917","0","1.38219773769379","0.715395152568817","0.343839996680617","0.225830420851707","1.56167364120483","0.381102621555328",,,,,,,,,,,,,,,,,,,,,,,,"2.41995644569397","1.13370251655579","0","0","0.70212721824646","0.237258985638618","0","0","0.342061400413513"
"171.570186805725","1.12517756149173","0.511602520942688","698","47.0994453430176","1.29211282730103","2546.18104553223","128.717096710205","0.972202062606812","10.5157508850098","0.069327287375927","0.22025790810585","0.0186427365988493","0.493427872657776","0.00968966539949179","0","1.39105081558228","0.720335483551025","0.38109027268365","0.226000487804413","1.56302630901337","0.381323665380478",,,,,,,,,,,,,,,,,,,,,,,,"2.421954870224","1.1349538564682","0","0","0.711858093738556","0.237437665462494","0","0","0.342816978693008"
"182.573439598083","-3.4667465865612","0.51586651802063","699","47.182300567627","1.29494786262512","2828.61094665527","135.642168807983","0.968090116977692","10.8105878829956","0.0702891647815704","0.223415866494179","0.0187445767223835","0.489224165678024","0.00987253896892071","0","1.37794375419617","0.720726788043976","0.33745985776186","0.226879879832268","1.60632038116455","0.382087677717209",,,,,,,,,,,,,,,,,,,,,,,,"2.42431116104126","1.13683545589447","0","0","0.712631702423096","0.238361567258835","0","0","0.343954592943192"
"167.456025505066","-0.109882540116087","0.512219607830048","700","49.8199424743652","1.28949999809265","2378.23474273682","126.873379135132","0.969699442386627","10.5594282150269","0.0694014728069305","0.222638681530952","0.0185915119946003","0.492403209209442","0.00994993932545185","0","1.395676612854","0.717533111572266","0.351501413248479","0.226099342107773","1.58170890808105","0.381507724523544","0.0803736746311188","0.221738085150719","0.864191055297852","0.402976125478745","0.013544431887567","0.043857965618372","0.00702474266290665","0.448739230632782","0.00501158274710178","0.283151775598526","0.143388494849205","0.093487836420536","0.790106654167175","0.232643306255341","1.19164204597473","0.598441600799561","0","0","0.0282067116349936","0.0982189625501633","0","0","0.0953124091029167","2.4283447265625","1.1395982503891","0","0","0.706330120563507","0.237541526556015","0","0","0.345628410577774"
"106.319846725464","-2.14770494997501","0.521086752414703","701","65.6335220336914","1.31753158569336","2146.83582611084","156.604557037354","0.955416798591614","6.23981285095215","0.0733447074890137","0.257828056812286","0.01885986328125","0.496852815151215","0.0104376561939716","15.133825302124","1.3940749168396","0.722600519657135","0.152284491851606","0.241310805082321","0.978504598140717","0.395829826593399",,,,,,,,,,,,,,,,,,,,,,,,"2.44826030731201","1.15636551380157","0","0","0.640938818454742","0.230167359113693","0.122872702777386","0","0.323552697896957"
"95.5098734855652","-1.57971987128258","0.52013099193573","702","64.4561080932617","1.32157826423645","1928.91822814941","148.138950538635","0.964487671852112","6.42053127288818","0.0744575187563896","0.260047495365143","0.0190546028316021","0.491845905780792","0.0103482529520988","13.1026040315628","1.39948964118958","0.724188089370728","0.16980797249671","0.241192683577538","0.992047727108002","0.395513415336609",,,,,,,,,,,,,,,,,,,,,,,,"2.44839143753052","1.15568554401398","0","0","0.643758237361908","0.230054706335068","0.12459309399128","0","0.323172241449356"
"100.254803657532","-0.00207659769803286","0.529775023460388","703","64.6377792358398","1.3417683839798","2331.58540649414","150.859252929688","0.965180337429047","6.46162223815918","0.0746728852391243","0.261454284191132","0.0191770438104868","0.498868942260742","0.0103665869683027","13.8852063179016","1.42095172405243","0.734783887863159","0.177082730900293","0.241838440299034","1.00046503543854","0.396277040243149",,,,,,,,,,,,,,,,,,,,,,,,"2.45199871063232","1.15484595298767","0","0","0.662734031677246","0.230670645833015","0.125660851597786","0","0.322702914476395"
"98.3121970176697","-0.373908132640645","0.522764682769775","704","64.4767456054688","1.30916559696198","2231.7423614502","144.590660858154","0.96571284532547","6.45946359634399","0.0747725442051888","0.258528113365173","0.0186932031065226","0.488684564828873","0.0100371697917581","12.8793472528458","1.39763116836548","0.726549744606018","0.174081011332601","0.241353794932365","0.920962929725647","0.395786046981812",,,,,,,,,,,,,,,,,,,,,,,,"2.41597557067871","1.14157962799072","0","0","0.64796382188797","0.23020838201046","0.11566200107336","0","0.315331369638443"
"101.531329727173","0.278734681103379","0.520211637020111","705","63.8327140808105","1.30664908885956","2172.4296585083","138.253630638123","0.968382120132446","6.34690141677856","0.0740151703357697","0.258915305137634","0.0189041402190924","0.499521493911743","0.0104651730507612","11.89816634655","1.39880204200745","0.724023818969727","0.164233000585955","0.240943998098373","0.926930963993073","0.395225077867508",,,,,,,,,,,,,,,,,,,,,,,,"2.42332744598389","1.14453256130219","0","0","0.643466234207153","0.229817509651184","0.116400495171547","0","0.316964834928513"
"105.764527511597","0.594214180845302","0.52904087305069","706","64.2292709350586","1.33379113674164","2101.64082641602","151.414964294434","0.964206099510193","6.31260013580322","0.0737514570355415","0.259830713272095","0.0187629330903292","0.493353098630905","0.0102703580632806","14.6561375975609","1.4205265045166","0.734119176864624","0.177416758974141","0.241493076086044","0.961263537406921","0.396090894937515",,,,,,,,,,,,,,,,,,,,,,,,"2.43213295936584","1.1521258354187","0","0","0.661535561084747","0.230341225862503","0.120729826390743","0","0.321184486150742"
"104.293377494812","-1.13079642131925","0.526463389396667","707","64.7839050292969","1.32797050476074","2182.84119873047","155.421340751648","0.963704705238342","6.50328254699707","0.074959933757782","0.261099636554718","0.0187140628695488","0.488991349935532","0.010152849368751","11.7281454801559","1.39850687980652","0.730905592441559","0.160986243584557","0.241702750325203","0.949245750904083","0.396355390548706",,,,,,,,,,,,,,,,,,,,,,,,"2.43886804580688","1.1543802022934","0","0","0.65575647354126","0.230541214346886","0.119230218231678","0","0.322442680597305"
"100.052128601074","-1.9031355664134","0.516036808490753","708","63.6486129760742","1.28854703903198","1929.69507293701","132.765905189514","0.964615523815155","6.25279092788696","0.0734987854957581","0.256107091903687","0.0187274981290102","0.493348181247711","0.0102399690076709","12.961460518837","1.36619317531586","0.715319693088531","0.155191641058627","0.240363091230392","0.925594210624695","0.394767135381699",,,,,,,,,,,,,,,,,,,,,,,,"2.41949462890625","1.14089679718018","0","0","0.628087878227234","0.229263439774513","0.116241566836834","0","0.314954251050949"
"93.1402054786682","-0.540918532069918","0.522310376167297","709","63.8188323974609","1.3179874420166","2082.12010345459","140.624979400635","0.965367197990417","6.31999444961548","0.0739078670740128","0.257089823484421","0.0188720729202032","0.492816537618637","0.0101467948406935","13.08918800354","1.39648222923279","0.725332915782928","0.171992533274533","0.241669997572899","0.945268332958221","0.396308243274689",,,,,,,,,,,,,,,,,,,,,,,,"2.44669079780579","1.15536427497864","0","0","0.645795166492462","0.230509981513023","0.118689708411694","0","0.322992622852325"
"104.028595352173","1.42836988866329","0.528402030467987","710","65.6474380493164","1.33459913730621","2308.4462310791","149.262215042114","0.962859988212585","6.49384927749634","0.074926346540451","0.260375171899796","0.0186278820037842","0.486990213394165","0.0101312240585685","13.1730768799782","1.40768337249756","0.730011820793152","0.173670051844419","0.242460936307907","0.992978274822235","0.396853864192963","0.0809568539261818","0.252393394708633","0.900680005550385","0.213505014777184","0.0137058096006513","0.0440024845302105","0.00691734300926328","0.445514231920242","0.00501499976962805","0.285352647304535","0.144241526722908","0.0952370539307594","0.408724963665009","0.234922841191292","1.20237398147583","0.60054486989975","0","0","0.0255388095974922","0.0908391252160072","0.0487493239343166","0","0.0872661247849464","2.45205140113831","1.15804505348206","0","0","0.654153764247894","0.231264382600784","0.124687738716602","0","0.324493229389191"
"94.2268592834473","-0.738543431647122","0.514312505722046","711","63.2619247436523","1.28865039348602","1921.43745117187","140.148545837402","0.961812257766724","6.41836738586426","0.0745721682906151","0.256722807884216","0.0186863783746958","0.499460458755493","0.0100767677649856","12.1197557091713","1.38174033164978","0.713630616664886","0.158577935359062","0.24084460735321","0.924728691577911","0.39531397819519",,,,,,,,,,,,,,,,,,,,,,,,"2.4299418926239","1.1458375453949","0","0","0.625125169754028","0.229722693562508","0.116114586591721","0","0.31768798828125"
"98.0639538764954","-0.404578380903695","0.522798776626587","712","63.7508544921875","1.30986511707306","2024.70674743652","135.293409156799","0.96624219417572","6.55382013320923","0.0753116831183434","0.260538935661316","0.0190332885831594","0.489645332098007","0.0102960290387273","13.0575707912445","1.40221691131592","0.723672449588776","0.17724849293736","0.24064776301384","0.956760942935944","0.39480784535408",,,,,,,,,,,,,,,,,,,,,,,,"2.42395043373108","1.14522659778595","0","0","0.642841875553131","0.229534938931465","0.120139002799988","0","0.317349314689636"
"103.46385974884","0.357506014127284","0.522575914859772","713","63.9992065429688","1.32985603809357","2053.9693572998","145.535799598694","0.967827796936035","6.31213235855103","0.0737637132406235","0.259440273046494","0.0186245329678059","0.493949592113495","0.0104023842141032","11.9829185962677","1.41770792007446","0.730510056018829","0.171669087480586","0.240555837750435","0.972054183483124","0.395167946815491",,,,,,,,,,,,,,,,,,,,,,,,"2.45346021652222","1.15590918064117","0","0","0.655046939849854","0.229447260499001","0.122064553201199","0","0.323297321796417"
"97.4265886306763","-1.50946347638965","0.523890495300293","714","64.2921447753906","1.32311296463013","2481.73336029053","155.387341117859","0.964747667312622","6.28897094726563","0.0736965090036392","0.25722137093544","0.0186472404748201","0.489984393119812","0.0102572571486235","13.5928720593452","1.4015417098999","0.729884028434753","0.162198003095182","0.241064324975014","0.949816346168518","0.395626604557037",,,,,,,,,,,,,,,,,,,,,,,,"2.43406844139099","1.14994668960571","0","0","0.653924763202667","0.229932278394699","0.11928528547287","0","0.319970637559891"
"92.0465568542481","0.0508918250387069","0.518219411373138","715","64.2891387939453","1.30076956748962","2073.97080993652","137.080992507935","0.964199960231781","6.30537080764771","0.0737356394529343","0.259009808301926","0.0188828334212303","0.492547512054443","0.00998201221227646","15.0563159704208","1.38132953643799","0.718905627727509","0.168099065089518","0.241026103496552","0.932380378246307","0.395536184310913",,,,,,,,,,,,,,,,,,,,,,,,"2.43704080581665","1.14891266822815","0","0","0.634400904178619","0.229895815253258","0.117077372968197","0","0.319395482540131"
"89.8307554244995","-1.34106337726116","0.526105046272278","716","64.3305587768555","1.32101881504059","1945.99151306152","140.273128318787","0.966391026973724","6.42402267456055","0.0745307356119156","0.258757919073105","0.0188758224248886","0.490009784698486","0.0103041520342231","11.3481264233589","1.39945673942566","0.731163322925568","0.171096348918218","0.241621494293213","0.936640918254852","0.395926415920258",,,,,,,,,,,,,,,,,,,,,,,,"2.42023658752441","1.14404666423798","0","0","0.656219005584717","0.230463713407516","0.117640390992165","0","0.316695749759674"
"98.4270553588867","-1.24930624458939","0.520307242870331","717","64.4572830200195","1.30829703807831","1903.5768371582","143.410947799683","0.961382985115051","6.36437892913818","0.0740924701094627","0.259897738695145","0.0189370401203632","0.490804135799408","0.0102557437494397","12.7435196757317","1.39320874214172","0.721117258071899","0.158739740838428","0.241794899106026","0.929924428462982","0.396718740463257",,,,,,,,,,,,,,,,,,,,,,,,"2.4403247833252","1.15463483333588","0","0","0.638310313224792","0.230629101395607","0.11677273362875","0","0.322584927082062"
"85.4731105804443","0.390086080366746","0.52244621515274","718","64.3713912963867","1.30571532249451","2061.85872192383","136.737441062927","0.964494347572327","6.35203313827515","0.0740566253662109","0.258724570274353","0.0190685391426086","0.493236213922501","0.00987507496029139","12.2519501566887","1.38859570026398","0.722988128662109","0.174241752290072","0.241585120558739","0.912920773029327","0.396245360374451",,,,,,,,,,,,,,,,,,,,,,,,"2.43453621864319","1.14820992946625","0","0","0.64162665605545","0.230429008603096","0.114654831588268","0","0.319004893302917"
"95.2159093856812","-1.26347266752273","0.52348405122757","719","63.4905166625977","1.30791008472443","2289.74474487305","149.99886302948","0.961683213710785","6.36162996292114","0.0741799250245094","0.257188349962234","0.0187200773507357","0.497098803520203","0.0101229688152671","11.4396169781685","1.39174795150757","0.726231276988983","0.1729459612965","0.241505295038223","0.91567325592041","0.396288424730301",,,,,,,,,,,,,,,,,,,,,,,,"2.41968178749084","1.14127850532532","0","0","0.647395968437195","0.230352878570557","0.114996194839478","0","0.315165013074875"
"93.5035281181335","-0.278932953579351","0.519782543182373","720","66.2826385498047","1.30349123477936","2100.4306060791","130.111022186279","0.969698369503021","6.23806667327881","0.0733571574091911","0.257213622331619","0.0191148314625025","0.501066207885742","0.0104574374854565","12.0111717939377","1.38419508934021","0.723471164703369","0.15717630992076","0.240724593400955","0.91317480802536","0.395344018936157","0.080999530851841","0.252119392156601","0.897077202796936","0.215222537517548","0.0137698324397206","0.0439274460077286","0.00700435601174831","0.450234860181808","0.00506625743582845","0.283202826976776","0.143723845481873","0.0951983407139778","0.410158634185791","0.234845593571663","1.19307255744934","0.599771440029144","0","0","0.0253558233380318","0.0908021926879883","0.0489198863506317","0","0.0870414897799492","2.43400073051453","1.14409840106964","0","0","0.642484307289124","0.229608222842216","0.114674307405949","0","0.316724389791489"
"91.5629482269287","0.364181435108185","0.523758590221405","721","63.9382514953613","1.30664587020874","2005.43672180176","123.19781036377","0.969201385974884","6.20929622650146","0.073189951479435","0.256564676761627","0.018973695114255","0.49747821688652","0.0101382238790393","11.8699111700058","1.3940908908844","0.725124895572662","0.17459663302925","0.24156790971756","0.88925039768219","0.396016865968704",,,,,,,,,,,,,,,,,,,,,,,,"2.4334568977356","1.14841783046722","0","0","0.645424902439117","0.230412602424622","0.111687988042831","0","0.319120407104492"
"86.4832570075989","1.7257299169898","0.522797703742981","722","63.6908340454102","1.32367324829102","1996.43134765625","130.953276252747","0.971268653869629","6.18007373809814","0.0729397982358932","0.257934659719467","0.0190937705338001","0.500525057315826","0.0102210724726319","12.0230900883675","1.39110803604126","0.729646682739258","0.184825257391276","0.240740314126015","0.938090801239014","0.395003914833069",,,,,,,,,,,,,,,,,,,,,,,,"2.45161962509155","1.15493261814117","0","0","0.65349954366684","0.229623228311539","0.117799207568169","0","0.32275128364563"
"95.3399086952209","-0.631194102309019","0.525982081890106","723","63.8003196716309","1.33852601051331","2342.20696716309","141.392297172546","0.969047248363495","6.17589855194092","0.0727775692939758","0.261300802230835","0.0190867558121681","0.494442820549011","0.0100121991708875","12.0943994522095","1.41624999046326","0.733451008796692","0.157764657540247","0.242028713226318","0.942953765392303","0.396672070026398",,,,,,,,,,,,,,,,,,,,,,,,"2.46062731742859","1.1659187078476","0","0","0.660331904888153","0.230852112174034","0.1184211820364","0","0.328920781612396"
"90.7596952438355","0.74669687168207","0.52928364276886","724","63.6210250854492","1.32855224609375","2012.11900634766","139.798344612122","0.967020571231842","6.24762916564941","0.0732739791274071","0.260938167572021","0.0188650172203779","0.489633619785309","0.0097911050543189","12.6784946799278","1.41275477409363","0.735698699951172","0.172754033240926","0.242219284176826","0.894935965538025","0.396846085786819",,,,,,,,,,,,,,,,,,,,,,,,"2.43909335136414","1.15131974220276","0","0","0.664385259151459","0.231033891439438","0.11239779740572","0","0.320735216140747"
"107.621753978729","1.0006311962381","0.522183537483215","725","64.105842590332","1.30041825771332","1963.36046600342","125.106309890747","0.968192994594574","6.34185266494751","0.0740702748298645","0.256639927625656","0.0188796054571867","0.490303993225098","0.0100558353587985","12.6666939973831","1.38560438156128","0.722869694232941","0.165508249058257","0.241352811455727","0.896248281002045","0.396338313817978",,,,,,,,,,,,,,,,,,,,,,,,"2.43118929862976","1.14320170879364","0","0","0.641416430473328","0.230207443237305","0.112566359341145","0","0.316228061914444"
"92.5114895820618","-0.463269642507657","0.522972702980042","726","63.6128807067871","1.31151413917542","1615.44271240234","121.625740242004","0.969659209251404","6.33331394195557","0.0739518627524376","0.258229523897171","0.0189211945980787","0.488701492547989","0.00987504795193672","12.125531578064","1.38767552375793","0.724857032299042","0.158197048902366","0.241500303149223","0.908379077911377","0.396128177642822",,,,,,,,,,,,,,,,,,,,,,,,"2.43577742576599","1.1538405418396","0","0","0.644948184490204","0.230348125100136","0.114076644182205","0","0.322141230106354"
"95.5775392532349","-1.06800092700869","0.526439964771271","727","64.0597991943359","1.32518541812897","2146.70373535156","141.569480323792","0.966086864471436","6.4440393447876","0.0744702070951462","0.263664066791534","0.0189027227461338","0.486719757318497","0.00980465300381184","12.9151548624039","1.39636421203613","0.728914558887482","0.159873370862988","0.242152974009514","0.965411961078644","0.39691236615181",,,,,,,,,,,,,,,,,,,,,,,,"2.44268131256104","1.151407122612","0","0","0.652188777923584","0.23097063601017","0.121242105960846","0","0.320783913135529"
"89.343573474884","1.52563353031874","0.523525178432465","728","64.0257568359375","1.30543220043182","2460.85836181641","129.703678321838","0.968346953392029","6.24843692779541","0.0733426585793495","0.25934362411499","0.018785635009408","0.489751279354095","0.00992605648934841","12.2887189388275","1.37597787380219","0.721332788467407","0.17064544493951","0.242005348205566","0.900172173976898","0.396774679422379",,,,,,,,,,,,,,,,,,,,,,,,"2.4441819190979","1.15514528751373","0","0","0.638691902160645","0.230829834938049","0.113040305674076","0","0.322870224714279"
"95.2990973472595","1.60853635668755","0.520809412002563","729","63.4072036743164","1.29536199569702","2953.91734771729","144.176099014282","0.966400325298309","6.25571346282959","0.0735200569033623","0.256061434745789","0.0191771350800991","0.488668143749237","0.00965541135519743","10.9344058632851","1.38077688217163","0.721702218055725","0.173036270814919","0.240502670407295","0.867828488349915","0.395008772611618",,,,,,,,,,,,,,,,,,,,,,,,"2.43418836593628","1.1457382440567","0","0","0.639346241950989","0.229396551847458","0.108986169099808","0","0.317632973194122"
"89.8900605201721","0.863997170142829","0.521443903446198","730","66.1494903564453","1.30234277248383","2195.40065765381","120.9022813797","0.971940040588379","6.15819787979126","0.0727054551243782","0.260121375322342","0.0185914766043425","0.493105351924896","0.00985257420688868","12.0156987428665","1.383948802948","0.723493576049805","0.157111715739666","0.241311401128769","0.862869203090668","0.395962417125702","0.0807722359895706","0.252063006162643","0.927988350391388","0.213054344058037","0.0136724328622222","0.0444791279733181","0.00693772779777646","0.447921305894852","0.00499823084101081","0.283707737922668","0.14402773976326","0.0955085009336472","0.406938582658768","0.235253289341927","1.1978714466095","0.59951251745224","0","0","0.0254631638526917","0.0910980403423309","0.0485354773700237","0","0.0869663506746292","2.44455885887146","1.15232741832733","0","0","0.642524063587189","0.230167925357819","0.108353808522224","0","0.321296900510788"
"88.7239055633545","0.404121093498543","0.517176032066345","731","63.8805046081543","1.28285586833954","1885.74754180908","118.998925971985","0.968620300292969","6.23206424713135","0.0732404813170433","0.259156078100204","0.0186930242925882","0.498808324337006","0.0101166646927595","11.902672624588","1.36582708358765","0.716475009918213","0.158267861205968","0.240174606442451","0.875253081321716","0.394810736179352",,,,,,,,,,,,,,,,,,,,,,,,"2.41322088241577","1.13870072364807","0","0","0.630118370056152","0.229083642363548","0.109910920262337","0","0.313742876052856"
"91.2539859771728","0.654999333171872","0.524698376655579","732","64.0561141967773","1.30920553207397","1874.34521026611","129.283574867249","0.966464400291443","6.30840158462524","0.0736904442310333","0.26066854596138","0.0190889127552509","0.495440453290939","0.0101341167464852","12.7809036016464","1.39623928070068","0.725780129432678","0.176713755386299","0.242004811763763","0.902301549911499","0.396710872650146",,,,,,,,,,,,,,,,,,,,,,,,"2.43195986747742","1.14721941947937","0","0","0.64659184217453","0.230829328298569","0.113329589366913","0","0.318454772233963"
"88.1681128501892","-0.385446947067976","0.524474620819092","733","63.9829216003418","1.31917035579681","2235.77386779785","125.446318626404","0.971325695514679","6.22079515457153","0.0731301307678223","0.260033637285233","0.0190185941755772","0.498200297355652","0.0101413913071156","13.0468658447266","1.39757072925568","0.732484221458435","0.161887501057208","0.241311505436897","0.880629122257233","0.39585554599762",,,,,,,,,,,,,,,,,,,,,,,,"2.4427592754364","1.14968073368073","0","0","0.658592224121094","0.230168044567108","0.110587388277054","0","0.319822639226913"
"94.0062304496765","-0.639796282630414","0.515754818916321","734","63.2461090087891","1.28841876983643","1989.54643096924","124.789359283447","0.966330170631409","6.08924579620361","0.0723268538713455","0.257920116186142","0.0187771711498499","0.490863174200058","0.00986483413726091","11.2520920872688","1.36190247535706","0.7158203125","0.158430308576499","0.241109609603882","0.868277609348297","0.396046429872513",,,,,,,,,,,,,,,,,,,,,,,,"2.43453407287598","1.15080034732819","0","0","0.62896728515625","0.229975476861","0.109030060470104","0","0.320445895195007"
"105.22671661377","-0.931926588341594","0.522891342639923","735","64.277099609375","1.31132197380066","1897.85215454102","119.014901351929","0.971855759620667","6.22169065475464","0.0730046555399895","0.263317346572876","0.0189819559454918","0.495087563991547","0.0100607769563794","12.7059853315353","1.40048575401306","0.726721167564392","0.142593057759586","0.241811439394951","0.891241014003754","0.39666348695755",,,,,,,,,,,,,,,,,,,,,,,,"2.44925212860107","1.15086030960083","0","0","0.648269712924957","0.230644881725311","0.111928015947342","0","0.320479333400726"
"104.547789478302","-1.75683727860451","0.524273633956909","736","63.4526100158691","1.31525874137878","2689.77461547852","140.834708404541","0.968430399894714","6.27573013305664","0.0734487920999527","0.261268138885498","0.018898718059063","0.494713008403778","0.0100060757249594","16.2857883930206","1.40427494049072","0.726351320743561","0.14960039972575","0.241623058915138","0.894893407821655","0.396541059017181",,,,,,,,,,,,,,,,,,,,,,,,"2.45444440841675","1.15862226486206","0","0","0.647609889507294","0.230465203523636","0.112366870045662","0","0.324816793203354"
"100.055059337616","0.362010896392167","0.522782623767853","737","63.8308296203613","1.30798399448395","2072.55894165039","129.114853096008","0.967224657535553","6.24547433853149","0.0732144713401794","0.262067377567291","0.0192247927188873","0.495872855186462","0.0101756099611521","14.7506532907486","1.38062262535095","0.724326074123383","0.163965380285299","0.242244869470596","0.911716401576996","0.396946489810944",,,,,,,,,,,,,,,,,,,,,,,,"2.43479108810425","1.14716601371765","0","0","0.644003570079803","0.231058314442635","0.114497043192387","0","0.318425089120865"
"82.4427277565002","0.979168886691332","0.521735310554504","738","63.8069686889648","1.30441963672638","1755.50697784424","112.31505279541","0.971271634101868","6.23869323730469","0.0731938630342484","0.261446088552475","0.0190263073891401","0.500600516796112","0.0103015964850783","12.1719418287277","1.38750815391541","0.721919059753418","0.161351424292661","0.242255136370659","0.884178519248962","0.397021919488907",,,,,,,,,,,,,,,,,,,,,,,,"2.45204854011536","1.15464878082275","0","0","0.639730513095856","0.231068089604378","0.111028261482716","0","0.322592735290527"
"95.1808394432068","0.174051787750795","0.526604771614075","739","63.9933776855469","1.32282793521881","2016.60160675049","125.153240966797","0.971606969833374","6.26234722137451","0.0732430145144463","0.264170974493027","0.0190042071044445","0.49655294418335","0.0101757133379579","9.95945550203323","1.39331114292145","0.731692314147949","0.170126133596204","0.242817997932434","0.907867968082428","0.397564053535461",,,,,,,,,,,,,,,,,,,,,,,,"2.43467283248901","1.15005528926849","0","0","0.657168924808502","0.231604963541031","0.114022880792618","0","0.320031106472015"
"81.9465473175049","1.1379249766469","0.525273621082306","740","66.2879028320313","1.32884109020233","2096.09771270752","128.233479309082","0.971892774105072","6.27052879333496","0.0734023377299309","0.261561751365662","0.0189412999898195","0.495161861181259","0.0100444564595819","12.3343130111694","1.39527678489685","0.730709254741669","0.174203551095707","0.242324724793434","0.922065556049347","0.397156804800034","0.0812537148594856","0.255475401878357","0.881416618824005","0.223307311534882","0.0139869721606374","0.0458266139030457","0.00701181497424841","0.456007093191147","0.00517379585653543","0.283402621746063","0.144262716174126","0.0968043655157089","0.418556421995163","0.236637204885483","1.19447565078735","0.601945161819458","0","0","0.0255463160574436","0.0923340544104576","0.0499214828014374","0","0.087673544883728","2.46235752105713","1.16163504123688","0","0","0.655404269695282","0.231134474277496","0.115794137120247","0","0.326508224010468"
"105.658290195465","-2.0161854326725","0.524045348167419","741","65.1039047241211","1.3134126663208","1809.4201461792","129.310892868042","0.966358840465546","6.24398422241211","0.0732693821191788","0.260440349578857","0.0191378686577082","0.49716255068779","0.0102907735854387","12.6952740073204","1.39825689792633","0.72553414106369","0.145272866388586","0.242789626121521","0.893497347831726","0.397749722003937",,,,,,,,,,,,,,,,,,,,,,,,"2.44850039482117","1.15619921684265","0","0","0.646153569221497","0.231577888131142","0.112221635878086","0","0.323459595441818"
"82.5957266807556","1.5674902677536","0.525677680969238","742","65.0461196899414","1.31256544589996","2401.42870788574","128.949564170837","0.969624638557434","6.31713056564331","0.0737470015883446","0.26070711016655","0.0187399312853813","0.493409723043442","0.00998672191053629","11.1425537467003","1.3740326166153","0.726357161998749","0.171109758322564","0.243381083011627","0.866767883300781","0.398414045572281",,,,,,,,,,,,,,,,,,,,,,,,"2.44311618804932","1.15708148479462","0","0","0.647620320320129","0.232142046093941","0.108849599957466","0","0.323953449726105"
"98.9537113189697","-2.00768601000309","0.525765836238861","743","65.4331817626953","1.31569182872772","1826.27602539062","124.574290657043","0.969046771526337","6.35317802429199","0.0738387480378151","0.264425486326218","0.0188546534627676","0.501185476779938","0.0103629967197776","10.1458655953407","1.41058599948883","0.72988373041153","0.138643290792606","0.24226576089859","0.878475308418274","0.396494418382645",,,,,,,,,,,,,,,,,,,,,,,,"2.4382221698761","1.15062606334686","0","0","0.653924226760864","0.231078237295151","0.110340520739555","0","0.320348829030991"
"89.3592226028442","-0.909715259447694","0.526383221149445","744","64.9040603637695","1.33972895145416","2114.04375762939","131.990498924255","0.971957087516785","6.20030784606934","0.072873480618","0.263003826141357","0.0189137514680624","0.505308091640472","0.0105009647086263","11.3755911588669","1.42827081680298","0.736051559448242","0.162363926137914","0.241859763860703","0.912280559539795","0.39616596698761",,,,,,,,,,,,,,,,,,,,,,,,"2.46663379669189","1.16687035560608","0","0","0.665022790431976","0.230690985918045","0.114557191729546","0","0.32945790886879"
"91.0288593292236","-1.8799473285675","0.517172157764435","745","65.7114868164063","1.2897675037384","2460.72963256836","128.561682891846","0.969572901725769","6.29198122024536","0.0735328271985054","0.261882424354553","0.0191867500543594","0.499328345060349","0.0101716369390488","12.4718085408211","1.36872398853302","0.717100620269775","0.149132261683735","0.241846844553947","0.846325695514679","0.39649224281311",,,,,,,,,,,,,,,,,,,,,,,,"2.44258999824524","1.15286290645599","0","0","0.631219267845154","0.230678662657738","0.10627406090498","0","0.32159560918808"
"106.903936386108","-0.942329409532249","0.526225447654724","746","65.3338165283203","1.31850373744965","2259.12662506104","133.113760757446","0.968767464160919","6.2660174369812","0.0731895491480827","0.266098916530609","0.0187693275511265","0.499044090509415","0.0103030204772949","11.7422558069229","1.40914380550385","0.730310559272766","0.161456239431573","0.242826610803604","0.893020808696747","0.397900283336639",,,,,,,,,,,,,,,,,,,,,,,,"2.44210338592529","1.15008449554443","0","0","0.654689252376556","0.231613174080849","0.112153977155685","0","0.320047348737717"
"107.651019859314","-2.84943292140961","0.519462168216705","747","65.0028228759766","1.28363287448883","2105.08295135498","129.72800693512","0.963697493076324","6.4723072052002","0.0746423155069351","0.264015436172485","0.0192877557128668","0.5002760887146","0.0104504516348243","14.3152672052383","1.38226771354675","0.717354834079742","0.142201374332944","0.242175176739693","0.851990938186646","0.396780401468277",,,,,,,,,,,,,,,,,,,,,,,,"2.41708159446716","1.13912272453308","0","0","0.631666898727417","0.230991810560226","0.106998659670353","0","0.313975512981415"
"89.3110300064087","-0.764904832001776","0.519850134849548","748","65.5675964355469","1.29509174823761","2232.62961578369","129.761643600464","0.9692422747612","6.28562927246094","0.0734937265515327","0.261799842119217","0.0191331785172224","0.500741899013519","0.0103527884930372","11.2050269365311","1.38454985618591","0.720885038375854","0.155197900476924","0.242480486631393","0.86637818813324","0.397316545248032",,,,,,,,,,,,,,,,,,,,,,,,"2.43222618103027","1.1447948217392","0","0","0.637899219989777","0.231283023953438","0.108799330890179","0","0.317110061645508"
"90.2516097068787","1.97338410615921","0.521951377391815","749","64.8236236572266","1.29542768001556","1918.14088592529","124.001168441772","0.968374967575073","6.4111123085022","0.0743315741419792","0.261675626039505","0.0190370120108128","0.505180895328522","0.0104381889104843","11.5520637750626","1.38396906852722","0.724680304527283","0.172410741913336","0.242000624537468","0.855546653270721","0.396405309438705",,,,,,,,,,,,,,,,,,,,,,,,"2.41668176651001","1.13648748397827","0","0","0.644633591175079","0.23082534968853","0.107444204390049","0","0.312524497509003"
"88.553228187561","1.03318148897961","0.527553796768188","750","67.9748153686523","1.31332743167877","2599.51332092285","141.26736164093","0.967755913734436","6.55115556716919","0.0751963183283806","0.263058483600616","0.0192033220082521","0.500331103801727","0.0104119759052992","13.5125092983246","1.40858852863312","0.730930387973785","0.177866163800718","0.243338599801064","0.864164769649506","0.398198783397675","0.080862782895565","0.255946278572083","0.930698990821838","0.231015279889107","0.0142473941668868","0.0460315831005573","0.00675872899591923","0.463017910718918","0.00535839609801769","0.283344507217407","0.143444404006004","0.0967211052775383","0.433167845010757","0.237154826521873","1.19191694259644","0.598834276199341","0","0","0.025257321074605","0.092254638671875","0.0516646355390549","0","0.0867696851491928","2.42552709579468","1.14439344406128","0","0","0.655801057815552","0.232101529836655","0.108537130057812","0","0.316887736320496"
"142.375854682922","-2.91266768276691","0.525333940982819","751","48.5658569335938","1.27050828933716","2041.17395324707","142.074530029297","0.950825989246368","3.33773875236511","0.101256713271141","0.42648184299469","0.0645277798175812","0.526364266872406","0.0122269820421934","0","1.38488340377808","0.724762141704559","0.202426020801067","0.291701763868332","1.17265963554382","0.457124769687653",,,,,,,,,,,,,,,,,,,,,,,,"2.45042872428894","1.165891289711","0","0","0.666793465614319","0.265409857034683","0","0","0.338304966688156"
"117.664405441284","-0.974981208145618","0.529376804828644","752","47.5958366394043","1.27557754516602","1811.1940246582","124.281447410583","0.965760588645935","3.3890974521637","0.101872339844704","0.433178454637527","0.0650632232427597","0.532970428466797","0.0124670239165425","0","1.39997029304504","0.729230523109436","0.161981286084119","0.29304227232933","1.14397931098938","0.458476781845093",,,,,,,,,,,,,,,,,,,,,,,,"2.44407486915588","1.15828859806061","0","0","0.675040721893311","0.2666295170784","0","0","0.333907246589661"
"106.879677677155","-0.778472273692023","0.53196257352829","753","47.7363014221191","1.28770518302917","1888.4000793457","122.330313873291","0.967353463172913","3.40438270568848","0.102079384028912","0.434630423784256","0.0652569457888603","0.535408973693848","0.0126639474183321","0","1.3998646736145","0.732271730899811","0.167328014445411","0.293087095022202","1.2007532119751","0.458391964435577",,,,,,,,,,,,,,,,,,,,,,,,"2.46729850769043","1.16941320896149","0","0","0.680682897567749","0.266670316457748","0","0","0.340351909399033"
"109.87544593811","0.608916991669685","0.519747734069824","754","47.1882286071777","1.25913679599762","1805.32734069824","121.330311012268","0.966926634311676","3.36463522911072","0.101667761802673","0.428113400936127","0.0652817264199257","0.535790205001831","0.0126081816852093","0","1.38073587417603","0.720806539058685","0.181521291620084","0.291106194257736","1.13510501384735","0.456559270620346",,,,,,,,,,,,,,,,,,,,,,,,"2.44990730285645","1.15972149372101","0","0","0.659534871578217","0.264867961406708","0","0","0.334733873605728"
"114.762718582153","-0.983329582959414","0.530932188034058","755","47.6529693603516","1.28383040428162","1697.22779388428","121.55341091156","0.969276785850525","3.45209455490112","0.102829113602638","0.436881005764008","0.0667059794068336","0.533793985843658","0.0123851709067822","0","1.38723170757294","0.732186377048492","0.17035104986644","0.293376415967941","1.20475232601166","0.458611816167831",,,,,,,,,,,,,,,,,,,,,,,,"2.44592952728271","1.16255664825439","0","0","0.680524289608002","0.266933560371399","0","0","0.336372524499893"
"114.520599842072","0.252185274311341","0.52823668718338","756","48.0012168884277","1.28547298908234","1973.11851806641","120.200650787354","0.969776391983032","3.35759854316711","0.101094111800194","0.437561720609665","0.0670447871088982","0.542778193950653","0.012933780439198","0","1.38896882534027","0.731508433818817","0.157110362726144","0.293404519557953","1.203768491745","0.458370238542557",,,,,,,,,,,,,,,,,,,,,,,,"2.46138644218445","1.16751706600189","0","0","0.679264605045319","0.266959130764008","0","0","0.339249193668365"
"104.93237285614","0.216628775652498","0.528477907180786","757","47.2032127380371","1.27133452892303","1743.90334472656","117.824237060547","0.966933012008667","3.38351202011108","0.101760759949684","0.433407694101334","0.0657122582197189","0.53508597612381","0.0126168737187982","0","1.38565695285797","0.726171731948853","0.163371196158369","0.292537778615952","1.16333246231079","0.45794266462326",,,,,,,,,,,,,,,,,,,,,,,,"2.4523503780365","1.16152262687683","0","0","0.669389665126801","0.266170501708984","0","0","0.335774421691895"
"98.3048234939575","-0.366195568873081","0.527601897716522","758","47.7459144592285","1.28708577156067","1974.70368347168","123.413361167908","0.966885089874268","3.3872435092926","0.101695030927658","0.436223566532135","0.0660231038928032","0.537674427032471","0.0128968534991145","0","1.41051661968231","0.730810403823853","0.171773471727283","0.292557239532471","1.18078517913818","0.457971006631851",,,,,,,,,,,,,,,,,,,,,,,,"2.47155165672302","1.1738315820694","0","0","0.677968859672546","0.266188234090805","0","0","0.342928737401962"
"114.474431610107","-2.90977677404881","0.528696596622467","759","47.7842864990234","1.27284157276154","2223.8208190918","117.674862289429","0.968109607696533","3.40645480155945","0.10212479531765","0.434457957744598","0.0672204717993736","0.541314303874969","0.0129212588071823","0","1.37604582309723","0.726118385791779","0.153674149429207","0.293158799409866","1.187708735466","0.458639979362488",,,,,,,,,,,,,,,,,,,,,,,,"2.45380258560181","1.16332042217255","0","0","0.669291377067566","0.266735583543777","0","0","0.336814612150192"
"107.584861564636","-0.823595409141853","0.524205029010773","760","49.8408012390137","1.27379214763641","1983.11132507324","124.306888771057","0.968145787715912","3.37947535514832","0.101712070405483","0.432893574237823","0.066121444106102","0.537421822547913","0.0124301658943295","0","1.39338874816895","0.727801382541656","0.162720093355892","0.292339384555817","1.21425783634186","0.45738011598587","0.0805777832865715","0.203869640827179","0.928553223609924","0.0641704201698303","0.0145342815667391","0.047113448381424","0.0543075017631054","0.464630424976349","0.00531918229535222","0.283508986234665","0.142967581748962","0.0973107740283012","0.443187057971954","0.238393604755402","1.18908452987671","0.599283695220947","0","0","0.0259463004767895","0.0885398760437965","0","0","0.0893834680318832","2.45684909820557","1.1608829498291","0","0","0.672397494316101","0.265990018844604","0","0","0.335404694080353"
"104.745985412598","-0.829603449255228","0.523465096950531","761","47.1631050109863","1.25944459438324","1469.5122253418","103.809554862976","0.972387552261353","3.41360950469971","0.102285757660866","0.433769375085831","0.0671184211969376","0.543199896812439","0.0127916028723121","0","1.3811731338501","0.723835289478302","0.166088551711618","0.292881935834885","1.19213342666626","0.458115965127945",,,,,,,,,,,,,,,,,,,,,,,,"2.43052673339844","1.14777278900146","0","0","0.665089130401611","0.266483664512634","0","0","0.327871829271317"
"109.198480796814","-2.29950215518475","0.525650680065155","762","47.4938774108887","1.27626740932465","1887.01809082031","117.06429309845","0.970163345336914","3.43710017204285","0.102793008089066","0.431919366121292","0.0678028091788292","0.537330508232117","0.0127946604043245","0","1.39610016345978","0.727145612239838","0.15704757485546","0.292465209960938","1.23266315460205","0.457901149988174",,,,,,,,,,,,,,,,,,,,,,,,"2.46127080917358","1.16704821586609","0","0","0.67118626832962","0.266104489564896","0","0","0.338976711034775"
"104.395087051392","0.666544699575752","0.528862774372101","763","47.9843215942383","1.27963209152222","1960.01161499023","115.818936538696","0.97051066160202","3.42710018157959","0.102665796875954","0.430807709693909","0.0670165345072746","0.540391385555267","0.0128855472430587","0","1.40276110172272","0.732620000839233","0.180492116793903","0.292781054973602","1.18229913711548","0.457810461521149",,,,,,,,,,,,,,,,,,,,,,,,"2.43961191177368","1.15481865406036","0","0","0.681330561637878","0.266391843557358","0","0","0.331909656524658"
"111.217425346375","-1.14806799963117","0.52808952331543","764","47.2819633483887","1.28040301799774","1797.14488830566","116.586361503601","0.968620657920837","3.43430519104004","0.102550558745861","0.436036348342896","0.066993348300457","0.539100229740143","0.0128306476399302","0","1.40946364402771","0.728543162345886","0.155922309871676","0.292993307113647","1.21011865139008","0.45854851603508",,,,,,,,,,,,,,,,,,,,,,,,"2.46038031578064","1.16889297962189","0","0","0.673768818378448","0.266584992408752","0","0","0.340049207210541"
"117.45771484375","-0.901180958840996","0.525967717170715","765","48.2631950378418","1.27910888195038","1608.36670379639","113.946703910828","0.969158709049225","3.41986966133118","0.102244675159454","0.437030464410782","0.0668830350041389","0.54096394777298","0.0127353770658374","0","1.40275859832764","0.72836571931839","0.162850387784783","0.293225079774857","1.21659934520721","0.458702623844147",,,,,,,,,,,,,,,,,,,,,,,,"2.46212196350098","1.16686844825745","0","0","0.673440635204315","0.266795873641968","0","0","0.338872313499451"
"107.695391082764","-0.57017123340629","0.522441864013672","766","47.7058372497559","1.25960373878479","2032.31647033691","123.803985404968","0.968162357807159","3.4708423614502","0.10313767939806","0.437432616949081","0.0678541585803032","0.546957731246948","0.0131612680852413","0","1.38224029541016","0.722233355045319","0.164072597837003","0.292882353067398","1.18699765205383","0.458243787288666",,,,,,,,,,,,,,,,,,,,,,,,"2.43234992027283","1.15318500995636","0","0","0.662148475646973","0.266484022140503","0","0","0.330971240997314"
"118.215685081482","-1.56744872629642","0.521451473236084","767","48.0615615844727","1.24827861785889","1831.34845123291","114.97413444519","0.967381715774536","3.43532204627991","0.102731868624687","0.432550400495529","0.0671090856194496","0.544174492359161","0.0129368146881461","0","1.36007916927338","0.71886283159256","0.158545233633777","0.292280822992325","1.18492269515991","0.457679361104965",,,,,,,,,,,,,,,,,,,,,,,,"2.42553758621216","1.14512228965759","0","0","0.655982613563538","0.265936732292175","0","0","0.326359272003174"
"101.903322982788","0.13211786088068","0.526015639305115","768","47.8663139343262","1.25646591186523","1775.44746704102","118.250770378113","0.965657293796539","3.50403261184692","0.103755697607994","0.436821728944778","0.0677940249443054","0.540582954883575","0.013034189119935","0","1.3785218000412","0.721449911594391","0.177093390990194","0.293921679258347","1.19413602352142","0.459203898906708",,,,,,,,,,,,,,,,,,,,,,,,"2.42568731307983","1.14856290817261","0","0","0.660712778568268","0.267429679632187","0","0","0.328323423862457"
"118.011210823059","-1.38911125212908","0.524127185344696","769","47.8766670227051","1.28030514717102","1853.16149597168","118.579195785522","0.969581782817841","3.40623807907104","0.102064296603203","0.435658842325211","0.0674668624997139","0.548456370830536","0.0131471464410424","0","1.40336954593658","0.730034172534943","0.167791155238592","0.293006926774979","1.22031450271606","0.458201736211777",,,,,,,,,,,,,,,,,,,,,,,,"2.450927734375","1.16394817829132","0","0","0.676529467105865","0.266597360372543","0","0","0.337178260087967"
"107.831630134583","-0.44466692507267","0.524830281734467","770","49.5300941467285","1.27557611465454","1622.19370269775","109.586213874817","0.969568967819214","3.45267391204834","0.10278357565403","0.438068836927414","0.0670383274555206","0.537631273269653","0.0128611288964748","0","1.38872790336609","0.723664939403534","0.171421139229642","0.293704003095627","1.22891867160797","0.459124773740768","0.0806979835033417","0.205903097987175","0.905618786811829","0.0690329447388649","0.0150985782966018","0.0482002310454845","0.047104749828577","0.466289639472961","0.00543999439105392","0.285263240337372","0.143381461501122","0.0990682393312454","0.451410502195358","0.240622639656067","1.18854784965515","0.600234925746918","0","0","0.0260967426002026","0.0901389271020889","0","0","0.0896674320101738","2.46976161003113","1.17492604255676","0","0","0.664776086807251","0.267231643199921","0","0","0.343568474054337"
"104.517629241943","-0.576294093206525","0.530992925167084","771","48.2643547058105","1.28562808036804","2065.18422088623","126.330055999756","0.96451723575592","3.45842576026917","0.102992378175259","0.435809910297394","0.06704992800951","0.544357061386108","0.0131481904536486","0","1.39659523963928","0.732989013195038","0.174566560095991","0.293763190507889","1.19228684902191","0.459104835987091",,,,,,,,,,,,,,,,,,,,,,,,"2.44962072372437","1.16247534751892","0","0","0.682017087936401","0.267285495996475","0","0","0.336325466632843"
"105.953056335449","0.366357861924916","0.521269202232361","772","47.2490501403809","1.26336050033569","1878.32311401367","129.095693016052","0.964143991470337","3.45712637901306","0.103063985705376","0.433778822422028","0.0666930451989174","0.543046653270721","0.0130113512277603","0","1.39507341384888","0.722027063369751","0.186223307092587","0.292609870433807","1.20876657962799","0.458021640777588",,,,,,,,,,,,,,,,,,,,,,,,"2.45101761817932","1.16079545021057","0","0","0.661770284175873","0.266236126422882","0","0","0.335354119539261"
"115.286103630066","1.31356652975082","0.524306654930115","773","47.8264312744141","1.26881992816925","1608.52125244141","113.935293388367","0.967475712299347","3.49570870399475","0.103653602302074","0.435847043991089","0.0659875869750977","0.542674899101257","0.0131474062800407","0","1.39123272895813","0.722782909870148","0.181686174483912","0.293069154024124","1.25959718227386","0.458636313676834",,,,,,,,,,,,,,,,,,,,,,,,"2.46143507957458","1.16710448265076","0","0","0.663156509399414","0.26665398478508","0","0","0.339009374380112"
"109.543829154968","-0.429801597818732","0.526170790195465","774","48.0288467407227","1.27142810821533","1814.16360015869","109.790738296509","0.971647322177887","3.53962278366089","0.104444116353989","0.435520827770233","0.0674988776445389","0.553139925003052","0.0136550301685929","0","1.38881051540375","0.72878223657608","0.166129578187247","0.292877227067947","1.22224867343903","0.458292186260223",,,,,,,,,,,,,,,,,,,,,,,,"2.44218921661377","1.15277814865112","0","0","0.674211025238037","0.266479402780533","0","0","0.330737769603729"
"117.88924446106","-0.796400941070169","0.52431184053421","775","47.8772506713867","1.26741349697113","1708.10469360352","114.571064186096","0.969652831554413","3.52382111549377","0.104153096675873","0.435795307159424","0.0671837404370308","0.548121750354767","0.0134200938045979","0","1.38572216033936","0.723446846008301","0.161690277279558","0.292613953351974","1.20046281814575","0.458077669143677",,,,,,,,,,,,,,,,,,,,,,,,"2.46192860603333","1.16329193115234","0","0","0.664375483989716","0.266239821910858","0","0","0.336798131465912"
"115.587326049805","-0.801835415279493","0.528168797492981","776","47.7558174133301","1.27731251716614","1752.81629486084","123.632371520996","0.966720759868622","3.61388540267944","0.10565809905529","0.43736606836319","0.0680446475744247","0.557441830635071","0.0137444362044334","0","1.39637887477875","0.730084419250488","0.170920548087088","0.293098270893097","1.21753239631653","0.458476006984711",,,,,,,,,,,,,,,,,,,,,,,,"2.4539213180542","1.15846610069275","0","0","0.67662250995636","0.266680479049683","0","0","0.33400958776474"
"104.34189491272","-0.971916301595047","0.521708011627197","777","48.0396537780762","1.25297820568085","1972.70228424072","109.651237869263","0.967973947525024","3.54971194267273","0.104532569646835","0.437446057796478","0.0678592845797539","0.550824522972107","0.0132895205169916","0","1.36656022071838","0.716640830039978","0.159010799292992","0.292881488800049","1.18892574310303","0.458131939172745",,,,,,,,,,,,,,,,,,,,,,,,"2.44323968887329","1.15942251682281","0","0","0.65193372964859","0.266483247280121","0","0","0.334561288356781"
"106.963397026062","-1.33404941484332","0.525438725948334","778","47.3359222412109","1.27272045612335","1902.44451599121","112.702482032776","0.971319139003754","3.54365611076355","0.104411847889423","0.437752962112427","0.0680901482701302","0.551487445831299","0.0135756330564618","0","1.38921225070953","0.725945830345154","0.181623565809423","0.293093532323837","1.22715127468109","0.458509057760239",,,,,,,,,,,,,,,,,,,,,,,,"2.45843100547791","1.16376316547394","0","0","0.668973207473755","0.266676157712936","0","0","0.337071061134338"
"106.369710540771","-1.27032661810517","0.523240923881531","779","47.4984664916992","1.26341450214386","1974.71415405273","118.45242099762","0.968181967735291","3.54830479621887","0.10461688041687","0.43508306145668","0.0688548907637596","0.553314387798309","0.0135229071602225","0","1.38220429420471","0.722431898117065","0.168096405098186","0.292798221111298","1.21287763118744","0.45833432674408",,,,,,,,,,,,,,,,,,,,,,,,"2.44633913040161","1.15930688381195","0","0","0.662512540817261","0.266407489776611","0","0","0.334494560956955"
"96.7145715713501","-0.37830041659472","0.520307302474976","780","50.447883605957","1.26075160503387","2277.88561248779","117.93047504425","0.96981018781662","3.46416735649109","0.103064842522144","0.436449080705643","0.0685069411993027","0.552852511405945","0.0136483209207654","0","1.38330054283142","0.720989227294922","0.185461333612329","0.292350977659225","1.2272070646286","0.45810142159462","0.0804648995399475","0.205344155430794","0.91149377822876","0.0748282447457314","0.0157479923218489","0.0493703037500381","0.0468024425208569","0.471874922513962","0.00554754352197051","0.282743334770203","0.142953246831894","0.0990167111158371","0.464513570070267","0.241309121251106","1.18867349624634","0.599040687084198","0","0","0.0259410999715328","0.0900920554995537","0","0","0.0893109887838364","2.45622086524963","1.15997779369354","0","0","0.659869253635406","0.26600056886673","0","0","0.334881842136383"
"106.455697250366","-0.5004118036828","0.524296283721924","781","47.5597724914551","1.2747927904129","1833.41380310059","113.42036857605","0.969231307506561","3.51745176315308","0.104041039943695","0.43578690290451","0.068280391395092","0.552329242229462","0.0136337447911501","0","1.39178311824799","0.72626918554306","0.172443600806946","0.292990565299988","1.22618627548218","0.458511650562286",,,,,,,,,,,,,,,,,,,,,,,,"2.46228456497192","1.16647028923035","0","0","0.669569253921509","0.266582489013672","0","0","0.338641047477722"
"104.230921936035","-0.881284583732486","0.529653370380402","782","49.0248680114746","1.28265023231506","1700.36461486816","120.547430229187","0.96791273355484","3.62409996986389","0.105782434344292","0.438527166843414","0.0694143250584602","0.550737917423248","0.0138852288946509","0","1.39110064506531","0.731228530406952","0.173636428533064","0.294056743383408","1.21666657924652","0.459657162427902",,,,,,,,,,,,,,,,,,,,,,,,"2.45511507987976","1.16252243518829","0","0","0.678744912147522","0.267552614212036","0","0","0.336352735757828"
"109.092244338989","0.905518570635468","0.525839805603027","783","47.9995918273926","1.27837431430817","1961.07976837158","130.048393440247","0.964198768138885","3.55714058876038","0.104711025953293","0.436406940221786","0.0684303343296051","0.549878537654877","0.0135874943807721","0","1.40472173690796","0.730086505413055","0.191444648752804","0.29344516992569","1.19632911682129","0.458823800086975",,,,,,,,,,,,,,,,,,,,,,,,"2.44906997680664","1.15975248813629","0","0","0.676626443862915","0.266996115446091","0","0","0.334751754999161"
"110.720189476013","-2.5422920525074","0.524515569210052","784","49.7468528747559","1.28030180931091","1656.78551635742","113.998873710632","0.968882858753204","3.55962586402893","0.104706913232803","0.437440872192383","0.0685731321573257","0.551040172576904","0.0138060953468084","0","1.39829480648041","0.726916551589966","0.164540235949789","0.294072270393372","1.25474584102631","0.459700435400009",,,,,,,,,,,,,,,,,,,,,,,,"2.47450017929077","1.17219233512878","0","0","0.670763552188873","0.267566710710526","0","0","0.341971576213837"
"107.249531173706","-0.151769934175536","0.526386141777039","785","47.2979011535645","1.28044509887695","2334.15480041504","120.879303741455","0.96952623128891","3.60656642913818","0.105493418872356","0.438180148601532","0.0685629025101662","0.552656054496765","0.0138911670073867","0","1.39373779296875","0.729215264320374","0.183867074548107","0.293472945690155","1.25369739532471","0.459006637334824",,,,,,,,,,,,,,,,,,,,,,,,"2.46020555496216","1.16607415676117","0","0","0.675012588500977","0.267021417617798","0","0","0.338411092758179"
"108.990455436707","0.799162159394473","0.531910836696625","786","48.9539108276367","1.28544747829437","2070.99712982178","130.875322532654","0.963399112224579","3.67091202735901","0.106482625007629","0.440931409597397","0.0690993964672089","0.553481638431549","0.0137686589732766","0","1.38578748703003","0.729376077651978","0.189340061799157","0.294452399015427","1.23380517959595","0.460133850574493",,,,,,,,,,,,,,,,,,,,,,,,"2.46246600151062","1.17262601852417","0","0","0.67531019449234","0.267912566661835","0","0","0.342224687337875"
"106.129322814941","0.959279920090921","0.514662563800812","787","47.4302787780762","1.23766052722931","2100.66372680664","124.890266609192","0.96314150094986","3.62020802497864","0.105971306562424","0.432893216609955","0.0675767362117767","0.555929899215698","0.0139295384287834","0","1.37052845954895","0.712381184101105","0.186748593643279","0.291745871305466","1.20746612548828","0.457273662090302",,,,,,,,,,,,,,,,,,,,,,,,"2.42736530303955","1.14800381660461","0","0","0.644206583499908","0.265450000762939","0","0","0.328003853559494"
"121.106130981445","-2.9370236992836","0.53774106502533","788","48.2970581054688","1.3087295293808","2142.82372894287","130.478406906128","0.968830823898315","3.72224450111389","0.107265509665012","0.443107694387436","0.0692875236272812","0.553828179836273","0.0140079064294696","0","1.42877972126007","0.743459165096283","0.162781279643968","0.294573962688446","1.23267674446106","0.460188895463943",,,,,,,,,,,,,,,,,,,,,,,,"2.45907688140869","1.16720175743103","0","0","0.70164030790329","0.268023192882538","0","0","0.339065939188004"
"125.911592102051","-1.07452701851726","0.52466744184494","789","47.9721946716309","1.27339780330658","1944.90677337646","120.615420532227","0.965265691280365","3.61659669876099","0.105751521885395","0.436353266239166","0.0683205351233482","0.549769818782806","0.0135730877518654","0","1.38805651664734","0.725530385971069","0.163089197905356","0.293195515871048","1.25413727760315","0.458836525678635",,,,,,,,,,,,,,,,,,,,,,,,"2.46365284919739","1.16609108448029","0","0","0.668207824230194","0.266768962144852","0","0","0.338420957326889"
"101.155614471436","-0.925360162369907","0.518108427524567","790","49.9122314453125","1.23910641670227","1386.13603973389","101.454289627075","0.967535376548767","3.6631441116333","0.106472469866276","0.438218414783478","0.0688035264611244","0.54995208978653","0.0140422554686666","0","1.35669159889221","0.709805071353912","0.182505601315643","0.293075144290924","1.23666155338287","0.458764940500259","0.0807813480496407","0.207089856266975","0.907484531402588","0.0793918967247009","0.0162212196737528","0.0508502349257469","0.0459178872406483","0.472435802221298","0.00560825830325484","0.284628570079803","0.143505036830902","0.0999889895319939","0.475303828716278","0.242689371109009","1.18549537658691","0.601251423358917","0","0","0.0261417478322983","0.0909767001867294","0","0","0.0899714082479477","2.45061731338501","1.1565248966217","0","0","0.639555931091309","0.266659438610077","0","0","0.332891136407852"
"115.530624771118","0.869496354041621","0.528689980506897","791","48.3610420227051","1.27903354167938","1517.18742523193","106.989885902405","0.970702469348907","3.68813824653625","0.10686806589365","0.438985377550125","0.069272942841053","0.551030099391937","0.0138996308669448","0","1.40478181838989","0.729341626167297","0.178603730766554","0.29413378238678","1.25755000114441","0.459622144699097",,,,,,,,,,,,,,,,,,,,,,,,"2.44539308547974","1.16219687461853","0","0","0.675246477127075","0.26762267947197","0","0","0.336164355278015"
"108.648597145081","0.350205100048333","0.520691752433777","792","47.3741798400879","1.26418936252594","1441.95564422607","110.337756156921","0.970587491989136","3.62529826164246","0.10579626262188","0.438679367303848","0.0695216879248619","0.553896129131317","0.0138830803334713","0","1.39497184753418","0.724192202091217","0.18732029266157","0.293346464633942","1.23523116111755","0.458771616220474",,,,,,,,,,,,,,,,,,,,,,,,"2.43187379837036","1.15417170524597","0","0","0.665745198726654","0.266906321048737","0","0","0.331537842750549"
"97.2136667251587","-0.121553740184754","0.529282510280609","793","48.0677642822266","1.27951204776764","1835.55470428467","116.199675750732","0.96982216835022","3.76156044006348","0.108104467391968","0.43939682841301","0.0703321695327759","0.545926213264465","0.0136364288628101","0","1.39282512664795","0.729970157146454","0.194626799804973","0.294548571109772","1.23717784881592","0.459997475147247",,,,,,,,,,,,,,,,,,,,,,,,"2.45248317718506","1.16035735607147","0","0","0.676410853862762","0.268000066280365","0","0","0.335101068019867"
"104.994929409027","-0.933790044486523","0.52316015958786","794","47.2757263183594","1.26659047603607","1725.06208190918","114.99816493988","0.968160152435303","3.6866397857666","0.106914132833481","0.437401592731476","0.0696372091770172","0.559027194976807","0.0142038529738784","0","1.40016329288483","0.725090980529785","0.183028322935024","0.293513417243958","1.23701500892639","0.458994090557098",,,,,,,,,,,,,,,,,,,,,,,,"2.43714785575867","1.15520811080933","0","0","0.667398750782013","0.267058253288269","0","0","0.33213347196579"
"105.939638328552","-1.12705810368061","0.524074018001556","795","48.2108726501465","1.25602281093597","1445.0032333374","108.686191940308","0.965323865413666","3.77116799354553","0.108314074575901","0.4383604824543","0.0706324279308319","0.554289579391479","0.0140442159026861","0","1.37921726703644","0.717849552631378","0.172815937778796","0.294206768274307","1.23886930942535","0.459663212299347",,,,,,,,,,,,,,,,,,,,,,,,"2.44426298141479","1.15879452228546","0","0","0.654134690761566","0.267689079046249","0","0","0.334198951721191"
"106.623171615601","-1.28208269104362","0.522155463695526","796","47.7337265014648","1.24741291999817","1481.01123657227","101.424077033997","0.967415332794189","3.70825743675232","0.107242956757545","0.438332110643387","0.0699592232704163","0.557047128677368","0.0141179757192731","0","1.3599853515625","0.714153110980988","0.174232103399117","0.294451683759689","1.23848032951355","0.459928959608078",,,,,,,,,,,,,,,,,,,,,,,,"2.43350696563721","1.15512502193451","0","0","0.647415339946747","0.267911911010742","0","0","0.332085728645325"
"108.084168052673","1.25198780074716","0.520768582820892","797","47.4581069946289","1.2538183927536","1749.34992980957","115.732529830933","0.969599962234497","3.68767976760864","0.106756709516048","0.441256076097488","0.0685733333230019","0.557338714599609","0.01403349917382","0","1.38397812843323","0.722292482852936","0.193588144292153","0.293125033378601","1.24262261390686","0.458610415458679",,,,,,,,,,,,,,,,,,,,,,,,"2.41105580329895","1.14248299598694","0","0","0.662257015705109","0.266704827547073","0","0","0.324856638908386"
"104.598212242126","-0.317445825738832","0.520709037780762","798","47.5541954040527","1.26479816436768","1691.01145172119","109.618867874146","0.969810962677002","3.6685311794281","0.106596373021603","0.437536329030991","0.0694548636674881","0.55656510591507","0.014270992949605","0","1.38717186450958","0.721180140972137","0.182708858568003","0.293117940425873","1.27434062957764","0.45895516872406",,,,,,,,,,,,,,,,,,,,,,,,"2.45316076278687","1.16516077518463","0","0","0.660218715667725","0.266698390245438","0","0","0.337881147861481"
"100.118729400635","0.791646439768374","0.524403214454651","799","47.9607620239258","1.26543414592743","1852.46077423096","110.868939208984","0.969466269016266","3.74921655654907","0.107895180583","0.43938148021698","0.069220669567585","0.551897943019867","0.0137379420921206","0","1.38674139976501","0.722097277641296","0.183331741724032","0.29368132352829","1.27845311164856","0.459293276071548",,,,,,,,,,,,,,,,,,,,,,,,"2.45036697387695","1.16247296333313","0","0","0.661899030208588","0.267210990190506","0","0","0.336324095726013"
"111.253416061401","-1.41320504695177","0.525503933429718","800","49.7705535888672","1.27682173252106","2013.37373352051","117.247097015381","0.968306720256805","3.74062967300415","0.107794068753719","0.438377618789673","0.0689621642231941","0.556730151176453","0.0140851838514209","0","1.38421547412872","0.728543221950531","0.171305303818735","0.293006956577301","1.23601770401001","0.458423912525177","0.0811892449855804","0.209372043609619","0.918122887611389","0.0854263082146645","0.0168647319078445","0.0516286678612232","0.0439921468496323","0.471056997776031","0.0056106224656105","0.285101354122162","0.144198223948479","0.101625561714172","0.484743475914001","0.245637699961662","1.19005155563354","0.603053033351898","0","0","0.026394909247756","0.0924657583236694","0","0","0.0905113890767097","2.45501494407654","1.16269993782043","0","0","0.673768877983093","0.266597419977188","0","0","0.336455464363098"
"113.897990226746","0.710522077779751","0.520993530750275","801","47.8876495361328","1.25396764278412","2125.51181335449","118.133933258057","0.967848002910614","3.77389788627625","0.108544386923313","0.434224337339401","0.0689752623438835","0.561291038990021","0.0144554814323783","0","1.38451993465424","0.720316648483276","0.185903656249138","0.292914688587189","1.22428870201111","0.458450496196747",,,,,,,,,,,,,,,,,,,,,,,,"2.43309378623962","1.14942348003387","0","0","0.658638715744019","0.2665134370327","0","0","0.328815549612045"
"111.204587936401","-2.54187527596951","0.526349604129791","802","48.3370246887207","1.27537667751312","1827.14454956055","118.605489349365","0.967160642147064","3.83839392662048","0.109311699867249","0.441434621810913","0.0690421164035797","0.556441247463226","0.0143048837780952","0","1.39551186561584","0.728322148323059","0.172058859301069","0.294080078601837","1.27992796897888","0.459907025098801",,,,,,,,,,,,,,,,,,,,,,,,"2.43627524375916","1.15921711921692","0","0","0.673360049724579","0.267573803663254","0","0","0.334442794322968"
"108.251528930664","-0.524794871732593","0.529248774051666","803","48.0684852600098","1.28433847427368","2077.90425415039","115.538140487671","0.970658779144287","3.86765456199646","0.109782129526138","0.441890269517899","0.0682070776820183","0.556930840015411","0.0141354519873857","0","1.40594863891602","0.730093359947205","0.190668121545605","0.294169574975967","1.30502712726593","0.459749013185501",,,,,,,,,,,,,,,,,,,,,,,,"2.47543358802795","1.16888415813446","0","0","0.676639199256897","0.267655253410339","0","0","0.340044051408768"
"99.2026159286499","1.03823400735855","0.521295309066772","804","47.9622039794922","1.25212562084198","1645.92063293457","108.558650398254","0.968245208263397","3.86368680000305","0.109887517988682","0.438013017177582","0.0685370042920113","0.551638424396515","0.014272659085691","0","1.38067471981049","0.717640399932861","0.194752475936912","0.294213384389877","1.25961327552795","0.459823727607727",,,,,,,,,,,,,,,,,,,,,,,,"2.42453336715698","1.152672290802","0","0","0.653753578662872","0.267695099115372","0","0","0.330676943063736"
"108.353224372864","-0.242032776214182","0.522635161876678","805","47.5158157348633","1.25905787944794","1811.7592300415","113.397930335999","0.967995285987854","3.88773822784424","0.110177025198936","0.440551578998566","0.0681974217295647","0.552067637443542","0.0141496555879712","0","1.37637746334076","0.717815339565277","0.185242497926811","0.294448405504227","1.28968369960785","0.460210055112839",,,,,,,,,,,,,,,,,,,,,,,,"2.44822406768799","1.16377258300781","0","0","0.654072344303131","0.267908930778503","0","0","0.337076514959335"
"99.8389980316162","0.560137826827122","0.522979736328125","806","47.648136138916","1.26499307155609","1664.28887481689","115.360190582275","0.967316508293152","3.81516885757446","0.109065897762775","0.43817999958992","0.0681363791227341","0.56009441614151","0.0147591438144445","0","1.39033830165863","0.720707058906555","0.196522723299131","0.293917447328568","1.27867770195007","0.459792524576187",,,,,,,,,,,,,,,,,,,,,,,,"2.45223164558411","1.16573512554169","0","0","0.659352838993073","0.267425864934921","0","0","0.338214337825775"
"101.512866592407","0.659810139425099","0.52945601940155","807","48.0492515563965","1.291867852211","2168.99904785156","125.627526283264","0.96637636423111","3.81450581550598","0.108864903450012","0.442427605390549","0.0688604190945625","0.556844115257263","0.0146086644381285","0","1.39676022529602","0.731225728988647","0.206085337778495","0.295196413993835","1.31022894382477","0.461006462574005",,,,,,,,,,,,,,,,,,,,,,,,"2.48143935203552","1.17658376693726","0","0","0.678739666938782","0.268589526414871","0","0","0.344538688659668"
"112.232418632507","1.90267004072666","0.53259015083313","808","48.1736717224121","1.30643999576569","2510.43926391602","138.685881233215","0.965597033500671","3.85778880119324","0.109526783227921","0.443905889987946","0.0687844380736351","0.565413773059845","0.0148928556591272","0","1.41666376590729","0.740541517734528","0.208050883861142","0.295361131429672","1.32267081737518","0.46099266409874",,,,,,,,,,,,,,,,,,,,,,,,"2.47376894950867","1.17148077487946","0","0","0.696144104003906","0.268739372491837","0","0","0.341556549072266"
"111.399998283386","-1.6418656155467","0.529924511909485","809","48.0029029846191","1.28866899013519","1975.79126586914","115.453013420105","0.971811532974243","3.87089872360229","0.109944798052311","0.43944638967514","0.0678495988249779","0.567536115646362","0.0150484694167972","0","1.41096580028534","0.735009491443634","0.180715055675682","0.294488042593002","1.30687582492828","0.460309505462646",,,,,,,,,,,,,,,,,,,,,,,,"2.44025111198425","1.16008174419403","0","0","0.685782134532928","0.267945021390915","0","0","0.334941864013672"
"121.172009658813","-1.91205020397902","0.525230705738068","810","50.2101936340332","1.26071441173553","1720.45368652344","114.196312141418","0.969641923904419","3.9511706829071","0.11123189330101","0.44050320982933","0.0691565275192261","0.564624726772308","0.0149941146373749","0","1.39463901519775","0.723308563232422","0.17146167187384","0.294204860925674","1.26880133152008","0.459781914949417","0.0813951417803764","0.210328072309494","0.937121450901031","0.0906398072838783","0.017398813739419","0.0523740872740746","0.0405747443437576","0.471968412399292","0.00565999001264572","0.284774124622345","0.144377142190933","0.102836884558201","0.505683302879333","0.247196048498154","1.19437146186829","0.602347433567047","0","0","0.0264604464173317","0.0935679003596306","0","0","0.0902997180819511","2.43490791320801","1.14958071708679","0","0","0.664121568202972","0.267687350511551","0","0","0.328905552625656"
"107.58650970459","0.341716625867411","0.522314608097076","811","48.0379447937012","1.26189172267914","2250.32521057129","123.622240066528","0.966926097869873","3.88859939575195","0.110238216817379","0.439491003751755","0.0685191452503204","0.56122875213623","0.0146235376596451","0","1.37153995037079","0.718687474727631","0.197292154667957","0.294673413038254","1.31801128387451","0.460385799407959",,,,,,,,,,,,,,,,,,,,,,,,"2.46293950080872","1.16556441783905","0","0","0.655662715435028","0.268113672733307","0","0","0.338115334510803"
"102.662849998474","0.106097561932984","0.529424488544464","812","48.023063659668","1.26792287826538","1779.82616119385","108.240672302246","0.970076501369476","4.00461101531982","0.112153433263302","0.439527690410614","0.0687140300869942","0.560455143451691","0.0147852636873722","0","1.38602137565613","0.725322544574738","0.198268116499821","0.295102000236511","1.30287325382233","0.460682600736618",,,,,,,,,,,,,,,,,,,,,,,,"2.4298107624054","1.15427005290985","0","0","0.667825043201447","0.268503606319427","0","0","0.331594318151474"
"104.382628440857","0.12871682519326","0.519204914569855","813","48.1325263977051","1.25428748130798","1907.12926635742","113.77188949585","0.968884348869324","3.88940143585205","0.11022911965847","0.440000206232071","0.0690990015864372","0.565195202827454","0.0150701375678182","0","1.37850379943848","0.718276798725128","0.187941256604972","0.29421067237854","1.30492603778839","0.459910959005356",,,,,,,,,,,,,,,,,,,,,,,,"2.42683744430542","1.15442132949829","0","0","0.654913604259491","0.267692625522614","0","0","0.331681251525879"
"100.187984752655","0.0459506384795532","0.523220956325531","814","47.5333404541016","1.26473879814148","1841.24099884033","114.249457740784","0.969392478466034","3.87821245193481","0.110064446926117","0.439502835273743","0.0693146288394928","0.568227648735046","0.0150916203856468","0","1.40062367916107","0.724152684211731","0.190174285774265","0.293757140636444","1.31548917293549","0.459498137235641",,,,,,,,,,,,,,,,,,,,,,,,"2.44620299339294","1.15460419654846","0","0","0.665672540664673","0.267279952764511","0","0","0.331786334514618"
"103.854344177246","1.7883412450552","0.526769161224365","815","48.3923263549805","1.27324736118317","1807.71000366211","114.155138969421","0.967352986335754","3.90092372894287","0.110449343919754","0.439356476068497","0.0692953690886497","0.563924252986908","0.0149953840300441","0","1.40091574192047","0.725802958011627","0.208602391519526","0.294678121805191","1.26913285255432","0.460444539785385",,,,,,,,,,,,,,,,,,,,,,,,"2.4557318687439","1.162637591362","0","0","0.668709993362427","0.268117964267731","0","0","0.336419373750687"
"98.4490535736084","-1.09482099637389","0.516527414321899","816","47.4357109069824","1.23823606967926","1522.84403991699","100.637190818787","0.969458758831024","3.89940690994263","0.110521584749222","0.437134832143784","0.0699127912521362","0.573969602584839","0.0153641952201724","0","1.36428475379944","0.711646676063538","0.180711419022919","0.293419152498245","1.30481672286987","0.459226369857788",,,,,,,,,,,,,,,,,,,,,,,,"2.43589615821838","1.1486701965332","0","0","0.642878949642181","0.266972452402115","0","0","0.328384757041931"
"111.535085868835","0.508850163500756","0.519853353500366","817","47.7077941894531","1.2598865032196","2114.34885864258","126.20122833252","0.967269599437714","3.89596462249756","0.110382072627544","0.439009994268417","0.070384219288826","0.563725292682648","0.0147210890427232","0","1.39470422267914","0.722561419010162","0.19760014921485","0.29359495639801","1.3129106760025","0.459298610687256",,,,,,,,,,,,,,,,,,,,,,,,"2.4325795173645","1.1514984369278","0","0","0.66275018453598","0.267132431268692","0","0","0.33000385761261"
"111.838235187531","-0.337432243046351","0.524066507816315","818","48.7414169311523","1.25534772872925","1503.81161346436","105.025756263733","0.968380868434906","4.0248761177063","0.112397879362106","0.441536545753479","0.0709018558263779","0.571621119976044","0.0154924187809229","0","1.38016211986542","0.718200922012329","0.180294031976518","0.294790744781494","1.32436847686768","0.460631042718887",,,,,,,,,,,,,,,,,,,,,,,,"2.44274997711182","1.15558815002441","0","0","0.654775261878967","0.2682204246521","0","0","0.332352101802826"
"111.201072120667","0.729776442050934","0.52676248550415","819","48.1714324951172","1.27615094184875","1985.85862884521","120.136062812805","0.970656394958496","4.03645706176758","0.112426593899727","0.445217132568359","0.0700310617685318","0.568059861660004","0.015209156088531","0","1.38906896114349","0.726175129413605","0.194195148010476","0.295633971691132","1.32959389686584","0.461340665817261",,,,,,,,,,,,,,,,,,,,,,,,"2.45104765892029","1.16496443748474","0","0","0.669395923614502","0.268987655639648","0","0","0.33776730298996"
"96.6206983566284","0.24912711456418","0.524777948856354","820","50.1855506896973","1.27312958240509","1732.87821960449","107.987073516846","0.969775199890137","3.95569968223572","0.111291855573654","0.440841257572174","0.0705475807189941","0.569647431373596","0.0154026681557298","0","1.39118552207947","0.724617779254913","0.201061185042636","0.295422613620758","1.32871353626251","0.461265981197357","0.081622950732708","0.211547985672951","0.935429096221924","0.0950665697455406","0.0178610626608133","0.0523458682000637","0.0431712381541729","0.470449388027191","0.00563821569085121","0.287207871675491","0.144432291388512","0.104093767702579","0.52195543050766","0.249313205480576","1.18696713447571","0.602534532546997","0","0","0.026480671018362","0.094711497426033","0","0","0.0903558284044266","2.4557580947876","1.16503167152405","0","0","0.666527926921844","0.268795311450958","0","0","0.337806314229965"
"107.879044723511","-1.45038624256849","0.51199072599411","821","47.5236511230469","1.23028993606567","1733.05072479248","109.666121864319","0.966959357261658","3.99159264564514","0.112016841769218","0.437753170728683","0.0700637698173523","0.567046999931335","0.0151744224131107","0","1.36555147171021","0.707239270210266","0.181353524864244","0.293564677238464","1.26837873458862","0.459380835294724",,,,,,,,,,,,,,,,,,,,,,,,"2.42057991027832","1.1484249830246","0","0","0.634940564632416","0.267104864120483","0","0","0.328244537115097"
"103.700225830078","-1.00328755155206","0.519942343235016","822","48.2197074890137","1.2509388923645","1945.71500244141","113.292319297791","0.969305276870728","3.95088648796082","0.111444987356663","0.435497403144836","0.0703461989760399","0.569241106510162","0.0150780370458961","0","1.37469553947449","0.718102097511292","0.187136948067564","0.293554097414017","1.30255198478699","0.459615111351013",,,,,,,,,,,,,,,,,,,,,,,,"2.43118214607239","1.15018022060394","0","0","0.654594957828522","0.267095237970352","0","0","0.32924872636795"
"115.336519050598","-1.07698684949428","0.521061360836029","823","47.5903930664063","1.24328410625458","1671.47243347168","106.461810112","0.968902230262756","3.97347784042358","0.111563168466091","0.441339910030365","0.0696418955922127","0.572384059429169","0.0151633052155375","0","1.36389875411987","0.715496718883514","0.171702487238508","0.294864654541016","1.27896511554718","0.460841327905655",,,,,,,,,,,,,,,,,,,,,,,,"2.41590738296509","1.14298582077026","0","0","0.649853765964508","0.268287688493729","0","0","0.325142651796341"
"121.913372993469","-0.761641970649362","0.524873673915863","824","48.4155540466309","1.26344406604767","1654.08954162598","114.226322937012","0.966286659240723","3.99457693099976","0.111865647137165","0.44235748052597","0.0703196823596954","0.57158488035202","0.0155034158378839","0","1.37128615379333","0.719539642333984","0.185358886749964","0.295118361711502","1.36738049983978","0.460880547761917",,,,,,,,,,,,,,,,,,,,,,,,"2.46096515655518","1.16486060619354","0","0","0.657218456268311","0.268518507480621","0","0","0.337707042694092"
"104.335055923462","1.52303019165993","0.519703209400177","825","47.6470680236816","1.24685800075531","1878.05572662354","109.517023849487","0.965946316719055","3.9767107963562","0.111561812460423","0.442585825920105","0.0699891373515129","0.571334183216095","0.015603088773787","0","1.36547374725342","0.714763700962067","0.207679832318536","0.294760584831238","1.32303237915039","0.460554987192154",,,,,,,,,,,,,,,,,,,,,,,,"2.43301677703857","1.15173971652985","0","0","0.648522913455963","0.268192976713181","0","0","0.330142140388489"
"99.0734580993652","0.142338630650193","0.52290415763855","826","48.1491508483887","1.25899636745453","1793.77741699219","111.344793128967","0.969893574714661","4.01832628250122","0.112225621938705","0.443031817674637","0.0696009621024132","0.571378946304321","0.0152205815538764","0","1.37181842327118","0.721438109874725","0.193565116626269","0.294576585292816","1.2935596704483","0.460399240255356",,,,,,,,,,,,,,,,,,,,,,,,"2.43354320526123","1.15197968482971","0","0","0.66069108247757","0.268025577068329","0","0","0.330279737710953"
"104.867129898071","0.745758601278067","0.525713682174683","827","47.9330368041992","1.26607394218445","1586.12683105469","111.861362457275","0.967925190925598","3.94883584976196","0.111221954226494","0.439848840236664","0.0696690753102303","0.572365820407867","0.0152866896241903","0","1.38108742237091","0.723054647445679","0.200847121023253","0.294617623090744","1.31060802936554","0.460414320230484",,,,,,,,,,,,,,,,,,,,,,,,"2.44156908988953","1.15906620025635","0","0","0.663655281066895","0.268062889575958","0","0","0.334355711936951"
"103.568195438385","0.909995983645786","0.514652729034424","828","47.3143005371094","1.24132668972015","1843.79346313477","110.277046585083","0.969924211502075","3.8868465423584","0.110392548143864","0.43530598282814","0.0695105716586113","0.565126061439514","0.0147764412686229","0","1.36797177791595","0.715332448482513","0.203182361755898","0.292460858821869","1.28034687042236","0.458261579275131",,,,,,,,,,,,,,,,,,,,,,,,"2.42538213729858","1.14391362667084","0","0","0.649555444717407","0.266100525856018","0","0","0.325670719146729"
"102.817070198059","-2.25043834149837","0.520690858364105","829","48.0651512145996","1.2487541437149","1473.40868530273","102.808696937561","0.969744443893433","4.08433103561401","0.113335013389587","0.442245095968246","0.0699241310358047","0.571641743183136","0.0150921186432242","0","1.36445784568787","0.713890969753265","0.177064005288412","0.294173926115036","1.3179851770401","0.459890753030777",,,,,,,,,,,,,,,,,,,,,,,,"2.45302224159241","1.15871798992157","0","0","0.646940112113953","0.267659187316895","0","0","0.334154814481735"
"105.80110206604","-1.10791409080848","0.518339693546295","830","50.0896148681641","1.24434685707092","1458.0237991333","112.350117111206","0.966561615467072","4.09541463851929","0.113673910498619","0.438528031110764","0.0701874941587448","0.569301962852478","0.0153440237045288","0","1.37397229671478","0.712432324886322","0.184852550068172","0.294578582048416","1.30488455295563","0.460216820240021","0.081891804933548","0.212783142924309","0.923650741577148","0.0968531742691994","0.0180437341332436","0.0523511990904808","0.0428952798247337","0.468252658843994","0.00556639721617103","0.288218915462494","0.145075649023056","0.104692004621029","0.526603758335114","0.250158101320267","1.19871377944946","0.60404771566391","0","0","0.0267171058803797","0.0952558219432831","0","0","0.0908102169632912","2.43675017356873","1.1550110578537","0","0","0.644299149513245","0.268027365207672","0","0","0.332020282745361"
"102.836701011658","1.04026280492544","0.526951730251312","831","48.0383148193359","1.27618372440338","1900.75699462891","122.086929702759","0.965950965881348","4.07190704345703","0.113114088773727","0.442692190408707","0.0698673725128174","0.569477498531342","0.0156658999621868","0","1.38394904136658","0.725948989391327","0.208771393586721","0.295378834009171","1.36645984649658","0.461374074220657",,,,,,,,,,,,,,,,,,,,,,,,"2.4567539691925","1.16613960266113","0","0","0.668979048728943","0.268755525350571","0","0","0.338449090719223"
"115.753870201111","0.212396757828537","0.527093231678009","832","48.3782196044922","1.27004015445709","2338.48258361816","123.065073776245","0.968203544616699","3.99928402900696","0.111960917711258","0.441945612430573","0.0699042305350304","0.57275378704071","0.0154749499633908","0","1.38895893096924","0.726103544235229","0.187350978681934","0.295346081256866","1.29827964305878","0.461051881313324",,,,,,,,,,,,,,,,,,,,,,,,"2.43913435935974","1.15506374835968","0","0","0.669263958930969","0.268725693225861","0","0","0.332050502300262"
"108.658849143982","-2.00048556625843","0.522045314311981","833","47.892333984375","1.26070380210876","1798.23080749512","117.520985984802","0.969904839992523","4.01059246063232","0.11225326359272","0.439484357833862","0.0694357231259346","0.56590074300766","0.0150625947862864","0","1.3827828168869","0.721478939056396","0.177619638291071","0.294680505990982","1.33456707000732","0.460355997085571",,,,,,,,,,,,,,,,,,,,,,,,"2.4401683807373","1.15465903282166","0","0","0.660765826702118","0.268120110034943","0","0","0.331817895174026"
"101.53191947937","0.12260292575229","0.522691905498505","834","47.6003341674805","1.27060997486115","2098.82226104736","125.590901374817","0.967051863670349","3.98749423027039","0.11175499856472","0.4422267973423","0.0697838366031647","0.573704302310944","0.015650849789381","0","1.39650940895081","0.7243612408638","0.205521371387294","0.295036971569061","1.35591530799866","0.460920423269272",,,,,,,,,,,,,,,,,,,,,,,,"2.45731568336487","1.16210198402405","0","0","0.666056036949158","0.26844447851181","0","0","0.336109489202499"
"111.697559928894","-0.392750253062695","0.523575067520142","835","48.2040596008301","1.25723791122437","1692.75410766602","110.592332839966","0.96790599822998","4.03686332702637","0.112425118684769","0.445402652025223","0.0697476714849472","0.573643743991852","0.0156209068372846","0","1.39143037796021","0.719252824783325","0.184796397525497","0.295054167509079","1.36427688598633","0.461123675107956",,,,,,,,,,,,,,,,,,,,,,,,"2.4326639175415","1.15512025356293","0","0","0.656694710254669","0.268460065126419","0","0","0.33208304643631"
"110.753879356384","-1.16952298954129","0.522158861160278","836","47.4669036865234","1.26180803775787","1593.96080169678","111.227386856079","0.967285215854645","3.98593282699585","0.111840136349201","0.439686805009842","0.0699260681867599","0.569070637226105","0.0153194237500429","0","1.38564431667328","0.719587922096252","0.185653138097405","0.294575601816177","1.35749220848083","0.460463881492615",,,,,,,,,,,,,,,,,,,,,,,,"2.44921326637268","1.16273665428162","0","0","0.657306730747223","0.268024682998657","0","0","0.336476683616638"
"133.158071136475","-1.78772965669632","0.52334988117218","837","48.1819686889648","1.26693570613861","1994.88031463623","119.96091709137","0.967541635036469","4.0408182144165","0.11268325895071","0.440957367420197","0.0693006291985512","0.572696447372437","0.0153003502637148","0","1.39342904090881","0.723383128643036","0.168985850040917","0.294839203357697","1.34039199352264","0.460688889026642",,,,,,,,,,,,,,,,,,,,,,,,"2.45014047622681","1.15916550159454","0","0","0.664258360862732","0.268264502286911","0","0","0.334412962198257"
"103.149600028992","-1.08094284757972","0.523690640926361","838","47.8163070678711","1.26093983650208","1578.08489990234","105.590131759644","0.969077408313751","4.09735012054443","0.113450974225998","0.444441318511963","0.0695488452911377","0.568831205368042","0.0154499281197786","0","1.3842431306839","0.719954192638397","0.189320123719517","0.295233726501465","1.36874949932098","0.461235016584396",,,,,,,,,,,,,,,,,,,,,,,,"2.44048881530762","1.15903961658478","0","0","0.657975971698761","0.268623441457748","0","0","0.334340393543243"
"102.258822250366","-0.183575752587058","0.522278249263763","839","48.1834449768066","1.26250278949738","1643.00824890137","109.254602432251","0.969188094139099","4.03052949905396","0.112523920834064","0.440759867429733","0.0697460547089577","0.575496912002563","0.015642749145627","0","1.38350009918213","0.721676826477051","0.196592646530371","0.294850260019302","1.34453129768372","0.460841655731201",,,,,,,,,,,,,,,,,,,,,,,,"2.4384708404541","1.15688741207123","0","0","0.661128401756287","0.268274575471878","0","0","0.333099871873856"
"101.212927436829","-0.0710507447365671","0.523257791996002","840","50.4753227233887","1.26615333557129","1755.29446868896","111.079845046997","0.970853924751282","4.04317951202393","0.112502664327621","0.445987582206726","0.0694757103919983","0.570284783840179","0.0155180105939507","0","1.38722395896912","0.722359597682953","0.195263355333009","0.295015245676041","1.35666441917419","0.461193233728409","0.0816438719630241","0.212463110685349","0.929888904094696","0.103091396391392","0.0186301246285439","0.0535609424114227","0.0430136136710644","0.473534166812897","0.00575960520654917","0.288142383098602","0.144431322813034","0.104880660772324","0.537237107753754","0.250913769006729","1.19560027122498","0.603199422359467","0","0","0.0264803115278482","0.095427468419075","0","0","0.090555340051651","2.44612765312195","1.1607860326767","0","0","0.66237998008728","0.268424689769745","0","0","0.335348665714264"
"103.302475547791","0.178315984236542","0.527306914329529","841","47.7773513793945","1.2822470664978","1770.93079986572","120.634258270264","0.972873330116272","4.0993332862854","0.113486342132092","0.44436651468277","0.069507859647274","0.580515027046204","0.0158297326415777","0","1.41923534870148","0.733487963676453","0.196841107303408","0.294944375753403","1.32661068439484","0.460982352495193",,,,,,,,,,,,,,,,,,,,,,,,"2.43740773200989","1.15313231945038","0","0","0.682945907115936","0.268360167741776","0","0","0.330940991640091"
"101.052411842346","-0.92934919372201","0.525170266628265","842","47.8230056762695","1.27145826816559","1619.9004989624","105.42467956543","0.971539676189423","4.09979152679443","0.113461010158062","0.445121765136719","0.0693744271993637","0.571611702442169","0.0155981360003352","0","1.40016853809357","0.723394811153412","0.183115474239457","0.295370906591415","1.38212490081787","0.46118089556694",,,,,,,,,,,,,,,,,,,,,,,,"2.45151495933533","1.1661069393158","0","0","0.664279878139496","0.26874828338623","0","0","0.338430166244507"
"102.514200782776","0.0807006270973943","0.514091730117798","843","47.1152801513672","1.2433340549469","1650.3799911499","110.901605987549","0.969308495521545","4.03063583374023","0.112464904785156","0.44216001033783","0.0691857039928436","0.574470520019531","0.015518263913691","0","1.36117303371429","0.712604224681854","0.204156737974699","0.294090002775192","1.36787664890289","0.459955185651779",,,,,,,,,,,,,,,,,,,,,,,,"2.44124507904053","1.1534811258316","0","0","0.644610047340393","0.267582833766937","0","0","0.331141173839569"
"105.544159126282","-0.614944896474481","0.52852201461792","844","48.7608642578125","1.27673065662384","1712.55848236084","118.498657989502","0.968171417713165","4.16888761520386","0.114553421735764","0.445609778165817","0.069567047059536","0.573219299316406","0.0157810058444738","0","1.39109289646149","0.728291153907776","0.19225355212111","0.295947432518005","1.34445345401764","0.461780428886414",,,,,,,,,,,,,,,,,,,,,,,,"2.44039416313171","1.15871834754944","0","0","0.673302829265594","0.269272834062576","0","0","0.334155023097992"
"130.428280830383","-0.394224466639571","0.521075069904327","845","48.0914154052734","1.25616061687469","1618.34752197266","114.556627464294","0.966575860977173","4.11365270614624","0.114007733762264","0.437600135803223","0.0696093887090683","0.576950669288635","0.015979889780283","0","1.37907934188843","0.716997563838959","0.195569369151781","0.295286864042282","1.32122230529785","0.461218804121017",,,,,,,,,,,,,,,,,,,,,,,,"2.4413583278656","1.16001951694489","0","0","0.652582824230194","0.268671810626984","0","0","0.334905922412872"
"109.298566246033","-1.80647588074207","0.528135120868683","846","48.8708381652832","1.26300537586212","2321.7224319458","120.294046592712","0.96669989824295","4.24469423294067","0.115767136216164","0.445508986711502","0.0703742355108261","0.573731124401093","0.015872061252594","0","1.39062988758087","0.722204983234406","0.189513317050296","0.296486228704453","1.32382357120514","0.462481528520584",,,,,,,,,,,,,,,,,,,,,,,,"2.43976211547852","1.153489112854","0","0","0.662096500396729","0.269763052463531","0","0","0.331145793199539"
"106.491307067871","0.5358314008452","0.52310574054718","847","47.5340156555176","1.26795268058777","1364.98303375244","108.333977508545","0.96996659040451","4.1231689453125","0.114067271351814","0.439804345369339","0.0695911571383476","0.570082485675812","0.0157882142812014","0","1.39431798458099","0.722496092319489","0.205998654910218","0.295119881629944","1.35751593112946","0.461289137601852",,,,,,,,,,,,,,,,,,,,,,,,"2.44580149650574","1.16329908370972","0","0","0.662630438804626","0.268519878387451","0","0","0.336802303791046"
"104.041013908386","-0.322984093055129","0.523723304271698","848","48.4344215393066","1.25874757766724","1957.57009735107","123.651256370544","0.965180337429047","4.19810438156128","0.115145146846771","0.44270259141922","0.0697815865278244","0.571830213069916","0.0155437029898167","0","1.37943708896637","0.721195161342621","0.209878357841808","0.295220613479614","1.3108948469162","0.460936456918716",,,,,,,,,,,,,,,,,,,,,,,,"2.42632579803467","1.15129935741425","0","0","0.660246253013611","0.268611550331116","0","0","0.329889714717865"
"110.709036254883","-0.704907599650323","0.528321027755737","849","48.2119903564453","1.28889954090118","2322.14097442627","122.533857345581","0.970737993717194","4.2137598991394","0.115267336368561","0.445692211389542","0.0691041424870491","0.57474160194397","0.0159113369882107","0","1.40052723884583","0.732883453369141","0.195172424138582","0.296202927827835","1.41629219055176","0.46200093626976",,,,,,,,,,,,,,,,,,,,,,,,"2.45042967796326","1.16463029384613","0","0","0.681820631027222","0.269505321979523","0","0","0.33757358789444"
"102.463735198975","0.972565543651581","0.519636273384094","850","50.4815254211426","1.24894833564758","1803.81991271973","113.262860870361","0.969361305236816","4.19314527511597","0.115201629698277","0.439501821994781","0.0685380324721336","0.570575356483459","0.015588054433465","0","1.37077331542969","0.71656608581543","0.211795192479622","0.294291168451309","1.37032151222229","0.460446506738663","0.0820440873503685","0.214479446411133","0.938202321529388","0.106112390756607","0.0188998375087976","0.0543804503977299","0.0431901328265667","0.476128160953522","0.00587859889492393","0.28942334651947","0.144842281937599","0.10657561570406","0.555895566940308","0.25291645526886","1.19432854652405","0.604274988174438","0","0","0.0266312174499035","0.0969696566462517","0","0","0.0908785760402679","2.42506837844849","1.1504180431366","0","0","0.651797652244568","0.26776584982872","0","0","0.32938489317894"
"98.3876861572266","-0.248695838125423","0.516667425632477","851","47.4468955993652","1.25108563899994","2171.4377746582","122.336441802979","0.971254110336304","4.19227266311646","0.115174174308777","0.439822524785995","0.0695744380354881","0.578966379165649","0.0160119105130434","0","1.38024234771729","0.721139013767242","0.201461485768959","0.293986618518829","1.34190201759338","0.459980666637421",,,,,,,,,,,,,,,,,,,,,,,,"2.41815209388733","1.14001286029816","0","0","0.660143435001373","0.267488777637482","0","0","0.323453456163406"
"101.927591323853","0.306131150020519","0.521346867084503","852","48.4860038757324","1.25532114505768","1871.31132659912","115.212463951111","0.968641936779022","4.22510814666748","0.115576907992363","0.442662924528122","0.0695571601390839","0.578123807907104","0.0160304233431816","0","1.37723255157471","0.716699719429016","0.201759966871759","0.295992821455002","1.32162654399872","0.461976200342178",,,,,,,,,,,,,,,,,,,,,,,,"2.43119359016418","1.15839076042175","0","0","0.652040839195251","0.269314169883728","0","0","0.333966135978699"
"111.802962112427","0.282584272744134","0.523272573947906","853","47.6482849121094","1.27012586593628","1879.85384368896","123.047282600403","0.96529757976532","4.16241312026978","0.114699229598045","0.439766675233841","0.0696946531534195","0.578040897846222","0.0160426013171673","0","1.39174199104309","0.723722696304321","0.200368903040362","0.295289903879166","1.36639106273651","0.461125314235687",,,,,,,,,,,,,,,,,,,,,,,,"2.44736242294312","1.16289627552032","0","0","0.664882183074951","0.268674582242966","0","0","0.336569100618362"
"112.45213394165","-2.07649621069431","0.523124098777771","854","48.7270812988281","1.26349818706512","1788.58731079102","113.264672660828","0.967799484729767","4.22589063644409","0.115448750555515","0.445968240499496","0.0695099607110023","0.577057957649231","0.0162447337061167","0","1.38334035873413","0.723092436790466","0.178290044433379","0.295781195163727","1.35508751869202","0.4617560505867",,,,,,,,,,,,,,,,,,,,,,,,"2.43511033058167","1.15262854099274","0","0","0.663724720478058","0.269121587276459","0","0","0.330651879310608"
"114.283214187622","-0.423019304126501","0.520506083965302","855","47.5223541259766","1.25861382484436","1751.96399230957","120.425033760071","0.965812861919403","4.19048166275024","0.115080900490284","0.441350638866425","0.0697138234972954","0.570858955383301","0.0158064793795347","0","1.39147639274597","0.719425320625305","0.195687653434288","0.294548869132996","1.3787248134613","0.460398256778717",,,,,,,,,,,,,,,,,,,,,,,,"2.44220733642578","1.15776216983795","0","0","0.657009661197662","0.268000334501266","0","0","0.333603799343109"
"105.658389472961","-1.50165449492633","0.523402094841003","856","47.5304641723633","1.25972592830658","1653.04233093262","108.054003715515","0.970661699771881","4.22694396972656","0.115471057593822","0.445837736129761","0.0701805874705315","0.578952610492706","0.0160124115645885","0","1.38257598876953","0.720802128314972","0.191357436178805","0.295749962329865","1.41587710380554","0.461432218551636",,,,,,,,,,,,,,,,,,,,,,,,"2.43685674667358","1.15341997146606","0","0","0.659526765346527","0.269093155860901","0","0","0.331106096506119"
"104.140792274475","1.44549570381641","0.522449254989624","857","48.5454597473145","1.24982357025146","1536.89328155518","106.737803077698","0.966677725315094","4.24470710754395","0.115717746317387","0.446672976016998","0.069698378443718","0.57552182674408","0.0159343481063843","0","1.38164258003235","0.716117322444916","0.202910826144216","0.295793682336807","1.35960173606873","0.461590439081192",,,,,,,,,,,,,,,,,,,,,,,,"2.42057037353516","1.15098392963409","0","0","0.650981545448303","0.269132971763611","0","0","0.329709023237228"
"103.399241065979","-0.420103501854464","0.521758079528809","858","47.7358322143555","1.26451122760773","2657.17748413086","133.54143447876","0.965136766433716","4.13074254989624","0.114149928092957","0.440725058317184","0.0681948587298393","0.578404545783997","0.0156866908073425","0","1.38721299171448","0.722959458827972","0.203242039842007","0.295056790113449","1.34893703460693","0.46081131696701",,,,,,,,,,,,,,,,,,,,,,,,"2.44010782241821","1.15596377849579","0","0","0.663480579853058","0.268462479114532","0","0","0.332568198442459"
"101.068867301941","-0.29743000715971","0.521019041538239","859","47.7347259521484","1.26690435409546","2096.24488220215","118.050478744507","0.970674455165863","4.17440700531006","0.114677868783474","0.444772779941559","0.0686875209212303","0.572049736976624","0.0159194767475128","0","1.38943362236023","0.722407758235931","0.199502319803287","0.295748233795166","1.42512261867523","0.461771905422211",,,,,,,,,,,,,,,,,,,,,,,,"2.44489049911499","1.16077864170074","0","0","0.662468314170837","0.269091635942459","0","0","0.335344433784485"
"99.571460723877","-0.735833166725934","0.519652187824249","860","50.378719329834","1.25327587127686","1536.56411132812","104.241331100464","0.968889772891998","4.19239377975464","0.115079402923584","0.442104995250702","0.0679490193724632","0.573128759860992","0.0160675626248121","0","1.36569309234619","0.714146196842194","0.197418496994942","0.296088993549347","1.39240539073944","0.462294578552246","0.08252964168787","0.216042026877403","0.913061022758484","0.110321246087551","0.0192937683314085","0.0547283478081226","0.0435506142675877","0.475216746330261","0.0059139197692275","0.287602007389069","0.145005524158478","0.108300194144249","0.571932673454285","0.25480118393898","1.19351172447205","0.604053437709808","0","0","0.0266912803053856","0.0985387936234474","0","0","0.0908119529485703","2.45019817352295","1.16272747516632","0","0","0.647402822971344","0.269401639699936","0","0","0.336471408605576"
"105.471117973328","-0.490992301213555","0.521992564201355","861","48.0260734558105","1.25549066066742","1651.66820373535","110.076909828186","0.969420909881592","4.220871925354","0.115389309823513","0.445489138364792","0.069379560649395","0.575722932815552","0.0160671733319759","0","1.38860392570496","0.71913480758667","0.199742981568124","0.295853853225708","1.35131585597992","0.461645275354385",,,,,,,,,,,,,,,,,,,,,,,,"2.42897295951843","1.15118420124054","0","0","0.656479179859161","0.269187718629837","0","0","0.329823762178421"
"111.088191413879","0.358220116235316","0.522067785263062","862","47.7888984680176","1.25881564617157","1805.33378601074","119.545022201538","0.967957019805908","4.2012300491333","0.115192160010338","0.442769676446915","0.0696073397994041","0.579037308692932","0.0160830616950989","0","1.37797689437866","0.718646824359894","0.195509491654229","0.295833945274353","1.3449774980545","0.461701631546021",,,,,,,,,,,,,,,,,,,,,,,,"2.4386727809906","1.15854918956757","0","0","0.655588507652283","0.269169598817825","0","0","0.334057509899139"
"127.795500946045","0.44122223618906","0.530398011207581","863","48.0707397460938","1.28991782665253","1755.08392944336","120.942497253418","0.968163967132568","4.27091121673584","0.116199806332588","0.445100039243698","0.0699805021286011","0.570361137390137","0.0159961599856615","0","1.40729308128357","0.731126070022583","0.214770511136885","0.296901077032089","1.41054391860962","0.462737411260605",,,,,,,,,,,,,,,,,,,,,,,,"2.4586877822876","1.17090785503387","0","0","0.678554713726044","0.270140558481216","0","0","0.341222554445267"
"99.0183615684509","0.882603246346116","0.521001517772675","864","47.7399826049805","1.25364196300507","1858.00403747559","116.123212051392","0.964125514030457","4.25997066497803","0.116030432283878","0.445011973381042","0.0699129924178123","0.570912420749664","0.016023525968194","0","1.38013935089111","0.71625167131424","0.198685580975871","0.296372920274734","1.39370357990265","0.462402015924454",,,,,,,,,,,,,,,,,,,,,,,,"2.42892336845398","1.15629041194916","0","0","0.651225864887238","0.269659966230392","0","0","0.332756131887436"
"103.353349208832","0.374223905534018","0.519013285636902","865","47.6238708496094","1.2472757101059","1644.71268463135","113.016571998596","0.967228889465332","4.26823377609253","0.116159424185753","0.44505363702774","0.0698578283190727","0.579667091369629","0.0160675793886185","0","1.37238264083862","0.714398503303528","0.206718282500515","0.295677304267883","1.36778771877289","0.461725383996964",,,,,,,,,,,,,,,,,,,,,,,,"2.44112586975098","1.15216886997223","0","0","0.647860407829285","0.269027054309845","0","0","0.330388218164444"
"102.449499511719","0.314995845640078","0.519619464874268","866","47.7372207641602","1.24706387519836","1592.60634613037","111.947622871399","0.966705739498138","4.25161027908325","0.11605840921402","0.441214978694916","0.0689796581864357","0.581527888774872","0.0163156241178513","0","1.37763965129852","0.716597318649292","0.203336422461143","0.295024454593658","1.33886384963989","0.461002320051193",,,,,,,,,,,,,,,,,,,,,,,,"2.42290854454041","1.14585363864899","0","0","0.651854455471039","0.268433064222336","0","0","0.326776325702667"
"109.730619049072","-1.75419246554375","0.522742927074432","867","48.1387252807617","1.25353097915649","1723.93934631348","109.246127700806","0.969123005867004","4.27055025100708","0.116179190576077","0.445451945066452","0.0697856470942497","0.577786266803741","0.0161346402019262","0","1.37814426422119","0.717299342155457","0.180069237855787","0.296353429555893","1.34908890724182","0.462423741817474",,,,,,,,,,,,,,,,,,,,,,,,"2.42233633995056","1.15281045436859","0","0","0.653132379055023","0.269642263650894","0","0","0.33075624704361"
"115.772891044617","0.0515645488165319","0.520217061042786","868","48.0559387207031","1.25094854831696","1505.2454788208","106.960192680359","0.968268096446991","4.24833583831787","0.115737818181515","0.447551101446152","0.0698725357651711","0.577326595783234","0.0161533039063215","0","1.38287758827209","0.716870069503784","0.184150185640465","0.296590238809586","1.34562814235687","0.462376654148102",,,,,,,,,,,,,,,,,,,,,,,,"2.42405200004578","1.14929139614105","0","0","0.652350842952728","0.269857734441757","0","0","0.328740000724792"
"106.268761062622","-1.68556254953146","0.531941056251526","869","48.0172996520996","1.28693115711212","1817.06069946289","116.175893211365","0.970619797706604","4.26895713806152","0.1161934658885","0.444519966840744","0.0697628781199455","0.572757601737976","0.0159922093153","0","1.40056073665619","0.73173451423645","0.185707605300558","0.297014743089676","1.42168617248535","0.463053345680237",,,,,,,,,,,,,,,,,,,,,,,,"2.44877552986145","1.16364514827728","0","0","0.679684519767761","0.270243942737579","0","0","0.337002694606781"
"101.036285591125","0.817037603165954","0.516652464866638","870","50.4041862487793","1.24365639686584","1747.79818267822","108.643234825134","0.968880474567413","4.23567056655884","0.115655668079853","0.444761544466019","0.070518434047699","0.585942566394806","0.0164062231779099","0","1.37057435512543","0.713459849357605","0.208049284652952","0.295923680067062","1.34205424785614","0.461797744035721","0.082615040242672","0.217527836561203","0.916388273239136","0.117461793124676","0.0199252273887396","0.0559316575527191","0.0462674349546432","0.479236274957657","0.00592407863587141","0.287375152111053","0.144863650202751","0.109542220830917","0.586068153381348","0.256770521402359","1.18792295455933","0.605408728122711","0","0","0.0266390759497881","0.0996688678860664","0","0","0.0912199094891548","2.43210315704346","1.14842784404755","0","0","0.646158933639526","0.269251227378845","0","0","0.328246176242828"
"98.8809730529785","1.88594364225864","0.518629908561707","871","47.7891082763672","1.25452148914337","1913.5781829834","113.203105545044","0.9666508436203","4.23115015029907","0.115678921341896","0.442520678043365","0.0706405565142632","0.575864851474762","0.0159633830189705","0","1.37846505641937","0.715003669261932","0.219151019293349","0.295751363039017","1.39766490459442","0.461780041456223",,,,,,,,,,,,,,,,,,,,,,,,"2.44651699066162","1.16272270679474","0","0","0.648958444595337","0.269094467163086","0","0","0.336468607187271"
"105.699816894531","0.767317245341837","0.520745158195496","872","48.1690063476563","1.25881278514862","1673.8489074707","113.031115531921","0.968065142631531","4.31975221633911","0.116833612322807","0.448315441608429","0.0708198323845863","0.581521928310394","0.016301030293107","0","1.38905680179596","0.719291746616364","0.210597246367251","0.296602010726929","1.41698169708252","0.462660521268845",,,,,,,,,,,,,,,,,,,,,,,,"2.43158054351807","1.15528655052185","0","0","0.656765699386597","0.269868433475494","0","0","0.332178622484207"
"108.279400634766","-0.0323017820046516","0.522260785102844","873","48.1255378723145","1.24938857555389","1478.17558288574","106.611947822571","0.968271791934967","4.25485801696777","0.115926116704941","0.445561915636063","0.0704847201704979","0.580045640468597","0.0160793755203485","0","1.3651077747345","0.7166947722435","0.193486901083088","0.295869827270508","1.33184146881104","0.461913496255875",,,,,,,,,,,,,,,,,,,,,,,,"2.42738509178162","1.14826726913452","0","0","0.652031898498535","0.269202262163162","0","0","0.328154414892197"
"124.335444831848","-2.02667739987373","0.525015711784363","874","48.3906402587891","1.25613844394684","1500.65641021729","111.357320785522","0.965275704860687","4.4193868637085","0.118472725152969","0.446335166692734","0.0713428929448128","0.57977020740509","0.0162117294967175","0","1.39039647579193","0.720068752765656","0.177379802604264","0.296143054962158","1.38990116119385","0.461990356445313",,,,,,,,,,,,,,,,,,,,,,,,"2.42291975021362","1.14887571334839","0","0","0.658185362815857","0.269450843334198","0","0","0.328502237796783"
"109.056462478638","-0.885553039982915","0.521822392940521","875","47.8351783752441","1.25542318820953","1382.9920715332","103.745648574829","0.97044825553894","4.34001970291138","0.117158323526382","0.448163330554962","0.0713849440217018","0.57657253742218","0.0160977933555841","0","1.38357579708099","0.718015313148499","0.189217615961388","0.296569138765335","1.40829598903656","0.462634742259979",,,,,,,,,,,,,,,,,,,,,,,,"2.43163132667542","1.15349268913269","0","0","0.654436886310577","0.26983854174614","0","0","0.331147819757462"
"97.5705297470093","0.130698301782832","0.520894467830658","876","48.136173248291","1.25826930999756","1680.68507537842","112.613206291199","0.967748522758484","4.29812097549438","0.116591036319733","0.44600373506546","0.0710526704788208","0.584879159927368","0.0164355747401714","0","1.38262188434601","0.719033420085907","0.21181082201656","0.295714169740677","1.43117368221283","0.461652457714081",,,,,,,,,,,,,,,,,,,,,,,,"2.45093703269958","1.15656590461731","0","0","0.656293988227844","0.269060611724854","0","0","0.332914769649506"
"110.827658843994","-0.864439604990184","0.513702929019928","877","48.0893135070801","1.2377142906189","1659.64525146484","111.502475166321","0.966930866241455","4.26421976089478","0.116146944463253","0.44384828209877","0.0715519934892654","0.588122189044952","0.0165931191295385","0","1.36266529560089","0.708540856838226","0.19966498940048","0.29576849937439","1.41995584964752","0.461797028779984",,,,,,,,,,,,,,,,,,,,,,,,"2.43585848808289","1.15380036830902","0","0","0.637279748916626","0.269110023975372","0","0","0.331324547529221"
"101.675288391113","-0.798365896195173","0.516788482666016","878","47.732666015625","1.23776602745056","1293.95944366455","97.1432165145874","0.970456600189209","4.30487585067749","0.116764515638351","0.444413781166077","0.0723215565085411","0.583950579166412","0.0163880549371243","0","1.35702848434448","0.709486901760101","0.18408776044962","0.295912116765976","1.39332866668701","0.46196448802948",,,,,,,,,,,,,,,,,,,,,,,,"2.42859506607056","1.15069353580475","0","0","0.638982653617859","0.269240707159042","0","0","0.329542577266693"
"105.830545806885","-1.08227976448834","0.513009130954742","879","48.0428504943848","1.22725427150726","1943.05837402344","109.494017601013","0.967652201652527","4.3582239151001","0.117568232119083","0.445195376873016","0.0723465830087662","0.583420991897583","0.0164775904268026","0","1.355299949646","0.70576423406601","0.195303882234293","0.295939117670059","1.39771485328674","0.461849182844162",,,,,,,,,,,,,,,,,,,,,,,,"2.43052005767822","1.14395475387573","0","0","0.632294833660126","0.26926526427269","0","0","0.325694173574448"
"94.8614711761475","-0.163952476647682","0.513499557971954","880","49.6195297241211","1.2285635471344","1449.31722564697","102.32572555542","0.968188643455505","4.27961492538452","0.11641875654459","0.443170815706253","0.0706800892949104","0.586179673671722","0.0166310798376799","0","1.3641152381897","0.706761062145233","0.205875248606026","0.295894384384155","1.36457502841949","0.46217554807663","0.0828705355525017","0.219328373670578","0.930062413215637","0.118338845670223","0.0199973359704018","0.0562090389430523","0.0465453825891018","0.482975393533707","0.00606648903340101","0.290103912353516","0.145428061485291","0.110950723290443","0.605768740177155","0.258378475904465","1.18609428405762","0.606439828872681","0","0","0.0268470607697964","0.100950419902802","0","0","0.0915308892726898","2.41525650024414","1.14318645000458","0","0","0.634082138538361","0.269224584102631","0","0","0.325256794691086"
"108.906134223938","-1.05569390840828","0.522818326950073","881","48.315502166748","1.26424479484558","1769.1193572998","118.733833312988","0.968283832073212","4.33594751358032","0.117138370871544","0.447124272584915","0.0713596642017365","0.586825013160706","0.0165769793093204","0","1.38545835018158","0.722805917263031","0.192855519209843","0.296832650899887","1.39246881008148","0.46228414773941",,,,,,,,,,,,,,,,,,,,,,,,"2.43461751937866","1.15317893028259","0","0","0.663198709487915","0.270078271627426","0","0","0.330967754125595"
"103.96918964386","-0.356345358406543","0.519547164440155","882","47.4507179260254","1.25621592998505","2267.70474853516","116.916516494751","0.967694044113159","4.30831623077393","0.11673928052187","0.446295231580734","0.0709811374545097","0.583288729190826","0.0164390839636326","0","1.37806582450867","0.716942489147186","0.201198819490673","0.296146750450134","1.42287731170654","0.461982250213623",,,,,,,,,,,,,,,,,,,,,,,,"2.44213128089905","1.15893340110779","0","0","0.652482628822327","0.269454181194305","0","0","0.334279090166092"
"101.77511100769","0.728385527059436","0.517281234264374","883","47.8663864135742","1.23326778411865","1635.44943695068","106.223281097412","0.966713845729828","4.35347843170166","0.117551870644093","0.443812936544418","0.0713490098714828","0.585496127605438","0.0165447145700455","0","1.37363219261169","0.710783839225769","0.208899261018087","0.29574191570282","1.34433960914612","0.461770206689835",,,,,,,,,,,,,,,,,,,,,,,,"2.40668320655823","1.13896822929382","0","0","0.641320943832397","0.269085854291916","0","0","0.322860956192017"
"114.56268157959","-1.88026835769415","0.518489360809326","884","47.431770324707","1.24861788749695","2196.56058044434","120.4213098526","0.965361952781677","4.31459999084473","0.116870731115341","0.445522397756577","0.0712715089321136","0.58252626657486","0.0164919383823872","0","1.37552976608276","0.713826656341553","0.197600263002096","0.296106427907944","1.46213090419769","0.46203225851059",,,,,,,,,,,,,,,,,,,,,,,,"2.43580389022827","1.15563118457794","0","0","0.646823585033417","0.269417524337769","0","0","0.33237686753273"
"99.5930377960205","0.711323461169377","0.521906733512878","885","48.1328620910645","1.25832748413086","1916.61748352051","115.92927570343","0.968777298927307","4.36449432373047","0.11771010607481","0.44414421916008","0.0716658309102058","0.58494108915329","0.0167340151965618","0","1.38791716098785","0.720771074295044","0.214081663579418","0.296173751354218","1.4167777299881","0.462158650159836",,,,,,,,,,,,,,,,,,,,,,,,"2.43177342414856","1.15040731430054","0","0","0.659469962120056","0.269478797912598","0","0","0.329378664493561"
"96.9906307220459","1.7439422339201","0.521167159080505","886","47.9959983825684","1.26292645931244","1673.60960693359","109.161285209656","0.969363868236542","4.41127967834473","0.118257239460945","0.448479652404785","0.0711694955825806","0.585592210292816","0.0164431426674128","0","1.38727641105652","0.717472851276398","0.228911049306043","0.296805113554001","1.45168089866638","0.462864279747009",,,,,,,,,,,,,,,,,,,,,,,,"2.46552395820618","1.1678192615509","0","0","0.653448402881622","0.27005323767662","0","0","0.339424788951874"
"101.108766746521","-1.2692814797163","0.516361713409424","887","48.516918182373","1.23785650730133","1762.37121734619","109.584708213806","0.964788615703583","4.36104297637939","0.117571242153645","0.446174323558807","0.0713920369744301","0.593118071556091","0.0170058161020279","0","1.35387516021729","0.709047555923462","0.199399115529377","0.296477437019348","1.4393904209137","0.462610840797424",,,,,,,,,,,,,,,,,,,,,,,,"2.43155193328857","1.15133452415466","0","0","0.6381915807724","0.269755065441132","0","0","0.329909890890121"
"110.865593528748","0.840057849138975","0.523014724254608","888","48.4053421020508","1.26362466812134","1760.12083435059","119.828684997559","0.966663956642151","4.52126836776733","0.119929924607277","0.449058502912521","0.0722109004855156","0.594094216823578","0.01723263412714","0","1.38570845127106","0.723064839839935","0.221887074009283","0.296952188014984","1.43150305747986","0.462967693805695",,,,,,,,,,,,,,,,,,,,,,,,"2.43728756904602","1.15107929706573","0","0","0.663674056529999","0.270187050104141","0","0","0.329763621091843"
"101.191658592224","0.35877570011653","0.513709366321564","889","47.6044960021973","1.23635804653168","1671.1669052124","108.449599838257","0.970723509788513","4.31524848937988","0.116877093911171","0.445613235235214","0.0718015283346176","0.591179728507996","0.0169868469238281","0","1.35367894172668","0.708869874477386","0.21315178815712","0.296259254217148","1.40792834758759","0.462111949920654",,,,,,,,,,,,,,,,,,,,,,,,"2.42354011535645","1.14962315559387","0","0","0.637871742248535","0.269556552171707","0","0","0.32892981171608"
"99.5372715950012","0.0617484345333651","0.520901799201965","890","50.8409805297852","1.25358688831329","1746.12266540527","115.273316192627","0.966536700725555","4.41118621826172","0.118285931646824","0.447760790586472","0.0722145959734917","0.586128056049347","0.0167659055441618","0","1.36804056167603","0.715665459632874","0.202450486684393","0.296688050031662","1.42133760452271","0.462871611118317","0.0823088213801384","0.217903941869736","0.93418163061142","0.125001579523087","0.020566875115037","0.0573077388107777","0.0488191656768322","0.485405802726746","0.0061329030431807","0.285703778266907","0.144465327262878","0.110221527516842","0.620674908161163","0.258674293756485","1.18519425392151","0.605091035366058","0","0","0.0264927837997675","0.100286953151226","0","0","0.0911241918802261","2.44252038002014","1.15754699707031","0","0","0.650160253047943","0.269946724176407","0","0","0.333479821681976"
"119.343851280212","-1.46577386260033","0.519253969192505","891","48.0008392333984","1.25471079349518","2103.2343460083","132.280179595947","0.963183164596558","4.32470989227295","0.117095470428467","0.443954080343246","0.0719100534915924","0.590743243694305","0.0169514864683151","0","1.37266898155212","0.716971039772034","0.196065345246461","0.296360343694687","1.41682827472687","0.46239048242569",,,,,,,,,,,,,,,,,,,,,,,,"2.43782591819763","1.15589308738708","0","0","0.652534663677216","0.269648551940918","0","0","0.332527548074722"
"101.100597000122","0.188374637626112","0.529036521911621","892","48.4745712280273","1.26962244510651","1518.89588623047","106.400299072266","0.970984816551208","4.46249008178711","0.119055032730103","0.448363929986954","0.0736954361200333","0.588059365749359","0.0170006230473518","0","1.39808201789856","0.726818025112152","0.208209815862938","0.296855092048645","1.43805384635925","0.463001191616058",,,,,,,,,,,,,,,,,,,,,,,,"2.42810225486755","1.1496444940567","0","0","0.670581698417664","0.270098716020584","0","0","0.328942060470581"
"98.8916725158691","0.644751622830518","0.522238194942474","893","47.2714042663574","1.25813746452332","1607.3966293335","106.980732917786","0.970503151416779","4.40394258499146","0.11809903383255","0.449529618024826","0.072974719107151","0.587759435176849","0.0167538020759821","0","1.3801656961441","0.720004677772522","0.216848086509708","0.296681314706802","1.44791007041931","0.462730169296265",,,,,,,,,,,,,,,,,,,,,,,,"2.43689942359924","1.15171611309052","0","0","0.658068299293518","0.269940584897995","0","0","0.330128610134125"
"107.319204521179","0.325296315934975","0.523385941982269","894","48.1741180419922","1.26189124584198","2239.04399871826","121.745911598206","0.967584490776062","4.38824892044067","0.11797459423542","0.446676254272461","0.0727327540516853","0.588985860347748","0.0168985687196255","0","1.3949054479599","0.721804141998291","0.213082633116574","0.296947300434113","1.41008746623993","0.46312689781189",,,,,,,,,,,,,,,,,,,,,,,,"2.42491555213928","1.15209674835205","0","0","0.661361753940582","0.270182609558105","0","0","0.33034685254097"
"98.5675479888916","0.517390739265829","0.514869809150696","895","47.6308403015137","1.2367502450943","1679.94243621826","102.840801429749","0.969662845134735","4.35946226119995","0.117538928985596","0.446355134248734","0.0725655257701874","0.592991650104523","0.0169787872582674","0","1.35511612892151","0.708205282688141","0.204034275784215","0.296945065259933","1.42060947418213","0.463124245405197",,,,,,,,,,,,,,,,,,,,,,,,"2.42694759368896","1.15130591392517","0","0","0.636676251888275","0.270180553197861","0","0","0.329893499612808"
"111.15678062439","-0.889129976369441","0.51830780506134","896","48.5301971435547","1.25435066223145","1755.68930969238","116.827031707764","0.968062043190002","4.38644695281982","0.117993406951427","0.445555210113525","0.0732255801558495","0.591932654380798","0.0167867690324783","0","1.37514281272888","0.718446493148804","0.187137680576416","0.296105980873108","1.46084439754486","0.462112903594971",,,,,,,,,,,,,,,,,,,,,,,,"2.42681288719177","1.15098667144775","0","0","0.655223071575165","0.269417107105255","0","0","0.32971054315567"
"131.673401069641","-0.272495079040527","0.520143508911133","897","48.2010040283203","1.25890219211578","1994.05308227539","112.879197502136","0.971101939678192","4.41719484329224","0.118523895740509","0.444286853075027","0.0732576474547386","0.593634426593781","0.0170004554092884","0","1.37286329269409","0.721240997314453","0.195378997412627","0.295800358057022","1.44355285167694","0.461886703968048",,,,,,,,,,,,,,,,,,,,,,,,"2.4340078830719","1.15050232410431","0","0","0.66033011674881","0.269139051437378","0","0","0.329433083534241"
"103.63221206665","-0.987900655716658","0.517207860946655","898","47.61865234375","1.24102830886841","1701.37233581543","109.604281425476","0.970543026924133","4.46708631515503","0.119165778160095","0.447405129671097","0.0726183876395226","0.592680990695953","0.0169459283351898","0","1.36328542232513","0.711671531200409","0.193284276840859","0.296863853931427","1.41323304176331","0.462941527366638",,,,,,,,,,,,,,,,,,,,,,,,"2.41997885704041","1.14799308776855","0","0","0.642923891544342","0.270106673240662","0","0","0.327997714281082"
"95.273571395874","1.09584871307015","0.526705324649811","899","48.8526420593262","1.27734100818634","2004.94456329346","118.028865623474","0.970553994178772","4.47116947174072","0.119065351784229","0.451321601867676","0.0737154334783554","0.590643286705017","0.0170472487807274","0","1.39202916622162","0.72649097442627","0.223948041064432","0.2974873483181","1.48755204677582","0.463432937860489",,,,,,,,,,,,,,,,,,,,,,,,"2.45514822006226","1.16310298442841","0","0","0.669978320598602","0.270673960447311","0","0","0.336688697338104"
"101.014508247375","-0.618565917387605","0.521496057510376","900","50.3245086669922","1.2575261592865","1672.56658935547","107.924806690216","0.971497356891632","4.40475368499756","0.11818815767765","0.447708398103714","0.0735410302877426","0.594566941261292","0.0171544384211302","0","1.37067055702209","0.718166708946228","0.195079436239757","0.296556115150452","1.48873353004456","0.462508141994476","0.0825169309973717","0.218695104122162","0.939464330673218","0.127111926674843","0.0207301117479801","0.0581016205251217","0.0489111542701721","0.485382437705994","0.0060370247811079","0.288510024547577","0.144810542464256","0.111178331077099","0.629440069198608","0.260037630796432","1.18182289600372","0.604406177997589","0","0","0.0266195461153984","0.101157508790493","0","0","0.0909180417656898","2.44542789459229","1.15669071674347","0","0","0.654712855815887","0.269826680421829","0","0","0.33298659324646"
"104.010651397705","-0.0772901637945324","0.522375285625458","901","48.7570991516113","1.25763702392578","1643.51882781982","107.669738578796","0.969966351985931","4.55139636993408","0.120216451585293","0.453256845474243","0.074095718562603","0.587554156780243","0.016881326213479","0","1.37034499645233","0.715866327285767","0.202573482879961","0.298412263393402","1.51496529579163","0.464409559965134",,,,,,,,,,,,,,,,,,,,,,,,"2.45266461372375","1.16121447086334","0","0","0.650525271892548","0.271515518426895","0","0","0.335596233606339"
"97.8129388809204","0.610532293654978","0.513504862785339","902","48.0068740844727","1.23897707462311","1432.3981842041","99.1805387496948","0.968940913677216","4.35280179977417","0.117503874003887","0.444708049297333","0.0733088999986649","0.593051016330719","0.0170377772301435","0","1.36511766910553","0.707318007946014","0.207120366975505","0.296563178300858","1.47865474224091","0.462803304195404",,,,,,,,,,,,,,,,,,,,,,,,"2.44129610061646","1.15855729579926","0","0","0.635081887245178","0.269833087921143","0","0","0.334062129259109"
"97.998425579071","0.146969179110602","0.520365834236145","903","47.6366844177246","1.25337195396423","1591.6266418457","104.613675689697","0.970581412315369","4.45233249664307","0.119005128741264","0.445791006088257","0.0739922747015953","0.589866697788239","0.0169085171073675","0","1.38232159614563","0.716728985309601","0.209403839510196","0.296732872724533","1.48544239997864","0.462736427783966",,,,,,,,,,,,,,,,,,,,,,,,"2.43338537216187","1.15374088287354","0","0","0.652094066143036","0.269987493753433","0","0","0.331290394067764"
"116.209208679199","1.13028163015842","0.518176138401031","904","48.2939872741699","1.24010479450226","1857.33624725342","111.535087966919","0.964760959148407","4.4200325012207","0.118620239198208","0.443020641803741","0.0732097178697586","0.58851033449173","0.0167033839970827","0","1.37617862224579","0.710452437400818","0.217925486831518","0.296634525060654","1.46442627906799","0.462806761264801",,,,,,,,,,,,,,,,,,,,,,,,"2.42938184738159","1.15059053897858","0","0","0.6407231092453","0.269898027181625","0","0","0.32948362827301"
"113.751176643372","-0.847842819849029","0.516811192035675","905","47.9503326416016","1.23399186134338","1660.86733856201","104.32655506134","0.966614305973053","4.496994972229","0.119785413146019","0.443532228469849","0.0741608887910843","0.586804807186127","0.0170254483819008","0","1.37066304683685","0.707729279994965","0.189113476793136","0.297144830226898","1.46921229362488","0.463484704494476",,,,,,,,,,,,,,,,,,,,,,,,"2.41483378410339","1.14766252040863","0","0","0.635820686817169","0.270362287759781","0","0","0.327808827161789"
"106.132716369629","-1.58472934216261","0.520394206047058","906","47.8151588439941","1.25311160087585","2098.32960357666","116.009873771667","0.968797862529755","4.40867519378662","0.118420995771885","0.443581700325012","0.073414109647274","0.590070188045502","0.0168690234422684","0","1.3803813457489","0.718178629875183","0.203514214465395","0.29700967669487","1.46730446815491","0.463061511516571",,,,,,,,,,,,,,,,,,,,,,,,"2.42376613616943","1.14823806285858","0","0","0.65473461151123","0.270239353179932","0","0","0.328137695789337"
"105.750294876099","0.478770892787725","0.518928945064545","907","47.8878288269043","1.25072431564331","1897.47689819336","122.776564216614","0.966867029666901","4.44011402130127","0.118727184832096","0.447933673858643","0.0742404460906982","0.595450818538666","0.0171934738755226","0","1.37394559383392","0.717708468437195","0.216642778879032","0.296333640813828","1.49726617336273","0.462346851825714",,,,,,,,,,,,,,,,,,,,,,,,"2.42281413078308","1.14663565158844","0","0","0.653877556324005","0.26962423324585","0","0","0.327222496271133"
"116.275193214417","0.813914325367659","0.525031447410583","908","48.0874519348145","1.26482200622559","1940.46737518311","118.007947158813","0.965279936790466","4.50913333892822","0.11983360350132","0.446888983249664","0.07426568120718","0.593180418014526","0.017091216519475","0","1.39737057685852","0.721595883369446","0.199820145536796","0.297235012054443","1.47326397895813","0.463451534509659",,,,,,,,,,,,,,,,,,,,,,,,"2.44036483764648","1.15740406513214","0","0","0.66098016500473","0.270444363355637","0","0","0.333397448062897"
"102.785354995728","-1.01684915423393","0.516041398048401","909","47.7997512817383","1.23522782325745","1637.01697692871","103.352812004089","0.970288336277008","4.48305463790894","0.119549818336964","0.444058358669281","0.0747809931635857","0.593012273311615","0.0171241704374552","0","1.35234141349792","0.709147095680237","0.19131725665211","0.296921133995056","1.45975601673126","0.463027834892273",,,,,,,,,,,,,,,,,,,,,,,,"2.42005920410156","1.14571678638458","0","0","0.638370752334595","0.270158797502518","0","0","0.326698213815689"
"115.016780090332","0.306761525926413","0.519462704658508","910","50.9488334655762","1.24761033058167","1690.03822631836","106.006899642944","0.971330583095551","4.48788785934448","0.11956100165844","0.445591986179352","0.0750894024968147","0.598568439483643","0.0174330789595842","0","1.35690081119537","0.717354357242584","0.2068212485814","0.297154575586319","1.43753850460052","0.463166743516922","0.0824069157242775","0.219688192009926","0.925680637359619","0.133393809199333","0.0212725140154362","0.0583348795771599","0.0502138808369637","0.485429167747498","0.0061020408757031","0.288108646869659","0.144729673862457","0.11208226531744","0.645811319351196","0.261396944522858","1.18799710273743","0.605071783065796","0","0","0.0265898257493973","0.101979963481426","0","0","0.0911183953285217","2.41865253448486","1.14098739624023","0","0","0.653232514858246","0.270371198654175","0","0","0.324006646871567"
"100.523150634766","-0.826581002771854","0.512048840522766","911","47.5838928222656","1.2179354429245","1433.76482391357","101.305376434326","0.96629536151886","4.3700213432312","0.118099063634872","0.436814308166504","0.0742935687303543","0.601846516132355","0.0174900889396667","0","1.3594057559967","0.705431878566742","0.199928829571581","0.294840455055237","1.42431020736694","0.461215853691101",,,,,,,,,,,,,,,,,,,,,,,,"2.39879083633423","1.13030886650085","0","0","0.631699502468109","0.268265664577484","0","0","0.317970275878906"
"112.143863296509","-0.853252291679382","0.522259116172791","912","48.3483963012695","1.24464631080627","1774.38453674316","109.581148529053","0.964552700519562","4.58336448669434","0.121026173233986","0.445421516895294","0.0754001587629318","0.594401121139526","0.0173489656299353","0","1.3513720035553","0.713049232959747","0.200122597288282","0.297379016876221","1.4522830247879","0.463493198156357",,,,,,,,,,,,,,,,,,,,,,,,"2.4307701587677","1.1491436958313","0","0","0.645415425300598","0.270575404167175","0","0","0.328655511140823"
"108.662148666382","0.811064002662897","0.51751446723938","913","47.9116973876953","1.24798035621643","1737.23149108887","109.098620986938","0.968099296092987","4.53244876861572","0.120262905955315","0.445124983787537","0.0748941078782082","0.600280821323395","0.0175614282488823","0","1.38388812541962","0.715474605560303","0.216614834140637","0.296798348426819","1.50151264667511","0.462899476289749",,,,,,,,,,,,,,,,,,,,,,,,"2.42476201057434","1.14820647239685","0","0","0.649813652038574","0.270047098398209","0","0","0.32811963558197"
"104.217208099365","-1.58379399776459","0.524304151535034","914","48.0651588439941","1.25218880176544","1498.92553863525","99.3141933441162","0.971037447452545","4.59305286407471","0.121141448616982","0.446200996637344","0.0746306329965591","0.601426422595978","0.0178579967468977","0","1.37209737300873","0.719911992549896","0.200736098032212","0.297616422176361","1.47234702110291","0.46373263001442",,,,,,,,,,,,,,,,,,,,,,,,"2.41635680198669","1.14009249210358","0","0","0.657898783683777","0.270791411399841","0","0","0.323498606681824"
"97.862914276123","-0.37758785035694","0.522459626197815","915","48.5734176635742","1.24418342113495","1822.04926757812","104.506190490723","0.970775008201599","4.57871150970459","0.120863750576973","0.447668194770813","0.0742789134383202","0.598730742931366","0.0174836553633213","0","1.36200475692749","0.714286148548126","0.201396269524412","0.297948122024536","1.4897153377533","0.464213818311691",,,,,,,,,,,,,,,,,,,,,,,,"2.42117023468018","1.14349710941315","0","0","0.647656619548798","0.271093219518661","0","0","0.325433611869812"
"108.432130432129","-0.23661301783286","0.521372735500336","916","49.205940246582","1.24450182914734","1790.09901428223","109.963878440857","0.967426359653473","4.61960983276367","0.121494635939598","0.447404026985168","0.0751420706510544","0.605074644088745","0.0177819989621639","0","1.36662912368774","0.714597344398499","0.210271300608292","0.297121822834015","1.52576994895935","0.46328467130661",,,,,,,,,,,,,,,,,,,,,,,,"2.42119359970093","1.14438533782959","0","0","0.648221075534821","0.270341396331787","0","0","0.325939387083054"
"101.606653690338","1.18651502337307","0.517025113105774","917","48.0672035217285","1.24026095867157","1605.62468566895","110.459512710571","0.966532945632935","4.48614454269409","0.119626842439175","0.443338096141815","0.0751647874712944","0.594909071922302","0.0172860119491816","0","1.37003421783447","0.712626397609711","0.217378393544641","0.296886652708054","1.45282852649689","0.462948024272919",,,,,,,,,,,,,,,,,,,,,,,,"2.41980409622192","1.1435843706131","0","0","0.644650280475616","0.270127385854721","0","0","0.325483292341232"
"114.752571296692","-0.918239702284336","0.517548143863678","918","48.3732223510742","1.24690365791321","1618.16298980713","113.847389793396","0.966109991073608","4.44905376434326","0.119050569832325","0.443465679883957","0.075450100004673","0.593563675880432","0.0172581952065229","0","1.37081813812256","0.71228438615799","0.195765142218443","0.296917855739594","1.51945304870605","0.462965101003647",,,,,,,,,,,,,,,,,,,,,,,,"2.43818736076355","1.15622091293335","0","0","0.644031643867493","0.270155787467957","0","0","0.332716196775436"
"111.191619110107","-0.621003984240815","0.5222527384758","919","47.9163398742676","1.25690460205078","1866.45815429687","115.06319770813","0.970526695251465","4.65902423858643","0.122020676732063","0.449091225862503","0.0753850266337395","0.596921443939209","0.0171895213425159","0","1.37942779064178","0.723207116127014","0.208114899339853","0.297056943178177","1.53165853023529","0.463053107261658",,,,,,,,,,,,,,,,,,,,,,,,"2.40639710426331","1.13866150379181","0","0","0.663935303688049","0.270282328128815","0","0","0.322687029838562"
"104.76039276123","-0.146510816857335","0.520074367523193","920","50.4051094055176","1.24727034568787","1697.54071502686","122.014122962952","0.962222039699554","4.6301736831665","0.121670350432396","0.447008311748505","0.0753065645694733","0.592744112014771","0.0174260661005974","0","1.37354671955109","0.713368058204651","0.21260744650499","0.297755420207977","1.49520623683929","0.463860183954239","0.0823870003223419","0.220468640327454","0.936379551887512","0.134632796049118","0.0213580429553986","0.0590332113206387","0.0492676645517349","0.490290015935898","0.00625336915254593","0.287449091672897","0.144641175866127","0.112893097102642","0.653753042221069","0.262301117181778","1.18379426002502","0.605321407318115","0","0","0.0265573151409626","0.102717727422714","0","0","0.0911936014890671","2.43058609962463","1.15211915969849","0","0","0.645992815494537","0.270917892456055","0","0","0.330359697341919"
"114.820755767822","-0.0630576542112976","0.517811357975006","921","48.1408386230469","1.25252079963684","1649.32898101807","113.321613311768","0.969106733798981","4.52217674255371","0.12002557516098","0.447079479694366","0.0749510377645493","0.592489838600159","0.0171048622578382","0","1.38668155670166","0.717280924320221","0.203493791895016","0.296560734510422","1.48853945732117","0.462564706802368",,,,,,,,,,,,,,,,,,,,,,,,"2.42893624305725","1.15077817440033","0","0","0.65309876203537","0.269830852746964","0","0","0.329591065645218"
"101.812399864197","-0.0287709606694989","0.523122787475586","922","48.2485580444336","1.25902760028839","1681.86911773682","110.542279052734","0.968392074108124","4.61038589477539","0.121270708739758","0.449467241764069","0.0756048634648323","0.595084667205811","0.0176302380859852","0","1.38614249229431","0.718878924846649","0.214695522858528","0.298178851604462","1.50953722000122","0.464335024356842",,,,,,,,,,,,,,,,,,,,,,,,"2.44554233551025","1.15447568893433","0","0","0.656012058258057","0.27130314707756","0","0","0.331712514162064"
"109.667083930969","-1.13936464041471","0.516756594181061","923","47.9780235290527","1.25361013412476","2103.22227783203","113.802402114868","0.972856223583221","4.4932746887207","0.119730979204178","0.443467915058136","0.0755879506468773","0.59660017490387","0.0174799617379904","0","1.37547039985657","0.717652916908264","0.193289121334965","0.296454578638077","1.48252785205841","0.462486296892166",,,,,,,,,,,,,,,,,,,,,,,,"2.43200206756592","1.15166532993317","0","0","0.653776407241821","0.269734293222427","0","0","0.33009946346283"
"107.463035392761","-1.52497510015964","0.515771567821503","924","47.5231094360352","1.23379671573639","1629.69041442871","107.136422729492","0.967613756656647","4.47050380706787","0.119259543716908","0.446413844823837","0.0746259540319443","0.599517226219177","0.0175309889018536","0","1.3670027256012","0.709219217300415","0.191641482728301","0.296069294214249","1.49477112293243","0.462357848882675",,,,,,,,,,,,,,,,,,,,,,,,"2.42320084571838","1.14433777332306","0","0","0.63850063085556","0.269383728504181","0","0","0.325912296772003"
"104.968793678284","0.0148196443216875","0.520501375198364","925","48.2006530761719","1.25558531284332","1995.3970413208","119.031291007996","0.968230962753296","4.5738844871521","0.12088368833065","0.445384442806244","0.0761427357792854","0.601202785968781","0.0178793016821146","0","1.39203071594238","0.721040546894073","0.217043660834315","0.297046422958374","1.5118271112442","0.463190615177155",,,,,,,,,,,,,,,,,,,,,,,,"2.42804455757141","1.14334881305695","0","0","0.659963250160217","0.270272791385651","0","0","0.325349241495132"
"100.024110412598","0.976421895250678","0.518162071704865","926","48.1440887451172","1.24693405628204","1644.65535583496","112.277715682983","0.966486752033234","4.58790445327759","0.120871640741825","0.450876027345657","0.0757840871810913","0.602513015270233","0.0178166497498751","0","1.36834907531738","0.714936017990112","0.226776816205529","0.297532111406326","1.52066576480865","0.463508456945419",,,,,,,,,,,,,,,,,,,,,,,,"2.41595315933228","1.1469179391861","0","0","0.6488356590271","0.270714700222015","0","0","0.327383577823639"
"112.554413604736","1.47936222553253","0.516842186450958","927","48.2483596801758","1.23824107646942","1867.21637573242","114.006895256042","0.966818809509277","4.57955408096313","0.120976351201534","0.445224076509476","0.0762405842542648","0.600152432918549","0.0175871904939413","0","1.35109627246857","0.709999620914459","0.211265945589548","0.297304391860962","1.51375782489777","0.463542103767395",,,,,,,,,,,,,,,,,,,,,,,,"2.42678070068359","1.14769423007965","0","0","0.639906644821167","0.270507514476776","0","0","0.327826946973801"
"114.431223487854","0.225570080988109","0.519568979740143","928","48.3623008728027","1.25120663642883","1547.35401916504","106.629054832458","0.969123363494873","4.6327109336853","0.121696561574936","0.447305977344513","0.0757590010762215","0.597338974475861","0.0176051612943411","0","1.37767338752747","0.715438723564148","0.196731736685615","0.297546237707138","1.48679661750793","0.463749140501022",,,,,,,,,,,,,,,,,,,,,,,,"2.44088053703308","1.15276598930359","0","0","0.6497483253479","0.270727545022964","0","0","0.330730766057968"
"108.197560882568","-0.426777352346107","0.519658803939819","929","48.7105293273926","1.25088751316071","1932.86912841797","115.744474220276","0.968888223171234","4.62210321426392","0.121554084122181","0.446869134902954","0.077402837574482","0.603788256645203","0.0178962387144566","0","1.3725483417511","0.717586100101471","0.207574543679948","0.297469973564148","1.52521145343781","0.463695496320724",,,,,,,,,,,,,,,,,,,,,,,,"2.4250819683075","1.14550030231476","0","0","0.6536545753479","0.270658165216446","0","0","0.326574802398682"
"112.556212043762","-0.768554515205324","0.518887519836426","930","50.5167274475098","1.25133728981018","1816.23115539551","119.216735076904","0.966414511203766","4.56467533111572","0.120730005204678","0.445718318223953","0.0757685750722885","0.601946651935577","0.0179177243262529","0","1.39896261692047","0.717533469200134","0.208239910985867","0.296903401613235","1.51829600334167","0.462973535060883","0.0823802873492241","0.220788732171059","0.944411396980286","0.137476652860641","0.0215676929801702","0.0601336658000946","0.049286562949419","0.493047595024109","0.00627097254619002","0.286666929721832","0.144708290696144","0.113274298608303","0.668046772480011","0.262693792581558","1.18452823162079","0.605150818824768","0","0","0.0265819691121578","0.103064566850662","0","0","0.0911421924829483","2.42678999900818","1.14735960960388","0","0","0.653558850288391","0.270142674446106","0","0","0.327635824680328"
"104.301399993896","0.242398202978075","0.523337364196777","931","47.9902229309082","1.26105237007141","2199.86749267578","114.044037437439","0.970182120800018","4.6750922203064","0.122180424630642","0.451102823019028","0.0760790705680847","0.601441383361816","0.0177621841430664","0","1.37947928905487","0.721755146980286","0.211475409600098","0.297604471445084","1.51193392276764","0.463750064373016",,,,,,,,,,,,,,,,,,,,,,,,"2.42778348922729","1.14974546432495","0","0","0.661271989345551","0.27078053355217","0","0","0.328999817371368"
"122.817348670959","-2.37489001750946","0.513949453830719","932","48.4084815979004","1.23024809360504","1479.04178314209","105.10814666748","0.967131018638611","4.58753871917725","0.121100500226021","0.445151656866074","0.075598269701004","0.598291516304016","0.0175181273370981","0","1.36302697658539","0.709234893321991","0.197935191192664","0.296696662902832","1.49180912971497","0.462957233190536",,,,,,,,,,,,,,,,,,,,,,,,"2.41653752326965","1.13703310489655","0","0","0.638528883457184","0.269954562187195","0","0","0.321764767169952"
"115.899403190613","-0.838359547406435","0.519810199737549","933","47.8214721679688","1.26722359657288","2354.23636932373","118.954306602478","0.971883893013","4.56377649307251","0.120626740157604","0.447906374931335","0.0756725743412971","0.607918918132782","0.0178540386259556","0","1.37447333335876","0.723560929298401","0.211716238874942","0.296953588724136","1.57854449748993","0.46302729845047",,,,,,,,,,,,,,,,,,,,,,,,"2.44400835037231","1.15575873851776","0","0","0.664584994316101","0.270188301801682","0","0","0.332450240850449"
"117.170066070557","-0.899307904392481","0.520097672939301","934","48.2992973327637","1.24809515476227","1950.79992675781","114.246128845215","0.966862738132477","4.57517194747925","0.120908752083778","0.445249915122986","0.0757908374071121","0.599229335784912","0.0175637137144804","0","1.3781909942627","0.713893055915833","0.205767405538063","0.297243177890778","1.54792284965515","0.463510006666183",,,,,,,,,,,,,,,,,,,,,,,,"2.43397808074951","1.15271139144897","0","0","0.646943926811218","0.270451813936234","0","0","0.330699414014816"
"109.455784606934","-1.94942528307438","0.513184547424316","935","47.4904937744141","1.23058784008026","1689.4159072876","112.356065368652","0.964423656463623","4.55619239807129","0.120563708245754","0.446626156568527","0.0756185352802277","0.599818408489227","0.0175034422427416","0","1.36607348918915","0.705540776252747","0.200202265313419","0.296712011098862","1.5423127412796","0.462657481431961",,,,,,,,,,,,,,,,,,,,,,,,"2.42375946044922","1.14926481246948","0","0","0.631894469261169","0.269968509674072","0","0","0.328724771738052"
"106.009049034119","-0.358309888001531","0.511904716491699","936","47.8665542602539","1.22762930393219","1553.42615661621","99.5683876037598","0.968681871891022","4.56703233718872","0.120741792023182","0.446308046579361","0.0748480632901192","0.597645282745361","0.0174261331558228","0","1.34986209869385","0.705003082752228","0.209176797723921","0.296568125486374","1.53302049636841","0.462650835514069",,,,,,,,,,,,,,,,,,,,,,,,"2.42640781402588","1.14600014686584","0","0","0.630931735038757","0.269837588071823","0","0","0.326859891414642"
"111.404276657104","0.0562029807362705","0.517918109893799","937","47.784351348877","1.25121462345123","1679.45042572021","111.309017944336","0.969728112220764","4.61661863327026","0.121436715126038","0.447714745998383","0.0755691379308701","0.593985080718994","0.0174684580415487","0","1.38711380958557","0.717657089233398","0.203084379470965","0.297362446784973","1.56600940227509","0.463476926088333",,,,,,,,,,,,,,,,,,,,,,,,"2.41892075538635","1.14601850509644","0","0","0.653784036636353","0.270560294389725","0","0","0.3268703520298"
"105.290439796448","-0.400846169260331","0.518321514129639","938","48.1467323303223","1.25897395610809","1756.25802154541","112.741180229187","0.970042943954468","4.58441209793091","0.121036343276501","0.445562243461609","0.0755257904529572","0.599784195423126","0.0177247207611799","0","1.37088871002197","0.718722820281982","0.217022752192861","0.297853082418442","1.5648809671402","0.463845372200012",,,,,,,,,,,,,,,,,,,,,,,,"2.43321704864502","1.15539348125458","0","0","0.655727088451385","0.271006762981415","0","0","0.332240134477615"
"113.80769443512","-0.0608365892854636","0.524611175060272","939","48.2929649353027","1.26513457298279","1714.58302307129","122.771800041199","0.966680645942688","4.7530198097229","0.123227901756763","0.454028517007828","0.0761742442846298","0.595693171024323","0.0177218951284885","0","1.37603855133057","0.723032355308533","0.221627696335781","0.298547059297562","1.54675710201263","0.464573591947556",,,,,,,,,,,,,,,,,,,,,,,,"2.42736124992371","1.15128600597382","0","0","0.663614451885223","0.271638184785843","0","0","0.329882055521011"
"112.561549377441","0.61498154764995","0.519325196743011","940","51.006778717041","1.25027239322662","2071.03737182617","131.829136276245","0.958616554737091","4.71580982208252","0.12281596660614","0.450493097305298","0.0761776119470596","0.598708748817444","0.0176648125052452","0","1.37304472923279","0.713991761207581","0.218234414918697","0.297851651906967","1.54450964927673","0.463784635066986","0.0828559398651123","0.221826523542404","0.940020680427551","0.139550730586052","0.0217474084347486","0.0600109212100506","0.0482443869113922","0.490149796009064","0.00630933558568358","0.288896948099136","0.145093038678169","0.113528698682785","0.682439386844635","0.262924134731293","1.1874098777771","0.607353746891022","0","0","0.0267235059291124","0.103296034038067","0","0","0.0918069705367088","2.43671774864197","1.15522646903992","0","0","0.647122859954834","0.27100545167923","0","0","0.33214408159256"
"106.939443397522","1.19838140234351","0.514855921268463","941","47.7173805236816","1.23971438407898","1968.78898468018","112.090295982361","0.964812576770782","4.5798978805542","0.120949916541576","0.446001261472702","0.0748972445726395","0.59577876329422","0.0173996612429619","0","1.35519981384277","0.711198091506958","0.227349159066216","0.29675430059433","1.51686465740204","0.463053971529007",,,,,,,,,,,,,,,,,,,,,,,,"2.43047380447388","1.14736473560333","0","0","0.64206874370575","0.270006984472275","0","0","0.327638685703278"
"115.243474578857","-2.25533705353737","0.516482412815094","942","48.4240036010742","1.23058426380157","1467.22294921875","108.550146865845","0.961829781532288","4.65156507492065","0.121950052678585","0.448065340518951","0.0755604058504105","0.597714781761169","0.0175361651927233","0","1.36034774780273","0.705896556377411","0.201133605146606","0.297262191772461","1.49803781509399","0.463607668876648",,,,,,,,,,,,,,,,,,,,,,,,"2.41707801818848","1.14726769924164","0","0","0.632531881332397","0.270469099283218","0","0","0.327583342790604"
"99.522940826416","1.08318495750427","0.515336036682129","943","47.8533668518066","1.23942279815674","1545.95034332275","103.030407905579","0.972587168216705","4.63094091415405","0.121658004820347","0.447596967220306","0.0758687034249306","0.599030911922455","0.0174348168075085","0","1.35736095905304","0.711984276771545","0.228902948767063","0.296672403812408","1.52055644989014","0.462611377239227",,,,,,,,,,,,,,,,,,,,,,,,"2.42182779312134","1.14449405670166","0","0","0.643489062786102","0.269932508468628","0","0","0.326001316308975"
"101.75404882431","-0.958229747414589","0.517869412899017","944","48.4739875793457","1.23450231552124","2101.41871643066","118.817968940735","0.966025352478027","4.73207902908325","0.123133860528469","0.448641568422318","0.0764185562729836","0.598047912120819","0.0173486936837435","0","1.35622322559357","0.710101783275604","0.215404956514249","0.297867000102997","1.48978912830353","0.463780224323273",,,,,,,,,,,,,,,,,,,,,,,,"2.40947246551514","1.1399050951004","0","0","0.640090703964233","0.271019399166107","0","0","0.323392271995544"
"98.9967807769775","1.48955476731062","0.521338820457458","945","47.7439842224121","1.25564193725586","1981.65144500732","121.120191955566","0.967299103736877","4.69079685211182","0.122480355203152","0.449529647827148","0.0762540176510811","0.593438744544983","0.0173224154859781","0","1.37445902824402","0.717360258102417","0.226665781837073","0.297767043113708","1.54562938213348","0.463873386383057",,,,,,,,,,,,,,,,,,,,,,,,"2.429927110672","1.1540539264679","0","0","0.653243362903595","0.270928472280502","0","0","0.331470191478729"
"106.966400146484","0.38563424134627","0.515646040439606","946","48.1460914611816","1.23724234104156","1975.52169189453","122.18778629303","0.963150143623352","4.70801734924316","0.122740313410759","0.449482083320618","0.0755975618958473","0.596262454986572","0.017511922866106","0","1.36570525169373","0.710031688213348","0.227853031255654","0.297744542360306","1.55241358280182","0.463627070188522",,,,,,,,,,,,,,,,,,,,,,,,"2.41383647918701","1.14514088630676","0","0","0.639964461326599","0.270907998085022","0","0","0.326369881629944"
"98.233821105957","1.40032607764006","0.515866458415985","947","47.6192817687988","1.23349344730377","1444.65886383057","100.035217475891","0.968411803245544","4.73473644256592","0.123113520443439","0.450127720832825","0.076232798397541","0.59354293346405","0.0174864698201418","0","1.36231160163879","0.708036720752716","0.235402127409179","0.297327995300293","1.53686654567719","0.463345140218735",,,,,,,,,,,,,,,,,,,,,,,,"2.42334961891174","1.14552915096283","0","0","0.636373281478882","0.270528972148895","0","0","0.326591223478317"
"101.835845375061","-0.920702341943979","0.516180753707886","948","48.1966705322266","1.24662756919861","1901.18286437988","105.750793647766","0.970186293125153","4.5748119354248","0.120948269963264","0.444143652915955","0.0753157064318657","0.601074874401093","0.0177304688841105","0","1.36894845962524","0.713179588317871","0.211920645044302","0.296848714351654","1.56661140918732","0.462972581386566",,,,,,,,,,,,,,,,,,,,,,,,"2.43619346618652","1.15303170681","0","0","0.645651400089264","0.270092904567719","0","0","0.330883264541626"
"104.399684715271","1.49474940299988","0.514996945858002","949","47.7356262207031","1.23825263977051","1524.829347229","110.316955566406","0.964969992637634","4.64734363555908","0.121831700205803","0.449409037828445","0.07597666233778","0.597009181976318","0.0174538791179657","0","1.36154413223267","0.70764821767807","0.232796977940598","0.298173487186432","1.57080161571503","0.464449524879456",,,,,,,,,,,,,,,,,,,,,,,,"2.43722677230835","1.15372157096863","0","0","0.635675013065338","0.271298259496689","0","0","0.331279277801514"
"100.519826889038","0.0176971362670884","0.527616322040558","950","51.0354080200195","1.26702082157135","1917.14563446045","115.317182540894","0.969807922840118","4.80896139144897","0.124050155282021","0.454251140356064","0.0773435011506081","0.597272574901581","0.0179392360150814","0","1.37984991073608","0.723037779331207","0.226554203339037","0.29935210943222","1.58913946151733","0.465478658676147","0.0827319696545601","0.222289770841599","0.940112233161926","0.140336588025093","0.0218225177377462","0.0597202256321907","0.0490822046995163","0.492907375097275","0.00631757639348507","0.288146704435349","0.145203799009323","0.114059582352638","0.699785649776459","0.263558268547058","1.18300914764404","0.607153236865997","0","0","0.0267643239349127","0.103779070079327","0","0","0.0917463749647141","2.43672704696655","1.15328013896942","0","0","0.663624286651611","0.272370666265488","0","0","0.331025809049606"
"90.5577903747559","1.59046604782343","0.517482876777649","951","48.4251937866211","1.24608528614044","1732.45305633545","107.593321418762","0.970972537994385","4.6503758430481","0.121989987790585","0.446638941764832","0.0766492858529091","0.594140410423279","0.0173790622502565","0","1.36125457286835","0.713041722774506","0.237479397410061","0.297936141490936","1.58691394329071","0.464184999465942",,,,,,,,,,,,,,,,,,,,,,,,"2.42785048484802","1.15079569816589","0","0","0.645401895046234","0.271082311868668","0","0","0.329601168632507"
"101.139480209351","1.44039775729179","0.51792961359024","952","48.0926856994629","1.24832320213318","1539.39261932373","109.291087532043","0.971413791179657","4.74846172332764","0.123197205364704","0.453113108873367","0.0766076594591141","0.59453147649765","0.0174207128584385","0","1.36165630817413","0.713908791542053","0.229902114011929","0.298376679420471","1.61844456195831","0.464499056339264",,,,,,,,,,,,,,,,,,,,,,,,"2.44124436378479","1.15126097202301","0","0","0.646972417831421","0.271483153104782","0","0","0.329867720603943"
"113.976514434814","0.49096076306887","0.514176607131958","953","47.6082038879395","1.24312973022461","1602.83702392578","110.279546737671","0.968280792236328","4.69167947769165","0.122453518211842","0.450515478849411","0.0761824101209641","0.592088341712952","0.0170552637428045","0","1.37800109386444","0.712254405021667","0.209163217375317","0.29675954580307","1.60423302650452","0.46281498670578",,,,,,,,,,,,,,,,,,,,,,,,"2.42714738845825","1.14999139308929","0","0","0.643977403640747","0.270011782646179","0","0","0.329140573740005"
"134.897217559814","-1.13640046557412","0.524743854999542","954","47.6471977233887","1.26429080963135","2254.66153717041","128.993753433228","0.964748740196228","4.69858837127686","0.122624538838863","0.448854446411133","0.0768492221832275","0.590879201889038","0.017103411257267","0","1.37349855899811","0.722800970077515","0.192568352593662","0.298128128051758","1.57142055034637","0.464029729366302",,,,,,,,,,,,,,,,,,,,,,,,"2.42398977279663","1.15121984481812","0","0","0.663189649581909","0.271256983280182","0","0","0.329844176769257"
"108.334632301331","0.756035574525595","0.520089447498322","955","48.6121025085449","1.25546169281006","1576.42015533447","109.32963104248","0.968584775924683","4.8025803565979","0.124048851430416","0.451943665742874","0.0776642262935638","0.59503698348999","0.0177404079586267","0","1.37777805328369","0.715976715087891","0.217705269936414","0.299565941095352","1.60664892196655","0.46553960442543",,,,,,,,,,,,,,,,,,,,,,,,"2.43470931053162","1.15527248382568","0","0","0.650725960731506","0.272565215826035","0","0","0.332170516252518"
"119.843952560425","-0.926363197062165","0.518089890480042","956","47.6974754333496","1.24890601634979","2275.9288772583","119.91975440979","0.965855062007904","4.6602954864502","0.122063584625721","0.448506742715836","0.0774546638131142","0.604013919830322","0.0180283281952143","0","1.38501727581024","0.715830326080322","0.200317347336386","0.297651350498199","1.61225295066833","0.463707834482193",,,,,,,,,,,,,,,,,,,,,,,,"2.42481327056885","1.14733684062958","0","0","0.650459945201874","0.270823210477829","0","0","0.32762286067009"
"125.45771484375","-2.14170468449593","0.51774799823761","957","48.4500274658203","1.24836719036102","1873.13773498535","115.508192253113","0.966195821762085","4.72116470336914","0.122996106743813","0.448016613721848","0.0775903090834618","0.601044237613678","0.0178735610097647","0","1.37192463874817","0.714167773723602","0.191587019409053","0.29856339097023","1.5611344575882","0.464555114507675",,,,,,,,,,,,,,,,,,,,,,,,"2.42440295219421","1.15022122859955","0","0","0.647441923618317","0.271653026342392","0","0","0.329272150993347"
"121.525811576843","-2.97595152854919","0.512976467609406","958","47.0042572021484","1.24135553836823","1947.11762390137","112.21561794281","0.96744704246521","4.7359414100647","0.123213842511177","0.448085993528366","0.0764124244451523","0.595708191394806","0.0175086501985788","0","1.36124396324158","0.70790034532547","0.193243704289489","0.297758042812347","1.62673282623291","0.463795483112335",,,,,,,,,,,,,,,,,,,,,,,,"2.43736982345581","1.15898203849792","0","0","0.636128127574921","0.270920276641846","0","0","0.334307163953781"
"122.585731887817","-1.08118306919932","0.520148932933807","959","48.4025192260742","1.24001109600067","1385.12781066895","99.1667612075806","0.972685873508453","4.85167694091797","0.124642848968506","0.45520082116127","0.0777856260538101","0.597567975521088","0.0176176764070988","0","1.36860346794128","0.712823390960693","0.188877263572067","0.298671185970306","1.59680449962616","0.464743584394455",,,,,,,,,,,,,,,,,,,,,,,,"2.40871810913086","1.13966012001038","0","0","0.645006716251373","0.27175110578537","0","0","0.323253303766251"
"101.949417686462","0.205471799138468","0.509772717952728","960","49.2895851135254","1.2352329492569","1546.23445129395","103.39822807312","0.971135914325714","4.59944915771484","0.121208645403385","0.446931719779968","0.0775980874896049","0.597559034824371","0.0176332350820303","0","1.36148548126221","0.70574563741684","0.224343792433501","0.296703428030014","1.6214804649353","0.462830722332001","0.0828988924622536","0.222920373082161","0.928970098495483","0.145705550909042","0.022240998223424","0.0606878288090229","0.0507752373814583","0.496482908725739","0.00648758187890053","0.289778679609299","0.14487761259079","0.115029320120811","0.71944385766983","0.264770597219467","1.18841230869293","0.606717646121979","0","0","0.0266442075371742","0.104661405086517","0","0","0.09161476790905","2.44031190872192","1.15673267841339","0","0","0.632261514663696","0.269960701465607","0","0","0.333010733127594"
"103.739793586731","0.665926782041788","0.516512036323547","961","48.4881210327148","1.2355238199234","1458.26594848633","99.7882436752319","0.970061779022217","4.76612091064453","0.123681522905827","0.447624057531357","0.0785659402608871","0.595817387104034","0.0174204595386982","0","1.36870574951172","0.709364295005798","0.227145779744023","0.297800362110138","1.57692909240723","0.463887721300125",,,,,,,,,,,,,,,,,,,,,,,,"2.41594362258911","1.14414644241333","0","0","0.638761818408966","0.270958781242371","0","0","0.325803279876709"
"104.463015842438","1.10921948701143","0.516531407833099","962","48.3606147766113","1.23317432403564","1671.40821228027","108.977336883545","0.967926919460297","4.8160343170166","0.12417957931757","0.453639656305313","0.0793543010950089","0.597360193729401","0.0176698602735996","0","1.36179828643799","0.70806622505188","0.219673214887735","0.298095554113388","1.57630491256714","0.464222073554993",,,,,,,,,,,,,,,,,,,,,,,,"2.41848373413086","1.14365017414093","0","0","0.636426270008087","0.271227359771729","0","0","0.325520724058151"
"108.205256080627","0.334087144455407","0.514882922172546","963","48.3447723388672","1.23477077484131","1593.63759155273","105.918388557434","0.9688441157341","4.72259712219238","0.123035579919815","0.44756743311882","0.0793949812650681","0.596610724925995","0.0174644272774458","0","1.35782265663147","0.708670973777771","0.217587517289212","0.297681599855423","1.56357157230377","0.463737040758133",,,,,,,,,,,,,,,,,,,,,,,,"2.4127049446106","1.14520466327667","0","0","0.637513816356659","0.270850718021393","0","0","0.326406240463257"
"104.964864730835","0.424608411639929","0.518655002117157","964","48.5849456787109","1.2376252412796","1841.28570861816","112.843285369873","0.9671950340271","4.7856502532959","0.123846814036369","0.450729072093964","0.0797446817159653","0.601521849632263","0.0177741814404726","0","1.36065745353699","0.711417555809021","0.225959515990689","0.298270672559738","1.60525214672089","0.464287668466568",,,,,,,,,,,,,,,,,,,,,,,,"2.40886306762695","1.1405770778656","0","0","0.642464935779572","0.271386682987213","0","0","0.323773622512817"
"111.101749992371","-1.34730458706617","0.515230357646942","965","47.0874366760254","1.24372959136963","2260.27639160156","119.965614891052","0.967471301555634","4.66258764266968","0.122128717601299","0.447751700878143","0.0793134123086929","0.600561439990997","0.0177369844168425","0","1.38999152183533","0.713094830513","0.221526204422116","0.296876728534698","1.62207138538361","0.462837070226669",,,,,,,,,,,,,,,,,,,,,,,,"2.428138256073","1.14819538593292","0","0","0.645497977733612","0.270118355751038","0","0","0.328113287687302"
"113.295254707336","0.297610723032267","0.52228182554245","966","48.4372749328613","1.26647090911865","1877.30249633789","118.22476272583","0.969911813735962","4.74137592315674","0.123091503977776","0.453112572431564","0.0799937695264816","0.599724292755127","0.0179436281323433","0","1.38787794113159","0.723861992359161","0.232924289691437","0.298430413007736","1.63170552253723","0.464640378952026",,,,,,,,,,,,,,,,,,,,,,,,"2.43105864524841","1.15114414691925","0","0","0.665138185024261","0.271532028913498","0","0","0.329800754785538"
"108.422881889343","-0.248647765442729","0.527504801750183","967","48.6890830993652","1.26053667068481","1757.84651489258","113.707097816467","0.966976642608643","4.9359974861145","0.125754430890083","0.45831885933876","0.0804876834154129","0.600545883178711","0.018017552793026","0","1.3758932352066","0.717559397220612","0.213416843159939","0.300423502922058","1.65719747543335","0.466309994459152",,,,,,,,,,,,,,,,,,,,,,,,"2.43438053131104","1.15772974491119","0","0","0.653605997562408","0.273345500230789","0","0","0.33358508348465"
"110.964938354492","0.828284070640802","0.514315366744995","968","48.401969909668","1.23320651054382","1978.1991973877","115.750469779968","0.965556144714355","4.87815141677856","0.125182420015335","0.451459467411041","0.079974390566349","0.600666284561157","0.0178264956921339","0","1.36196935176849","0.707471609115601","0.222653221990913","0.298231154680252","1.6276478767395","0.464303940534592",,,,,,,,,,,,,,,,,,,,,,,,"2.41735792160034","1.14536535739899","0","0","0.635357856750488","0.271350741386414","0","0","0.326497882604599"
"105.129385185242","2.0657782047987","0.516454696655273","969","48.0189628601074","1.24702739715576","1860.8709197998","113.258134460449","0.967208981513977","4.71403312683105","0.122832849621773","0.449419766664505","0.079286590218544","0.599328994750977","0.0178650245070457","0","1.38287854194641","0.713246643543243","0.237619959621225","0.298394024372101","1.60632431507111","0.464697331190109",,,,,,,,,,,,,,,,,,,,,,,,"2.43915224075317","1.15106534957886","0","0","0.645772874355316","0.271498918533325","0","0","0.329755663871765"
"104.663281059265","-0.293874671799131","0.517967641353607","970","50.2772560119629","1.24728488922119","1603.51537322998","108.020864677429","0.970319211483002","4.78097057342529","0.12365498393774","0.453756362199783","0.0800961554050446","0.606771230697632","0.0181987453252077","0","1.3726726770401","0.715157628059387","0.231387293402804","0.298109978437424","1.67422139644623","0.464018076658249","0.0825769230723381","0.222221791744232","0.940068423748016","0.150229305028915","0.0225990694016218","0.0611084401607513","0.0521197244524956","0.500712752342224","0.0066823847591877","0.286559224128723","0.144593924283981","0.1147455945611","0.732394576072693","0.265006214380264","1.19193112850189","0.605603337287903","0","0","0.026539970189333","0.104403242468834","0","0","0.0912785679101944","2.42240285873413","1.14590632915497","0","0","0.649238049983978","0.271240502595901","0","0","0.326806396245956"
"113.720403289795","1.09429464489222","0.518289387226105","971","48.1813735961914","1.24459564685822","1624.56155548096","105.178254127502","0.971254050731659","4.86414241790771","0.124833300709724","0.455031424760818","0.0796938687562943","0.603719830513","0.0179280769079924","0","1.37435412406921","0.714178919792175","0.217225677278475","0.298735320568085","1.62395739555359","0.46484187245369",,,,,,,,,,,,,,,,,,,,,,,,"2.41719460487366","1.14330458641052","0","0","0.647462129592896","0.271809458732605","0","0","0.325324028730392"
"103.118286705017","0.724398598680273","0.518985986709595","972","48.213680267334","1.24697732925415","1819.77267456055","112.424275588989","0.96835720539093","4.82195568084717","0.124356262385845","0.451426118612289","0.0796156823635101","0.600246608257294","0.0177839621901512","0","1.3680168390274","0.713823795318604","0.229969303580583","0.297812223434448","1.57233667373657","0.46392834186554",,,,,,,,,,,,,,,,,,,,,,,,"2.42596387863159","1.15007650852203","0","0","0.646818399429321","0.270969569683075","0","0","0.329189300537109"
"122.478165626526","-1.2304796539247","0.518043398857117","973","47.7424926757813","1.24815273284912","1669.50501861572","111.030723190308","0.9678635597229","4.81233930587769","0.124194458127022","0.451914578676224","0.0794691517949104","0.598345696926117","0.0175752304494381","0","1.38004183769226","0.716106832027435","0.205852575263998","0.298564404249191","1.62930452823639","0.464600801467896",,,,,,,,,,,,,,,,,,,,,,,,"2.41470408439636","1.14367747306824","0","0","0.65096253156662","0.271653950214386","0","0","0.325536280870438"
"106.847980308533","-0.00420663384065847","0.517910122871399","974","48.086540222168","1.24937558174133","1795.84735565186","115.516463279724","0.967971205711365","4.77683973312378","0.123784713447094","0.449020773172379","0.0797910764813423","0.599535882472992","0.0176351182162762","0","1.37282466888428","0.71500426530838","0.214457204866631","0.298300176858902","1.63593506813049","0.46450662612915",,,,,,,,,,,,,,,,,,,,,,,,"2.42711901664734","1.14975023269653","0","0","0.648959457874298","0.271413564682007","0","0","0.329002559185028"
"114.458931541443","0.096183278108947","0.517975151538849","975","47.6071357727051","1.2582665681839","1769.93591461182","112.426508903503","0.970213949680328","4.73643255233765","0.123102404177189","0.451027870178223","0.0797492414712906","0.601670563220978","0.018002038821578","0","1.36972033977509","0.717017710208893","0.220788826879289","0.298810005187988","1.67912316322327","0.464961379766464",,,,,,,,,,,,,,,,,,,,,,,,"2.44676923751831","1.15805017948151","0","0","0.652619481086731","0.271877378225327","0","0","0.333769798278809"
"107.205893325806","0.960141156055033","0.510898351669312","976","47.8232917785645","1.2354189157486","1701.58354187012","102.524984359741","0.970896005630493","4.69549369812012","0.122630417346954","0.447561919689178","0.078669548034668","0.59791499376297","0.0180258341133595","0","1.36650800704956","0.706882774829865","0.220817071283818","0.297828078269958","1.63966059684753","0.463955581188202",,,,,,,,,,,,,,,,,,,,,,,,"2.43050861358643","1.15172624588013","0","0","0.634300589561462","0.270983964204788","0","0","0.330134391784668"
"101.110120010376","1.33774985447526","0.517644584178925","977","48.1794357299805","1.24213016033173","1645.17239837646","110.004043006897","0.967890977859497","4.73011541366577","0.123202592134476","0.446202129125595","0.0791849195957184","0.599777460098267","0.0181397367268801","0","1.36649894714355","0.711461246013641","0.232316719199298","0.298481851816177","1.64663898944855","0.464813381433487",,,,,,,,,,,,,,,,,,,,,,,,"2.41688346862793","1.14801013469696","0","0","0.642543911933899","0.271578848361969","0","0","0.328007429838181"
"116.281307220459","0.145661018136889","0.517776727676392","978","47.9617691040039","1.2364274263382","1364.26786499023","100.937413024902","0.966693997383118","4.76638031005859","0.12363763153553","0.448815286159515","0.0796194821596146","0.596389770507813","0.0177863407880068","0","1.3642703294754","0.707309126853943","0.222128896033973","0.299382120370865","1.61852371692657","0.465293616056442",,,,,,,,,,,,,,,,,,,,,,,,"2.41687726974487","1.14968204498291","0","0","0.635065913200378","0.272397965192795","0","0","0.3289635181427"
"114.696006011963","-1.49219197779894","0.518724381923676","979","47.7996139526367","1.25124740600586","1726.80498809814","114.442864227295","0.967562794685364","4.75345277786255","0.123360089957714","0.450931042432785","0.0801333859562874","0.598437786102295","0.0176879167556763","0","1.37403035163879","0.715517401695251","0.205631786097365","0.298272132873535","1.68091022968292","0.464461207389832",,,,,,,,,,,,,,,,,,,,,,,,"2.42112183570862","1.15143597126007","0","0","0.649891376495361","0.271388024091721","0","0","0.3299680352211"
"114.814664268494","-1.68716185390949","0.518209874629974","980","50.1627807617188","1.26130890846252","1964.504347229","118.525716018677","0.971141695976257","4.77696895599365","0.123734705150127","0.450313150882721","0.0798708572983742","0.598236262798309","0.0175934042781591","0","1.3844381570816","0.72162938117981","0.203059341829794","0.298218220472336","1.67194724082947","0.464245021343231","0.0824456438422203","0.22137887775898","0.932656705379486","0.150414064526558","0.0226126275956631","0.061157189309597","0.0530649423599243","0.492930769920349","0.00644946796819568","0.283492982387543","0.14398592710495","0.114548653364182","0.735688149929047","0.264397472143173","1.18129551410675","0.604138672351837","0","0","0.0263172443956137","0.104224063456059","0","0","0.0908375754952431","2.43047451972961","1.14962065219879","0","0","0.661041557788849","0.271338999271393","0","0","0.32892844080925"
"128.224272537231","-1.46173523291945","0.515306293964386","981","48.0878982543945","1.25236678123474","1720.06897125244","113.723161888123","0.967342734336853","4.69133996963501","0.122518233954906","0.448795706033707","0.0799208804965019","0.602434456348419","0.0179445836693048","0","1.38166546821594","0.714499831199646","0.207883387128823","0.298325628042221","1.69435465335846","0.464122146368027",,,,,,,,,,,,,,,,,,,,,,,,"2.44409561157227","1.1565158367157","0","0","0.648044168949127","0.27143669128418","0","0","0.332885921001434"
"99.6962536811829","0.657975147361867","0.509798884391785","982","47.7194328308105","1.21725261211395","1520.51410064697","108.753675270081","0.966392815113068","4.76462364196777","0.123679481446743","0.447119683027267","0.0799295976758003","0.598694980144501","0.0177917219698429","0","1.33195817470551","0.701504826545715","0.234178381590755","0.297873824834824","1.64069676399231","0.463997632265091",,,,,,,,,,,,,,,,,,,,,,,,"2.39918875694275","1.13663804531097","0","0","0.624685764312744","0.271025598049164","0","0","0.321541219949722"
"105.560570526123","0.506898123025894","0.520026564598083","983","48.35498046875","1.26577806472778","1886.80370941162","112.806686210632","0.969763398170471","4.78154373168945","0.123685158789158","0.453222334384918","0.0803029611706734","0.593060851097107","0.0177610423415899","0","1.37862277030945","0.719017863273621","0.231417860646616","0.299582570791245","1.68560588359833","0.465493887662888",,,,,,,,,,,,,,,,,,,,,,,,"2.44706726074219","1.16352307796478","0","0","0.656265735626221","0.272580325603485","0","0","0.336932003498077"
"105.603531265259","-0.738867042958736","0.525609850883484","984","48.273868560791","1.26859951019287","1738.96327514648","112.556932067871","0.96972918510437","4.85312080383301","0.124592296779156","0.45697608590126","0.0801516175270081","0.591294467449188","0.0175011605024338","0","1.38141143321991","0.722508907318115","0.214519878692226","0.298968940973282","1.72858381271362","0.464859753847122",,,,,,,,,,,,,,,,,,,,,,,,"2.45108079910278","1.15831696987152","0","0","0.662653863430023","0.272022038698196","0","0","0.333923578262329"
"100.717002105713","0.500063501764089","0.516650140285492","985","48.5519714355469","1.23959934711456","1997.57429962158","114.424207496643","0.968013405799866","4.78117084503174","0.123887538909912","0.448058187961578","0.0801359117031097","0.595517694950104","0.0174047462642193","0","1.35783433914185","0.708971500396729","0.227264751115581","0.298381417989731","1.6753191947937","0.46426397562027",,,,,,,,,,,,,,,,,,,,,,,,"2.43394374847412","1.15159153938293","0","0","0.638054728507996","0.271487474441528","0","0","0.330057173967361"
"105.216268157959","-0.818193271756172","0.51863294839859","986","48.5247077941895","1.23807775974274","1472.71994171143","104.013382720947","0.966283440589905","4.81004762649536","0.124177858233452","0.451484650373459","0.0809937417507172","0.594603776931763","0.017566004768014","0","1.3630166053772","0.70968770980835","0.209346995163651","0.299042642116547","1.68548429012299","0.464959919452667",,,,,,,,,,,,,,,,,,,,,,,,"2.42171764373779","1.14562201499939","0","0","0.639344394207001","0.272089093923569","0","0","0.326644212007523"
"115.668598556519","-1.74106837809086","0.517330944538116","987","48.0159950256348","1.24607992172241","2077.68762817383","114.194653129578","0.970828890800476","4.72395610809326","0.122868202626705","0.452205330133438","0.0802550464868546","0.594896376132965","0.0175092648714781","0","1.37270951271057","0.714493215084076","0.191704709643091","0.298682481050491","1.66256880760193","0.4647496342659",,,,,,,,,,,,,,,,,,,,,,,,"2.42476677894592","1.14499425888062","0","0","0.648032188415527","0.271761387586594","0","0","0.326286315917969"
"105.142587661743","-1.1548970695585","0.516688525676727","988","48.5360069274902","1.2431606054306","1611.62971801758","105.375422477722","0.969350695610046","4.78236532211304","0.123787268996239","0.450996965169907","0.0811278745532036","0.599124491214752","0.0178896151483059","0","1.36127328872681","0.710744559764862","0.209936421406746","0.298248261213303","1.68817734718323","0.464486330747604",,,,,,,,,,,,,,,,,,,,,,,,"2.43022871017456","1.15244090557098","0","0","0.64125007390976","0.2713662981987","0","0","0.330544233322144"
"116.889846801758","-2.16688488125801","0.522417843341827","989","48.2647476196289","1.25404465198517","1829.43656005859","115.120032119751","0.965539991855621","4.86230754852295","0.125007197260857","0.450017094612122","0.0811953768134117","0.597031831741333","0.0175072532147169","0","1.37378966808319","0.716769337654114","0.208543011960865","0.299106568098068","1.71535313129425","0.465395301580429",,,,,,,,,,,,,,,,,,,,,,,,"2.42012715339661","1.15102052688599","0","0","0.652167439460754","0.272147238254547","0","0","0.329729944467545"
"119.454613685608","-1.82682194113731","0.520771622657776","990","50.5941352844238","1.25938332080841","1869.3843460083","118.351498603821","0.972363650798798","4.79363536834717","0.124109350144863","0.447127968072891","0.081073522567749","0.60065746307373","0.0176241733133793","0","1.38405478000641","0.722958266735077","0.208434031406068","0.297567278146744","1.65039563179016","0.463696956634521","0.0825272500514984","0.222045004367828","0.903925597667694","0.152107298374176","0.022746479138732","0.0612682551145554","0.053980827331543","0.492673695087433","0.00650052353739738","0.285109877586365","0.144508093595505","0.115048803389072","0.744791567325592","0.265099853277206","1.18342518806458","0.604204654693604","0","0","0.0265084709972143","0.104679122567177","0","0","0.0908574089407921","2.4118537902832","1.14301323890686","0","0","0.663478434085846","0.27074670791626","0","0","0.325158268213272"
"110.102538490295","0.0201014648133423","0.51795768737793","991","47.7328872680664","1.24686419963837","1609.42897033691","102.900621604919","0.972470283508301","4.76664066314697","0.123497173190117","0.452393651008606","0.0816674157977104","0.597189426422119","0.017737589776516","0","1.36580610275269","0.712847411632538","0.224969166342635","0.298823624849319","1.72375392913818","0.465057224035263",,,,,,,,,,,,,,,,,,,,,,,,"2.41936349868774","1.15135967731476","0","0","0.645050168037415","0.271889805793762","0","0","0.329924255609512"
"98.6704431533813","-1.67405438572168","0.516054391860962","992","47.7623519897461","1.23897063732147","2059.05878448486","115.809485435486","0.967663466930389","4.78877353668213","0.123920261859894","0.450053662061691","0.0817328840494156","0.598450243473053","0.0177886374294758","0","1.37052047252655","0.711667716503143","0.226483979570912","0.297990798950195","1.68616139888763","0.464354425668716",,,,,,,,,,,,,,,,,,,,,,,,"2.41736078262329","1.14259731769562","0","0","0.642916917800903","0.27113202214241","0","0","0.324921697378159"
"114.223044204712","0.0570614090422168","0.527144968509674","993","48.6661605834961","1.27557444572449","1852.3616897583","124.554840278625","0.967275023460388","4.84672260284424","0.124598853290081","0.454481720924377","0.0824164375662804","0.598830580711365","0.018091507256031","0","1.38559055328369","0.726328670978546","0.246488809020957","0.300105959177017","1.71410942077637","0.466287225484848",,,,,,,,,,,,,,,,,,,,,,,,"2.43088459968567","1.15643429756165","0","0","0.66967898607254","0.273056536912918","0","0","0.332838982343674"
"105.976178455353","0.981300991028547","0.520430266857147","994","48.4573860168457","1.24554967880249","1556.57150115967","104.686154937744","0.9710733294487","4.92668390274048","0.125689446926117","0.456551045179367","0.0815469101071358","0.600838363170624","0.0178919415920973","0","1.36737942695618","0.714427649974823","0.242727082697093","0.299320876598358","1.72134113311768","0.465209692716599",,,,,,,,,,,,,,,,,,,,,,,,"2.42415738105774","1.14325213432312","0","0","0.647913157939911","0.27234223484993","0","0","0.325294196605682"
"115.528973197937","-1.17904501855373","0.51902037858963","995","47.9404678344727","1.25219631195068","3051.75420227051","133.54275970459","0.962925434112549","4.78738594055176","0.123833492398262","0.451698899269104","0.0814637616276741","0.600655138492584","0.0181341115385294","0","1.38254392147064","0.71743232011795","0.233619092966546","0.298485428094864","1.668501496315","0.464482307434082",,,,,,,,,,,,,,,,,,,,,,,,"2.42971086502075","1.14666569232941","0","0","0.65337461233139","0.271582096815109","0","0","0.327239602804184"
"100.94046754837","0.553015395905822","0.510543644428253","996","48.0572967529297","1.22643625736237","1744.4023223877","105.033817481995","0.969568014144897","4.78798675537109","0.123971804976463","0.44847759604454","0.0815568789839745","0.606355667114258","0.017943961545825","0","1.35627937316895","0.707163453102112","0.224704932220629","0.297510296106339","1.67884123325348","0.463476657867432",,,,,,,,,,,,,,,,,,,,,,,,"2.40812110900879","1.13556945323944","0","0","0.634804427623749","0.270694851875305","0","0","0.320936948060989"
"100.976246261597","0.674217642191797","0.516678929328918","997","48.4670906066895","1.24491345882416","1539.40499420166","112.233323287964","0.969060957431793","4.80260038375854","0.124092735350132","0.450860500335693","0.0812207236886024","0.598136246204376","0.0178289748728275","0","1.37345671653748","0.712731540203094","0.234215352960746","0.298661530017853","1.65046727657318","0.464799344539642",,,,,,,,,,,,,,,,,,,,,,,,"2.41497945785522","1.1485755443573","0","0","0.64484053850174","0.271742314100266","0","0","0.328330665826797"
"103.852251434326","0.304081772209611","0.518624126911163","998","47.4750785827637","1.25314474105835","1808.57027130127","107.116449546814","0.96941065788269","4.76362228393555","0.123428985476494","0.452968031167984","0.081889845430851","0.599957644939423","0.0177883952856064","0","1.36037504673004","0.714719474315643","0.233555261348374","0.298893481492996","1.75860643386841","0.465158313512802",,,,,,,,,,,,,,,,,,,,,,,,"2.4295072555542","1.15627729892731","0","0","0.648442685604095","0.271953374147415","0","0","0.332748651504517"
"101.979438400269","0.775057724677026","0.515802919864655","999","48.4587745666504","1.23633992671967","1740.44177246094","110.058018112183","0.966638267040253","4.94454956054688","0.126018673181534","0.454842209815979","0.082231692969799","0.596917271614075","0.0179299414157867","0","1.35230755805969","0.708258748054504","0.242588460043771","0.299131095409393","1.73149335384369","0.465387880802155",,,,,,,,,,,,,,,,,,,,,,,,"2.42327117919922","1.14694321155548","0","0","0.636772334575653","0.272169560194016","0","0","0.327398061752319"
"104.878044891357","-0.324977920763195","0.517938673496246","1000","50.2068252563477","1.24634683132172","1772.96044464111","100.148817825317","0.972102880477905","4.80812692642212","0.12420865893364","0.450009554624557","0.0818729624152184","0.597314357757568","0.0176160149276257","0","1.34944188594818","0.712115943431854","0.215233861631714","0.298696607351303","1.68782663345337","0.465084284543991","0.0826491937041283","0.223263666033745","0.942038536071777","0.155986025929451","0.0230269990861416","0.0623014494776726","0.0547187104821205","0.492229670286179","0.00648990226909518","0.287456512451172","0.144018933176994","0.11634786427021","0.763642907142639","0.26712903380394","1.1788467168808","0.604921936988831","0","0","0.0263293087482452","0.105861105024815","0","0","0.0910732671618462","2.44163060188293","1.15296602249146","0","0","0.643727004528046","0.271774232387543","0","0","0.330845534801483"
"92.4173654556274","1.00691679045558","0.518316864967346","1001","48.7124061584473","1.24624955654144","1436.12990264893","100.029955482483","0.972689807415009","4.76918601989746","0.123418532311916","0.455260068178177","0.0818230211734772","0.601570546627045","0.0178433917462826","0","1.35536026954651","0.712346255779266","0.232154363893642","0.299021869897842","1.76764404773712","0.464995414018631",,,,,,,,,,,,,,,,,,,,,,,,"2.43299794197083","1.15155422687531","0","0","0.644143581390381","0.272070169448853","0","0","0.330035805702209"
"99.7410947799683","0.497798291034997","0.517480254173279","1002","47.4947052001953","1.24689269065857","1764.08872528076","109.869757461548","0.968480944633484","4.80475616455078","0.124084547162056","0.451856762170792","0.0815034508705139","0.595115661621094","0.0175795573741198","0","1.36412048339844","0.712786257266998","0.230940886848839","0.29878968000412","1.78231537342072","0.46501237154007",,,,,,,,,,,,,,,,,,,,,,,,"2.43656206130981","1.15165627002716","0","0","0.644939482212067","0.271858900785446","0","0","0.330094277858734"
"105.883681297302","0.682193940645084","0.516712605953217","1003","48.2573204040527","1.23407602310181","1557.08697052002","107.60592212677","0.967386424541473","4.80562877655029","0.124159343540668","0.450317680835724","0.0813622698187828","0.60062700510025","0.0176971089094877","0","1.36814188957214","0.709097802639008","0.226306288188789","0.298967450857162","1.65331935882568","0.46501025557518",,,,,,,,,,,,,,,,,,,,,,,,"2.40799856185913","1.14057636260986","0","0","0.638282060623169","0.272020667791367","0","0","0.323773294687271"
"118.981346130371","-0.945412644557655","0.511407732963562","1004","47.5462265014648","1.2358638048172","1871.36181335449","112.996075248718","0.966415345668793","4.74656248092651","0.123204983770847","0.452225148677826","0.0809489861130714","0.597316741943359","0.0177327804267406","0","1.35821914672852","0.705864906311035","0.21751815120806","0.298443287611008","1.76537418365479","0.464669913053513",,,,,,,,,,,,,,,,,,,,,,,,"2.43446135520935","1.15470623970032","0","0","0.632475137710571","0.271543741226196","0","0","0.331844985485077"
"99.3756914138794","-0.729426629521186","0.509546339511871","1005","47.4788055419922","1.22266161441803","1414.49954681396","90.4247832298279","0.97098034620285","4.72938394546509","0.123101554811001","0.448445320129395","0.0816290751099586","0.601258933544159","0.0180080365389585","0","1.3601508140564","0.701855540275574","0.226666535466211","0.297861486673355","1.73212480545044","0.463914155960083",,,,,,,,,,,,,,,,,,,,,,,,"2.41801571846008","1.14508235454559","0","0","0.625310599803925","0.271014392375946","0","0","0.326336562633514"
"107.259173202515","-0.536345090612304","0.515710353851318","1006","48.4768753051758","1.24806988239288","1929.23555145264","110.09176158905","0.969591856002808","4.83986330032349","0.124500334262848","0.454415678977966","0.0813688412308693","0.600697696208954","0.0180424507707357","0","1.35907423496246","0.712263882160187","0.222916383504344","0.299450218677521","1.72494375705719","0.465682983398438",,,,,,,,,,,,,,,,,,,,,,,,"2.43905305862427","1.15430665016174","0","0","0.643994569778442","0.272459924221039","0","0","0.33161535859108"
"103.829751586914","1.28659244924784","0.518049240112305","1007","47.7663726806641","1.25203335285187","1568.18111114502","99.7800716400147","0.971284866333008","4.80767297744751","0.124286368489265","0.447896778583527","0.0814272686839104","0.597692906856537","0.0176325757056475","0","1.3832756280899","0.714352071285248","0.23445798605826","0.298419713973999","1.7559540271759","0.4645816385746",,,,,,,,,,,,,,,,,,,,,,,,"2.4319531917572","1.15625333786011","0","0","0.647776246070862","0.2715223133564","0","0","0.332734793424606"
"109.13957195282","-1.39961916580796","0.516348302364349","1008","48.3632545471191","1.24148344993591","2018.9953125","110.079496765137","0.969169676303864","4.84012413024902","0.124655082821846","0.450659483671188","0.081886500120163","0.603948056697845","0.0182037632912397","0","1.36211323738098","0.710948467254639","0.221458143813652","0.298560440540314","1.71884763240814","0.464690506458282",,,,,,,,,,,,,,,,,,,,,,,,"2.42546939849854","1.14837348461151","0","0","0.641618013381958","0.271650314331055","0","0","0.328215062618256"
"107.586405754089","-0.342461443436332","0.515975475311279","1009","47.7579040527344","1.24537241458893","1573.40164031982","107.329657363892","0.968549251556396","4.81633186340332","0.124340042471886","0.449757248163223","0.0822877287864685","0.596828281879425","0.0177627671509981","0","1.38640809059143","0.714088201522827","0.215260363361449","0.298858255147934","1.74243474006653","0.465013802051544",,,,,,,,,,,,,,,,,,,,,,,,"2.41191625595093","1.14476096630096","0","0","0.647297739982605","0.271921336650848","0","0","0.326153367757797"
"97.1763736724854","0.786910275137052","0.522419273853302","1010","51.0053100585938","1.27033996582031","1701.66653594971","108.477980613708","0.972886025905609","4.87983465194702","0.125099152326584","0.454158157110214","0.0819850414991379","0.597824573516846","0.0178191289305687","0","1.38817059993744","0.722095668315887","0.232703466500971","0.300272136926651","1.75964879989624","0.46650505065918","0.0830256342887878","0.224913835525513","0.948182344436646","0.161465659737587","0.0234442260116339","0.0628403723239899","0.0542851239442825","0.488397091627121","0.0065211015753448","0.287850022315979","0.145463064312935","0.116893418133259","0.771015763282776","0.267982840538025","1.18381774425507","0.606987774372101","0","0","0.026859987527132","0.106357477605343","0","0","0.0916963666677475","2.44815397262573","1.16059112548828","0","0","0.661896109580994","0.273207753896713","0","0","0.335236102342606"
"119.069569015503","0.361819301266223","0.518616795539856","1011","47.9797859191895","1.25322079658508","2070.75310058594","122.857777023315","0.964725911617279","4.83707141876221","0.124546132981777","0.452255487442017","0.081367626786232","0.600487053394318","0.0181102473288774","0","1.37785565853119","0.717420518398285","0.231693612941308","0.299564987421036","1.73223781585693","0.465645641088486",,,,,,,,,,,,,,,,,,,,,,,,"2.4131236076355","1.14677751064301","0","0","0.653353035449982","0.272564351558685","0","0","0.327303439378738"
"109.490811538696","-1.25702637061477","0.513805329799652","1012","48.3643493652344","1.22899353504181","1750.98721313477","104.489283561707","0.967000424861908","4.88623714447021","0.125122368335724","0.45591875910759","0.0814304426312447","0.601581931114197","0.0178626123815775","0","1.35413789749146","0.705987691879272","0.20509831677482","0.298833429813385","1.72068381309509","0.465069174766541",,,,,,,,,,,,,,,,,,,,,,,,"2.42169547080994","1.14167904853821","0","0","0.632695257663727","0.271898746490479","0","0","0.324399560689926"
"103.527723693848","-1.83519775867462","0.515941321849823","1013","48.0543594360352","1.23157978057861","1533.69539031982","102.533131027222","0.96960973739624","4.85520076751709","0.124844767153263","0.451468139886856","0.0811050236225128","0.603335499763489","0.018007505685091","0","1.36040878295898","0.707363605499268","0.214702930721978","0.298986822366714","1.69224298000336","0.465237945318222",,,,,,,,,,,,,,,,,,,,,,,,"2.40675020217896","1.14164054393768","0","0","0.6351637840271","0.272038280963898","0","0","0.324377745389938"
"115.483122062683","-0.558741923142225","0.51908540725708","1014","48.7154121398926","1.24535012245178","1639.67868347168","116.131830024719","0.965989232063293","4.92219352722168","0.125676229596138","0.455244481563568","0.0815166160464287","0.600835502147675","0.017980894073844","0","1.37770247459412","0.714796781539917","0.208054530178197","0.299356073141098","1.70243883132935","0.465341031551361",,,,,,,,,,,,,,,,,,,,,,,,"2.411860704422","1.14166724681854","0","0","0.648582935333252","0.272374272346497","0","0","0.324392914772034"
"102.049610710144","0.31224231965607","0.517728209495544","1015","48.1025848388672","1.23936116695404","1850.11855163574","111.851818656921","0.965101480484009","4.90230178833008","0.125605747103691","0.449711292982101","0.0808004811406136","0.599246680736542","0.0176437254995108","0","1.36955118179321","0.709169030189514","0.225442581865354","0.298975557088852","1.72324693202972","0.465230822563171",,,,,,,,,,,,,,,,,,,,,,,,"2.42560386657715","1.14961099624634","0","0","0.638410270214081","0.272028058767319","0","0","0.328922837972641"
"103.448767757416","1.63564306944609","0.505662024021149","1016","48.2849540710449","1.21526563167572","1900.10986785889","114.816916275024","0.965189278125763","4.81947374343872","0.124393820762634","0.449574112892151","0.0811487659811974","0.606287717819214","0.0179293565452099","0","1.34879851341248","0.701071977615356","0.244692139484687","0.29746949672699","1.67418205738068","0.463752567768097",,,,,,,,,,,,,,,,,,,,,,,,"2.40992450714111","1.13513731956482","0","0","0.623915135860443","0.270657747983932","0","0","0.320692718029022"
"106.059199523926","0.93053915402852","0.51177978515625","1017","48.0083847045898","1.21167385578156","1461.88420715332","100.743596839905","0.968584835529327","4.90190362930298","0.125592067837715","0.449909389019012","0.0801323801279068","0.609697282314301","0.0180726200342178","0","1.33241701126099","0.701588094234467","0.22735265995434","0.298056393861771","1.65893995761871","0.464434325695038",,,,,,,,,,,,,,,,,,,,,,,,"2.38671565055847","1.12617373466492","0","0","0.624834179878235","0.271191716194153","0","0","0.315647959709167"
"109.139472961426","0.0193489664408844","0.516121804714203","1018","48.0234222412109","1.23735320568085","2763.72388763428","108.355917739868","0.968388557434082","4.94318962097168","0.126048892736435","0.453587830066681","0.0804789960384369","0.600335657596588","0.0177187472581863","0","1.36735701560974","0.71037745475769","0.224003220387385","0.298846125602722","1.68433916568756","0.46512496471405",,,,,,,,,,,,,,,,,,,,,,,,"2.41468596458435","1.14248025417328","0","0","0.640587866306305","0.271910279989243","0","0","0.3248550593853"
"97.8640626907349","-0.911152886552736","0.510887980461121","1019","48.4871978759766","1.22827339172363","2087.21828308105","122.217449760437","0.96517813205719","4.86761093139648","0.125100582838058","0.449628412723541","0.0804882496595383","0.599117577075958","0.017646225169301","0","1.34037065505981","0.705179214477539","0.238726083602523","0.298527926206589","1.74515175819397","0.464764893054962",,,,,,,,,,,,,,,,,,,,,,,,"2.42203712463379","1.14344811439514","0","0","0.63124692440033","0.271620750427246","0","0","0.325405716896057"
"107.911737060547","0.869888799265027","0.516469240188599","1020","50.3505477905273","1.24451005458832","2129.74079742432","118.627090835571","0.965584754943848","4.89348793029785","0.125252529978752","0.455327987670898","0.0800865665078163","0.602844476699829","0.0178613048046827","0","1.35781967639923","0.711853444576263","0.23354449088074","0.299228578805923","1.69736301898956","0.465476453304291","0.0826861783862114","0.225144118070602","0.939616620540619","0.164848193526268","0.0236611533910036","0.0644111707806587","0.0540588870644569","0.493888914585114","0.00669924914836884","0.287822723388672","0.144489496946335","0.117707580327988","0.790789067745209","0.268917351961136","1.18283891677856","0.606483936309814","0","0","0.0265016481280327","0.107098266482353","0","0","0.0915442109107971","2.43043422698975","1.14974439144135","0","0","0.643252611160278","0.272258251905441","0","0","0.328999251127243"
"113.088243103027","0.252135599812027","0.518888294696808","1021","48.3907775878906","1.25328373908997","1823.05363006592","111.307808113098","0.968433558940887","4.89353656768799","0.125259131193161","0.455181837081909","0.0805055573582649","0.600304841995239","0.0179167073220015","0","1.38022184371948","0.716343522071838","0.223611389720463","0.299169600009918","1.75484418869019","0.465461105108261",,,,,,,,,,,,,,,,,,,,,,,,"2.43266129493713","1.15094447135925","0","0","0.651392817497253","0.272204607725143","0","0","0.329686373472214"
"115.858669471741","-1.91142490804195","0.516346096992493","1022","48.2113990783691","1.23814392089844","1736.9852142334","108.691324043274","0.966758608818054","4.91070175170898","0.125510528683662","0.455185174942017","0.0804057568311691","0.599446892738342","0.0176836289465427","0","1.35589325428009","0.708536684513092","0.207409497629851","0.299375802278519","1.71389091014862","0.46562185883522",,,,,,,,,,,,,,,,,,,,,,,,"2.42167448997498","1.14883577823639","0","0","0.637272298336029","0.272392213344574","0","0","0.328479439020157"
"104.795288085938","1.42389896661043","0.511112093925476","1023","47.857120513916","1.22604393959045","1541.28435516357","99.7053598403931","0.970325767993927","4.83466148376465","0.124449528753757","0.453771829605103","0.0800443813204765","0.60050243139267","0.0178363639861345","0","1.35131502151489","0.702657878398895","0.241179161434411","0.298701524734497","1.70250380039215","0.465140223503113",,,,,,,,,,,,,,,,,,,,,,,,"2.41776752471924","1.14716398715973","0","0","0.626741111278534","0.271778702735901","0","0","0.327524125576019"
"109.471411323547","-0.728589947766159","0.5180703997612","1024","48.3677787780762","1.25081789493561","1484.85141143799","105.910675621033","0.971057176589966","4.9396858215332","0.125868901610374","0.456811904907227","0.0811170861124992","0.597655355930328","0.0177766494452953","0","1.36900115013123","0.714075326919556","0.206571650548722","0.299151510000229","1.76343667507172","0.465547442436218",,,,,,,,,,,,,,,,,,,,,,,,"2.43438720703125","1.15385413169861","0","0","0.647274255752563","0.272188156843185","0","0","0.331355452537537"
"125.276637458801","-1.88912808597088","0.517728865146637","1025","48.1730651855469","1.24250495433807","1729.34139556885","113.281160163879","0.965312659740448","4.99440479278564","0.126632109284401","0.457638055086136","0.0817800164222717","0.600664019584656","0.0181866642087698","0","1.38527727127075","0.711813569068909","0.198639474192169","0.298726290464401","1.78329360485077","0.46495446562767",,,,,,,,,,,,,,,,,,,,,,,,"2.42650270462036","1.14716243743896","0","0","0.6431804895401","0.271801233291626","0","0","0.327523201704025"
"100.59308013916","0.0556588365230709","0.516665935516357","1026","47.7103691101074","1.24295330047607","1432.08883666992","98.7695219039917","0.969022870063782","4.85668277740479","0.124913617968559","0.45029029250145","0.0804702863097191","0.600732743740082","0.0178712885826826","0","1.36317884922028","0.709364950656891","0.236571318647475","0.29924088716507","1.71513533592224","0.465855956077576",,,,,,,,,,,,,,,,,,,,,,,,"2.42523169517517","1.15483820438385","0","0","0.638763010501862","0.272269457578659","0","0","0.331920832395554"
"107.941691970825","1.03636557906866","0.516223132610321","1027","49.1269645690918","1.22819972038269","1711.84257049561","115.86635093689","0.962121188640594","5.06538391113281","0.127777561545372","0.454605042934418","0.0814981013536453","0.604404032230377","0.018255814909935","0","1.35099411010742","0.705254375934601","0.237690840428695","0.300038158893585","1.74439024925232","0.466346323490143",,,,,,,,,,,,,,,,,,,,,,,,"2.41877174377441","1.14066421985626","0","0","0.631381571292877","0.272994875907898","0","0","0.323823183774948"
"105.70633430481","0.235536365490407","0.518484771251678","1028","48.4621963500977","1.24337160587311","1834.3670501709","110.127451705933","0.969115078449249","4.93915224075317","0.126021683216095","0.452791720628738","0.0824531316757202","0.604081869125366","0.0181317366659641","0","1.36922252178192","0.713480234146118","0.228501476775273","0.29962021112442","1.73999834060669","0.465700536966324",,,,,,,,,,,,,,,,,,,,,,,,"2.41431975364685","1.14196336269379","0","0","0.646195888519287","0.272614598274231","0","0","0.324561178684235"
"108.812875175476","-0.0723503497894853","0.51154237985611","1029","47.4856719970703","1.2223836183548","1830.57924957275","107.613629341125","0.966704189777374","4.91838312149048","0.125772595405579","0.451432019472122","0.0809692218899727","0.599537193775177","0.0177965816110373","0","1.36576128005981","0.70362401008606","0.226426577274106","0.298722922801971","1.73867177963257","0.464756548404694",,,,,,,,,,,,,,,,,,,,,,,,"2.40089249610901","1.13766002655029","0","0","0.628465831279755","0.27179816365242","0","0","0.322119653224945"
"108.888339233398","-0.0053280811291188","0.516272366046906","1030","50.6823577880859","1.23853766918182","1806.43909912109","109.572025299072","0.970029234886169","4.95744371414185","0.126208186149597","0.454801112413406","0.0812357515096664","0.600554466247559","0.0181438233703375","0","1.38162159919739","0.711227774620056","0.232279803915299","0.299226373434067","1.76716887950897","0.465363621711731","0.0825684666633606","0.225587978959084","0.946700692176819","0.169579446315765","0.0240141451358795","0.0648002400994301","0.0531569346785545","0.496342688798904","0.00676142191514373","0.285106599330902","0.14421321451664","0.117932192981243","0.802780151367188","0.26949667930603","1.17353653907776","0.60761159658432","0","0","0.0264003947377205","0.107302628457546","0","0","0.0918849557638168","2.41145801544189","1.14125561714172","0","0","0.642122328281403","0.272256225347519","0","0","0.324159026145935"
"102.952207374573","0.590903359279036","0.517716884613037","1031","48.3198623657227","1.24028265476227","1408.29470062256","101.326621246338","0.970791459083557","5.02218723297119","0.127149760723114","0.454735636711121","0.0804292112588882","0.60167533159256","0.0181520879268646","0","1.36433184146881","0.711953103542328","0.233415766735561","0.299466371536255","1.73675441741943","0.465668857097626",,,,,,,,,,,,,,,,,,,,,,,,"2.41403675079346","1.14163649082184","0","0","0.643432676792145","0.272474616765976","0","0","0.324375420808792"
"112.998937988281","0.048839260567911","0.507444500923157","1032","48.1173210144043","1.21066284179688","1573.86083831787","105.697153282166","0.965473473072052","4.86179399490356","0.124972634017467","0.4506955742836","0.080478198826313","0.608055949211121","0.0182360205799341","0","1.34302544593811","0.69824880361557","0.218489805801073","0.297623485326767","1.73194539546967","0.463908135890961",,,,,,,,,,,,,,,,,,,,,,,,"2.40343832969666","1.13561844825745","0","0","0.61890035867691","0.270797848701477","0","0","0.320964604616165"
"111.404222106934","-1.56641979515553","0.514402449131012","1033","48.1850891113281","1.22943651676178","1483.60740966797","96.0279272079468","0.968463897705078","4.92649793624878","0.125796541571617","0.453808605670929","0.0812857523560524","0.60167932510376","0.0181282069534063","0","1.37164235115051","0.705476582050323","0.200367466345051","0.299081861972809","1.73227894306183","0.46545273065567",,,,,,,,,,,,,,,,,,,,,,,,"2.41270208358765","1.14367043972015","0","0","0.631779432296753","0.272124767303467","0","0","0.325532257556915"
"105.646181678772","0.399503600328899","0.518789172172546","1034","48.5308380126953","1.25150287151337","1801.10606842041","117.626564025879","0.966485321521759","4.91926908493042","0.125657230615616","0.454651355743408","0.0810384675860405","0.60447108745575","0.0179619360715151","0","1.37510776519775","0.714005291461945","0.229194157384336","0.299432098865509","1.76815283298492","0.465583831071854",,,,,,,,,,,,,,,,,,,,,,,,"2.43742489814758","1.1548228263855","0","0","0.647147417068481","0.272443413734436","0","0","0.331912040710449"
"105.354059314728","-1.39277726709843","0.512035131454468","1035","48.1354751586914","1.22013521194458","1643.57944030762","104.349470329285","0.968200325965881","4.93430137634277","0.125889122486115","0.454343348741531","0.0810757279396057","0.603593111038208","0.0178798753768206","0","1.3407176733017","0.7023845911026","0.215515084072831","0.298838019371033","1.72351264953613","0.464926719665527",,,,,,,,,,,,,,,,,,,,,,,,"2.41087794303894","1.13741075992584","0","0","0.626253724098206","0.271902918815613","0","0","0.321978539228439"
"105.101083183289","0.465887393453158","0.515843212604523","1036","48.2145080566406","1.24020230770111","1882.1886428833","117.548103713989","0.965121686458588","4.90475845336914","0.125383362174034","0.456183344125748","0.0813875943422318","0.604365825653076","0.0180985927581787","0","1.36527442932129","0.709626376628876","0.233942678736639","0.299294263124466","1.758376121521","0.465313106775284",,,,,,,,,,,,,,,,,,,,,,,,"2.42520666122437","1.14913475513458","0","0","0.639233946800232","0.272318035364151","0","0","0.328650385141373"
"124.808393859863","-2.1000588208437","0.51431268453598","1037","48.2699661254883","1.2360771894455","1501.80502166748","105.189200782776","0.968222856521606","4.93951225280762","0.126131176948547","0.450159728527069","0.080959640443325","0.594101369380951","0.017676092684269","0","1.36587059497833","0.708639025688171","0.203192534693517","0.299079060554504","1.81158769130707","0.465414762496948",,,,,,,,,,,,,,,,,,,,,,,,"2.41522765159607","1.14536678791046","0","0","0.637456297874451","0.272122204303741","0","0","0.326498687267303"
"114.909036064148","-1.2949988424778","0.513724207878113","1038","47.5939788818359","1.23356640338898","1572.1748336792","106.22232208252","0.968518972396851","4.87829923629761","0.125098586082458","0.453610152006149","0.0813819691538811","0.599499702453613","0.0180096961557865","0","1.35280704498291","0.707645356655121","0.216216588871612","0.299413591623306","1.78451502323151","0.465543359518051",,,,,,,,,,,,,,,,,,,,,,,,"2.42067384719849","1.14356088638306","0","0","0.635669887065887","0.272426605224609","0","0","0.325469881296158"
"102.42001285553","0.111741762468591","0.510737478733063","1039","48.0178680419922","1.22628092765808","1513.69044647217","102.418498039246","0.969135761260986","4.83863306045532","0.124655179679394","0.450107365846634","0.0818690732121468","0.601351022720337","0.0178790837526321","0","1.35652220249176","0.705379068851471","0.235532978788251","0.298425078392029","1.73417448997498","0.464546889066696",,,,,,,,,,,,,,,,,,,,,,,,"2.41793894767761","1.13947606086731","0","0","0.631604909896851","0.271527171134949","0","0","0.323148876428604"
"105.771335983276","0.260002516396344","0.516857206821442","1040","49.8869590759277","1.24467885494232","1625.38363800049","114.207626342773","0.967025876045227","4.99603223800659","0.126708179712296","0.456323027610779","0.0824610888957977","0.597259283065796","0.0178794302046299","0","1.36973178386688","0.71110075712204","0.238060167073854","0.299212396144867","1.7969810962677","0.465332746505737","0.0826132223010063","0.224917024374008","0.944222092628479","0.169590428471565","0.0240044519305229","0.0651521384716034","0.053635261952877","0.499824732542038","0.0069554396905005","0.285830438137054","0.144041210412979","0.11799506098032","0.815061151981354","0.269134759902954","1.17657518386841","0.605408132076263","0","0","0.0263374578207731","0.107359834015369","0","0","0.0912197232246399","2.42760467529297","1.15243756771088","0","0","0.641892969608307","0.272243529558182","0","0","0.330542325973511"
"108.412971115112","-1.55045637190342","0.51425439119339","1041","48.5075874328613","1.233314037323","1786.57478179932","107.398417282104","0.968750298023224","4.96569538116455","0.126337558031082","0.454567402601242","0.0815424844622612","0.602082848548889","0.0179428160190582","0","1.35149765014648","0.708159565925598","0.225720701512182","0.299024075269699","1.76389420032501","0.465008020401001",,,,,,,,,,,,,,,,,,,,,,,,"2.41093039512634","1.14211559295654","0","0","0.636594116687775","0.272072196006775","0","0","0.324647754430771"
"110.155686569214","0.43983271913603","0.516582190990448","1042","48.4490852355957","1.23927664756775","1817.70362854004","104.900730895996","0.969407498836517","4.99027442932129","0.126652464270592","0.455624639987946","0.0822942182421684","0.600262463092804","0.0178965423256159","0","1.35998630523682","0.708375751972198","0.226370747643523","0.299642741680145","1.82627511024475","0.465730369091034",,,,,,,,,,,,,,,,,,,,,,,,"2.43187952041626","1.15089631080627","0","0","0.636982858181","0.272635102272034","0","0","0.329658806324005"
"111.520438194275","-0.700612213276327","0.511009156703949","1043","48.2450523376465","1.22597372531891","1659.31465759277","105.977702522278","0.966269910335541","4.90677452087402","0.125508725643158","0.453794419765472","0.0824139937758446","0.600575864315033","0.0178682114928961","0","1.34625446796417","0.705371856689453","0.229118814706453","0.298290461301804","1.80830752849579","0.464238911867142",,,,,,,,,,,,,,,,,,,,,,,,"2.4059374332428","1.13917326927185","0","0","0.631591856479645","0.271404713392258","0","0","0.322977185249329"
"107.860897445679","-0.759448872879148","0.505682766437531","1044","47.6279716491699","1.2013703584671","1298.53486022949","92.7864503860474","0.969036042690277","4.8985276222229","0.125466853380203","0.451817631721497","0.0816887766122818","0.598488211631775","0.0178627744317055","0","1.33586263656616","0.693400919437408","0.229963966508512","0.298632949590683","1.74923121929169","0.464813411235809",,,,,,,,,,,,,,,,,,,,,,,,"2.39095687866211","1.13270127773285","0","0","0.610336244106293","0.271716296672821","0","0","0.319317698478699"
"104.671162605286","-0.766856167279184","0.51412296295166","1045","48.5398216247559","1.23438405990601","2011.85966033936","110.404975128174","0.971114933490753","4.86899137496948","0.124968573451042","0.453441351652145","0.0823359861969948","0.602783858776093","0.0178401581943035","0","1.35296332836151","0.710113227367401","0.241472855629399","0.298892796039581","1.80201637744904","0.465254247188568",,,,,,,,,,,,,,,,,,,,,,,,"2.4066526889801","1.1380136013031","0","0","0.640111327171326","0.271952718496323","0","0","0.322319954633713"
"109.854726028442","-2.32189880013466","0.513261139392853","1046","48.7057266235352","1.2284334897995","1561.17333221436","101.829531669617","0.96571409702301","4.95286130905151","0.126156449317932","0.454424679279327","0.0824566558003426","0.596486806869507","0.0178344640880823","0","1.35394763946533","0.70307457447052","0.212397659821727","0.299357205629349","1.78757894039154","0.465587079524994",,,,,,,,,,,,,,,,,,,,,,,,"2.42376112937927","1.14900016784668","0","0","0.627484619617462","0.272375285625458","0","0","0.32857346534729"
"108.324566841125","1.62564844042063","0.514406979084015","1047","47.4947128295898","1.2410227060318","1582.58856506348","106.158541679382","0.970260143280029","4.95160531997681","0.126264929771423","0.451229959726334","0.0824650675058365","0.595162332057953","0.0177827700972557","0","1.35521411895752","0.709604561328888","0.238084256293951","0.299052804708481","1.83750605583191","0.465292513370514",,,,,,,,,,,,,,,,,,,,,,,,"2.42887330055237","1.15101993083954","0","0","0.63919472694397","0.272098332643509","0","0","0.329729646444321"
"103.407886505127","-0.385899758478627","0.514184713363647","1048","48.832893371582","1.21517395973206","1970.71364135742","104.268947792053","0.966230571269989","4.98581218719482","0.126688435673714","0.453087687492371","0.0823673382401466","0.606063008308411","0.0181629620492458","0","1.34569334983826","0.70183277130127","0.23355597705231","0.299330174922943","1.77404403686523","0.46554297208786",,,,,,,,,,,,,,,,,,,,,,,,"2.39216041564941","1.12956738471985","0","0","0.625270009040833","0.272350698709488","0","0","0.317553251981735"
"102.648882484436","0.0230352426791796","0.51517516374588","1049","48.0577621459961","1.23242235183716","1639.20430145264","107.808437538147","0.96767669916153","5.00929355621338","0.126881286501884","0.456801682710648","0.0817404091358185","0.595070064067841","0.0178446751087904","0","1.36240243911743","0.706700384616852","0.227287978612003","0.300042450428009","1.81187927722931","0.466096818447113",,,,,,,,,,,,,,,,,,,,,,,,"2.40692210197449","1.14352643489838","0","0","0.633973300457001","0.272998780012131","0","0","0.325450271368027"
"107.985645103455","-0.223610213311622","0.511188507080078","1050","50.5291709899902","1.22342228889465","1384.69667205811","98.7546592712402","0.96747487783432","4.92895221710205","0.12604832649231","0.448356866836548","0.0812844634056091","0.601265549659729","0.0181057620793581","0","1.33847856521606","0.70114004611969","0.235733390509267","0.298881500959396","1.81122577190399","0.464932411909103","0.082574374973774","0.225246787071228","0.927795946598053","0.171233236789703","0.0241323933005333","0.0650672763586044","0.0521301701664925","0.496553003787994","0.00686465296894312","0.28524848818779","0.144257515668869","0.117898896336555","0.828434467315674","0.268576145172119","1.17830061912537","0.606529116630554","0","0","0.0264166165143251","0.107272334396839","0","0","0.0915578380227089","2.41628050804138","1.14702296257019","0","0","0.624036312103271","0.271942466497421","0","0","0.327443540096283"
"104.974869728088","-0.805700800195336","0.517131686210632","1051","47.6867141723633","1.24567687511444","1444.20892028809","99.0365224838257","0.970281720161438","4.97453832626343","0.126579776406288","0.451696932315826","0.0808017924427986","0.598850786685944","0.0180037226527929","0","1.36257922649384","0.71162360906601","0.219162579395925","0.299802660942078","1.82494616508484","0.465860247612",,,,,,,,,,,,,,,,,,,,,,,,"2.42401719093323","1.15159487724304","0","0","0.642837226390839","0.27278059720993","0","0","0.330059111118317"
"121.511326980591","1.31146602332592","0.521197736263275","1052","48.8267135620117","1.24765861034393","1644.89440002441","111.707507705688","0.966300785541534","5.07141160964966","0.127691403031349","0.458975672721863","0.0822273194789886","0.596518099308014","0.017663836479187","0","1.36484277248383","0.713158130645752","0.231795102302567","0.300476253032684","1.84819340705872","0.466471016407013",,,,,,,,,,,,,,,,,,,,,,,,"2.41840505599976","1.14913856983185","0","0","0.645612597465515","0.273393452167511","0","0","0.328652560710907"
"92.8900186538696","-0.736500088125467","0.518039345741272","1053","48.7296752929688","1.24357008934021","1434.68015899658","97.7895872116089","0.970277786254883","5.00543928146362","0.126731604337692","0.459150671958923","0.0820514112710953","0.600127696990967","0.017980769276619","0","1.36260068416595","0.708421766757965","0.243967389517638","0.300446331501007","1.86208653450012","0.466578096151352",,,,,,,,,,,,,,,,,,,,,,,,"2.43944406509399","1.15695416927338","0","0","0.637065529823303","0.273366272449493","0","0","0.333138346672058"
"112.934923934937","-0.135758819158946","0.519341588020325","1054","48.7554016113281","1.25146341323853","1381.84509277344","103.301781272888","0.969938099384308","5.01063585281372","0.126900002360344","0.456819474697113","0.082503966987133","0.595410287380219","0.0177708342671394","0","1.36837923526764","0.712889432907104","0.226485133328242","0.30079111456871","1.89592492580414","0.46679100394249",,,,,,,,,,,,,,,,,,,,,,,,"2.43161249160767","1.15611851215363","0","0","0.645126163959503","0.273679971694946","0","0","0.332657277584076"
"98.2724941253662","-0.447547378344461","0.512943923473358","1055","47.9639167785645","1.22431409358978","1379.86150512695","97.4538012504578","0.968551218509674","5.02049827575684","0.12709105014801","0.455602288246155","0.0819347724318504","0.595856070518494","0.0177298001945019","0","1.34835600852966","0.702336072921753","0.23040718313423","0.299385845661163","1.8198174238205","0.465538382530212",,,,,,,,,,,,,,,,,,,,,,,,"2.41706991195679","1.1440452337265","0","0","0.626167118549347","0.272401362657547","0","0","0.325745671987534"
"101.057820034027","-0.112799239762535","0.513586759567261","1056","48.5612564086914","1.21808528900146","1531.69006652832","98.6938129425049","0.967900991439819","4.9571738243103","0.126223593950272","0.45431587100029","0.0826993137598038","0.598085939884186","0.0180361121892929","0","1.32902157306671","0.700569808483124","0.233633719605859","0.299872785806656","1.79882049560547","0.465753376483917",,,,,,,,,,,,,,,,,,,,,,,,"2.40842485427856","1.13783574104309","0","0","0.623021721839905","0.27284437417984","0","0","0.322219163179398"
"109.010629844666","0.695618007145822","0.517001926898956","1057","48.4585266113281","1.23848748207092","1604.06275787354","113.626650619507","0.964787244796753","5.04076147079468","0.127182811498642","0.460647493600845","0.0838703587651253","0.602113842964172","0.0180280450731516","0","1.3742082118988","0.710424602031708","0.239459155287477","0.300099104642868","1.81679546833038","0.466077774763107",,,,,,,,,,,,,,,,,,,,,,,,"2.41333484649658","1.14232075214386","0","0","0.64067280292511","0.273050308227539","0","0","0.324764341115952"
"93.7295399665832","0.185375745472265","0.51206511259079","1058","47.9753532409668","1.22716963291168","2028.76455535889","109.445785713196","0.968266129493713","4.99972915649414","0.126815795898438","0.454963564872742","0.0829749405384064","0.606328010559082","0.0182013101875782","0","1.36435413360596","0.704508721828461","0.249194303908735","0.298704117536545","1.84289383888245","0.464548707008362",,,,,,,,,,,,,,,,,,,,,,,,"2.41429829597473","1.14333486557007","0","0","0.630047202110291","0.27178105711937","0","0","0.325341284275055"
"97.8803771972656","0.802715860120952","0.509085536003113","1059","47.5034446716309","1.22400915622711","1677.84124145508","106.228500938416","0.967807650566101","4.94645500183105","0.126119807362556","0.453000277280807","0.0820674896240234","0.599621951580048","0.017863804474473","0","1.35115218162537","0.703856348991394","0.247202245960943","0.298716008663177","1.8458104133606","0.464913994073868",,,,,,,,,,,,,,,,,,,,,,,,"2.41658926010132","1.13980674743652","0","0","0.62888091802597","0.271791875362396","0","0","0.32333642244339"
"103.420380783081","0.346136987954378","0.523769319057465","1060","50.6853981018066","1.257768034935","1863.68031463623","112.268034362793","0.968641638755798","5.07652997970581","0.127837479114532","0.45714807510376","0.0823341533541679","0.598524391651154","0.0180982332676649","0","1.38698887825012","0.719810128211975","0.24146702552971","0.299762099981308","1.86762285232544","0.46599942445755","0.0828138440847397","0.225047439336777","0.902785062789917","0.173144206404686","0.0242589004337788","0.0656896308064461","0.0544223561882973","0.503633916378021","0.00702645210549235","0.285140037536621","0.144479155540466","0.117814421653748","0.83592826128006","0.268971979618073","1.18130052089691","0.605853915214539","0","0","0.0264978557825089","0.107195474207401","0","0","0.0913541167974472","2.41919350624084","1.14679181575775","0","0","0.657712697982788","0.272743701934814","0","0","0.327311605215073"
"103.780771827698","0.87343970015645","0.516905725002289","1061","48.6352958679199","1.24834787845612","1792.04682312012","111.071529960632","0.970662295818329","5.00902938842773","0.126835122704506","0.457863479852676","0.0831450149416924","0.601110816001892","0.0181461218744516","0","1.38255417346954","0.717089712619781","0.242419738144963","0.299477219581604","1.88224756717682","0.465447455644608",,,,,,,,,,,,,,,,,,,,,,,,"2.39784669876099","1.13941216468811","0","0","0.652750730514526","0.272484481334686","0","0","0.323112696409225"
"108.875567817688","-0.321893178438768","0.520347118377686","1062","48.5732307434082","1.25068700313568","1776.38667602539","109.645844841003","0.970300674438477","5.05420017242432","0.127450615167618","0.45879715681076","0.0841827988624573","0.601658344268799","0.0181997492909431","0","1.37247800827026","0.716747343540192","0.231230001110816","0.300561040639877","1.88611698150635","0.466762393712997",,,,,,,,,,,,,,,,,,,,,,,,"2.41845345497131","1.14289116859436","0","0","0.6521275639534","0.273470610380173","0","0","0.325088828802109"
"106.456728553772","1.86676654070616","0.515291392803192","1063","48.7690582275391","1.23380494117737","1780.83960418701","108.492350196838","0.967761635780334","4.9575080871582","0.126119762659073","0.457036852836609","0.0841294154524803","0.596283197402954","0.017704838886857","0","1.36397480964661","0.708293974399567","0.245125980360899","0.299879610538483","1.89559781551361","0.465901583433151",,,,,,,,,,,,,,,,,,,,,,,,"2.40219187736511","1.14118456840515","0","0","0.636835694313049","0.272850602865219","0","0","0.324118673801422"
"112.91384677887","1.42139075249434","0.520209193229675","1064","48.337532043457","1.26117622852325","1784.13307189941","111.107811069489","0.971043467521667","5.01298713684082","0.126880317926407","0.458167046308517","0.0835340693593025","0.595802664756775","0.0177435874938965","0","1.37051272392273","0.718554079532623","0.255764189118054","0.300469756126404","1.89904165267944","0.466449946165085",,,,,,,,,,,,,,,,,,,,,,,,"2.43188285827637","1.1556179523468","0","0","0.655419409275055","0.273387581110001","0","0","0.332369238138199"
"115.768077850342","0.564605578075862","0.517071604728699","1065","48.4917869567871","1.2575603723526","2033.225440979","118.971677970886","0.967945158481598","4.93469953536987","0.12565091252327","0.460410863161087","0.0830705314874649","0.597168505191803","0.0177906956523657","0","1.37134695053101","0.716916620731354","0.234689160132257","0.299863368272781","1.89463496208191","0.465959221124649",,,,,,,,,,,,,,,,,,,,,,,,"2.44112491607666","1.15547847747803","0","0","0.652435600757599","0.272835850715637","0","0","0.332289010286331"
"98.4491868972778","0.875436675641686","0.509700894355774","1066","47.6564750671387","1.22351574897766","1509.94950866699","105.069840049744","0.966794073581696","4.96877527236938","0.126520052552223","0.451090395450592","0.0835560411214828","0.595482647418976","0.0177137069404125","0","1.35210525989532","0.703411221504211","0.24624621096591","0.299258649349213","1.80702757835388","0.465249359607697",,,,,,,,,,,,,,,,,,,,,,,,"2.40538644790649","1.13946831226349","0","0","0.628085672855377","0.272285640239716","0","0","0.323144495487213"
"115.667915916443","-1.20626275017858","0.515722036361694","1067","48.1938858032227","1.24810826778412","1630.33675994873","102.829451942444","0.971983432769775","4.98949193954468","0.126555785536766","0.45776429772377","0.084488570690155","0.592415452003479","0.0179324522614479","0","1.3716127872467","0.712694466114044","0.214757602394093","0.300426542758942","1.87552905082703","0.466475516557693",,,,,,,,,,,,,,,,,,,,,,,,"2.42535877227783","1.15146827697754","0","0","0.644773423671722","0.273348242044449","0","0","0.329986542463303"
"103.262961769104","1.32664741128683","0.514442563056946","1068","47.6761779785156","1.24146676063538","2047.11285095215","108.701730918884","0.972397148609161","4.97217321395874","0.126360505819321","0.456354409456253","0.0837543606758118","0.598636031150818","0.0178859923034906","0","1.36057734489441","0.711534082889557","0.250795892221504","0.298762142658234","1.856693983078","0.464756369590759",,,,,,,,,,,,,,,,,,,,,,,,"2.43059825897217","1.14617085456848","0","0","0.642675578594208","0.271833866834641","0","0","0.326957255601883"
"116.625134658813","-1.99613033235073","0.514243125915527","1069","48.2825202941895","1.24075996875763","1620.46999664307","104.711274337769","0.968697488307953","4.8589653968811","0.124754123389721","0.455104678869247","0.0838676542043686","0.59429544210434","0.0175440050661564","0","1.37591552734375","0.709607124328613","0.212996845453745","0.299441158771515","1.86382806301117","0.465575039386749",,,,,,,,,,,,,,,,,,,,,,,,"2.42171168327332","1.14993631839752","0","0","0.639199197292328","0.27245169878006","0","0","0.329109042882919"
"108.629788208008","1.10209678336978","0.516407251358032","1070","50.4645080566406","1.24210584163666","1804.69777069092","112.50534362793","0.967462599277496","4.96297454833984","0.12597082555294","0.46270290017128","0.0848109126091003","0.5930455327034","0.0177177656441927","0","1.35443091392517","0.710679292678833","0.249327508933493","0.300632804632187","1.90084683895111","0.466573983430862","0.0826015248894691","0.225402891635895","0.944564163684845","0.173178806900978","0.024230170994997","0.0667277127504349","0.0544700957834721","0.508588254451752","0.00714693544432521","0.287302374839783","0.144397258758545","0.11823458969593","0.851337194442749","0.269201010465622","1.17946469783783","0.605864465236664","0","0","0.0264678224921227","0.10757777094841","0","0","0.0913572907447815","2.42779231071472","1.147012591362","0","0","0.641132235527039","0.273535907268524","0","0","0.327437698841095"
"117.639401435852","-0.747187471273355","0.512372493743896","1071","48.4123077392578","1.22940170764923","1513.24625244141","98.2739442825317","0.969455420970917","4.9132342338562","0.12546107172966","0.457336753606796","0.0843237712979317","0.604641318321228","0.0181155353784561","0","1.35285460948944","0.7050461769104","0.218110354468808","0.299861222505569","1.82162034511566","0.465697973966599",,,,,,,,,,,,,,,,,,,,,,,,"2.41874194145203","1.14371740818024","0","0","0.631008863449097","0.27283388376236","0","0","0.325559020042419"
"105.341560554504","1.73987298905849","0.516200304031372","1072","47.8875732421875","1.24859750270844","1600.30761871338","112.496376228333","0.966967046260834","4.88749980926514","0.125101864337921","0.456886231899261","0.0841209515929222","0.596404790878296","0.0176428519189358","0","1.37543106079102","0.712573826313019","0.245214173430577","0.299543440341949","1.86590945720673","0.465631514787674",,,,,,,,,,,,,,,,,,,,,,,,"2.43589782714844","1.15410184860229","0","0","0.644555032253265","0.272544741630554","0","0","0.331497699022293"
"108.600309753418","-0.510727148316801","0.512431383132935","1073","48.3777236938477","1.24044120311737","1512.48536529541","106.916875267029","0.969402611255646","4.99230146408081","0.126559555530548","0.458688467741013","0.0851579084992409","0.59412032365799","0.017791336402297","0","1.36667323112488","0.708906590938568","0.233148271701066","0.299137204885483","1.90394616127014","0.465237617492676",,,,,,,,,,,,,,,,,,,,,,,,"2.42878460884094","1.15206432342529","0","0","0.637937903404236","0.272175133228302","0","0","0.330328226089478"
"98.3625257492065","-0.209289996646112","0.512871146202087","1074","47.8179779052734","1.23946642875671","1630.22735290527","102.470049285889","0.970510601997375","4.90079832077026","0.125345304608345","0.455686151981354","0.0853729844093323","0.600430607795715","0.0176136549562216","0","1.35541439056396","0.709700107574463","0.230519033552264","0.299283504486084","1.90843033790588","0.465382039546967",,,,,,,,,,,,,,,,,,,,,,,,"2.41854381561279","1.14763212203979","0","0","0.639366805553436","0.272308230400085","0","0","0.327791452407837"
"109.745844650269","-2.23448735773563","0.516163229942322","1075","48.1632347106934","1.24365472793579","1622.04098052979","107.699596214294","0.967683494091034","4.93510675430298","0.125741049647331","0.458328038454056","0.084369920194149","0.598085761070251","0.0178943779319525","0","1.36550629138947","0.711922883987427","0.224477680856944","0.300657749176025","1.86985158920288","0.466572284698486",,,,,,,,,,,,,,,,,,,,,,,,"2.41103029251099","1.14575171470642","0","0","0.643378078937531","0.273558616638184","0","0","0.326718121767044"
"104.58698425293","-0.633774054702371","0.518343865871429","1076","47.5995559692383","1.25975668430328","1737.7715927124","115.514763259888","0.969012796878815","4.95535469055176","0.126095160841942","0.456868320703506","0.0851542577147484","0.600275754928589","0.0181548930704594","0","1.36812686920166","0.716711819171906","0.240851839294191","0.300693690776825","1.93421542644501","0.466795384883881",,,,,,,,,,,,,,,,,,,,,,,,"2.43894457817078","1.15862727165222","0","0","0.652062892913818","0.273591309785843","0","0","0.334102481603622"
"106.439877700806","1.06339963190258","0.511946201324463","1077","48.6256561279297","1.2217059135437","1757.50167999268","107.865069198608","0.965728878974915","4.93651819229126","0.125985965132713","0.452723503112793","0.0853820666670799","0.606847941875458","0.0183884259313345","0","1.36784148216248","0.706215083599091","0.243571193754906","0.29890975356102","1.78427934646606","0.465042918920517",,,,,,,,,,,,,,,,,,,,,,,,"2.38634896278381","1.12793278694153","0","0","0.63310295343399","0.271968185901642","0","0","0.316634804010391"
"104.685276031494","-0.870106404833496","0.515643179416656","1078","48.3994445800781","1.23950088024139","1597.94780731201","108.461747360229","0.968499481678009","4.94093227386475","0.125960901379585","0.454969048500061","0.0857135802507401","0.601896822452545","0.0179529134184122","0","1.3548572063446","0.710112333297729","0.224737108935369","0.300092399120331","1.82232749462128","0.466124534606934",,,,,,,,,,,,,,,,,,,,,,,,"2.42417311668396","1.14510035514832","0","0","0.640109717845917","0.273044228553772","0","0","0.326346814632416"
"103.249645805359","0.393036664370447","0.515331923961639","1079","48.6686019897461","1.24211490154266","1648.90236816406","107.111803436279","0.968374907970428","4.9974799156189","0.126689091324806","0.457328051328659","0.0863128006458282","0.602507889270782","0.01794140227139","0","1.36245560646057","0.710234224796295","0.240558078774484","0.299492716789246","1.89256286621094","0.465629130601883",,,,,,,,,,,,,,,,,,,,,,,,"2.43183302879333","1.1502468585968","0","0","0.640329480171204","0.272498607635498","0","0","0.329286843538284"
"112.214813995361","0.318831053655595","0.513539969921112","1080","50.805835723877","1.23551988601685","1490.39704742432","101.827447986603","0.971360683441162","4.93510580062866","0.1257513910532","0.458070814609528","0.0859534665942192","0.606914818286896","0.018266262486577","0","1.36764347553253","0.709438979625702","0.231600931505091","0.299901008605957","1.9404399394989","0.466005057096481","0.0824163779616356","0.225065588951111","0.941818714141846","0.17456129193306","0.024312399327755","0.0674610808491707","0.0557618774473667","0.509733378887177","0.00721071287989616","0.284946590662003","0.143986031413078","0.118143513798714","0.865224003791809","0.269198268651962","1.17633414268494","0.605519890785217","0","0","0.0263172816485167","0.107494905591011","0","0","0.0912534147500992","2.40720319747925","1.14054143428802","0","0","0.638896346092224","0.272870063781738","0","0","0.323753446340561"
"108.769481658936","-1.08416564585641","0.518063843250275","1081","48.0122261047363","1.24704110622406","1934.3356628418","103.020022773743","0.97264838218689","4.90678548812866","0.125551611185074","0.452724367380142","0.0863446146249771","0.605480909347534","0.0180656276643276","0","1.37523448467255","0.715265572071075","0.228705259622075","0.299301356077194","1.86461699008942","0.465508252382278",,,,,,,,,,,,,,,,,,,,,,,,"2.42488574981689","1.1432318687439","0","0","0.64943391084671","0.272324472665787","0","0","0.325282663106918"
"105.469927024841","-0.822758730780333","0.515104234218597","1082","48.1877479553223","1.24017488956451","1515.44533233643","93.5499182701111","0.973102748394012","4.97619438171387","0.126422718167305","0.456260651350021","0.0862622782588005","0.602385282516479","0.0179558265954256","0","1.36423313617706","0.710797607898712","0.225272439862601","0.299703925848007","1.89618575572968","0.465868413448334",,,,,,,,,,,,,,,,,,,,,,,,"2.42269611358643","1.14473485946655","0","0","0.641345739364624","0.272690773010254","0","0","0.326138466596603"
"102.931366920471","-0.701522978581488","0.514975607395172","1083","48.0706329345703","1.23712122440338","1646.03324890137","108.119639396667","0.969529807567596","4.98455190658569","0.126587122678757","0.455179989337921","0.0861277878284454","0.606723845005035","0.0183453653007746","0","1.36609816551208","0.710904359817505","0.232698982127476","0.299559682607651","1.85198879241943","0.465832650661469",,,,,,,,,,,,,,,,,,,,,,,,"2.41176128387451","1.13925457000732","0","0","0.641538381576538","0.272559523582458","0","0","0.323023289442062"
"109.477271080017","-0.859965209336951","0.518916547298431","1084","48.5615196228027","1.24255216121674","1583.97833862305","109.885719871521","0.966428101062775","4.95782661437988","0.126087233424187","0.457963198423386","0.0866075605154037","0.604849636554718","0.0179656874388456","0","1.36762642860413","0.712864279747009","0.237580939786858","0.299951612949371","1.8732031583786","0.465851724147797",,,,,,,,,,,,,,,,,,,,,,,,"2.41656398773193","1.14195311069489","0","0","0.64508068561554","0.27291613817215","0","0","0.324555397033691"
"109.824202156067","-0.333111262158491","0.513247549533844","1085","47.6670074462891","1.2400609254837","1689.65959625244","120.968510246277","0.967932462692261","4.96295833587646","0.126217052340508","0.456589579582214","0.0860944017767906","0.596194386482239","0.0175335537642241","0","1.36409389972687","0.710113346576691","0.239916825492401","0.299138635396957","1.87492907047272","0.465161055326462",,,,,,,,,,,,,,,,,,,,,,,,"2.42318224906921","1.14759957790375","0","0","0.640111565589905","0.272176414728165","0","0","0.327772885560989"
"105.18489074707","0.413572737574577","0.511553049087524","1086","48.1601867675781","1.22385692596436","1506.22864379883","106.466698074341","0.967509031295776","4.91208553314209","0.125443056225777","0.457366466522217","0.0865926519036293","0.601765275001526","0.0179132893681526","0","1.36044633388519","0.704036474227905","0.240371782780858","0.299922615289688","1.81053125858307","0.466010868549347",,,,,,,,,,,,,,,,,,,,,,,,"2.40600800514221","1.13703238964081","0","0","0.629202783107758","0.272889733314514","0","0","0.321764349937439"
"102.936673927307","-1.02551899515092","0.519195556640625","1087","48.2471694946289","1.25469172000885","1952.31914825439","118.72328338623","0.966116428375244","5.00519323348999","0.126678481698036","0.460385531187057","0.0880504697561264","0.59915554523468","0.0178858712315559","0","1.37225234508514","0.715261578559875","0.251009939762298","0.300973385572433","1.962073802948","0.466738700866699",,,,,,,,,,,,,,,,,,,,,,,,"2.42887163162231","1.15396547317505","0","0","0.649426639080048","0.273845791816711","0","0","0.331419378519058"
"108.188422012329","0.567566175817046","0.515294075012207","1088","48.3636627197266","1.23801815509796","1800.93420715332","108.28716468811","0.965925276279449","4.93325328826904","0.125762805342674","0.457114279270172","0.0871360674500465","0.601417005062103","0.0178754106163979","0","1.36734533309937","0.709728956222534","0.236391404260939","0.299327433109283","1.91297113895416","0.465376079082489",,,,,,,,,,,,,,,,,,,,,,,,"2.41651391983032","1.14493238925934","0","0","0.639418840408325","0.27234822511673","0","0","0.326251059770584"
"109.578527832031","0.730219908431172","0.513128578662872","1089","48.2149391174316","1.23268938064575","1669.187890625","106.738189506531","0.965961217880249","5.02281379699707","0.127067655324936","0.457034468650818","0.0865304619073868","0.601917505264282","0.0182444155216217","0","1.35495805740356","0.705370664596558","0.240610244561685","0.300652503967285","1.85970139503479","0.466625034809113",,,,,,,,,,,,,,,,,,,,,,,,"2.42849779129028","1.14720189571381","0","0","0.631589770317078","0.273553818464279","0","0","0.32754573225975"
"117.482440567017","0.650249342154712","0.511989951133728","1090","50.620059967041","1.22446751594543","1477.04517211914","101.550218772888","0.967714905738831","4.96958923339844","0.126303300261497","0.456845223903656","0.0864790678024292","0.600188672542572","0.0177828557789326","0","1.34378242492676","0.702312290668488","0.233738906159124","0.299783438444138","1.89078330993652","0.465911626815796","0.0825780034065247","0.2256810516119","0.934916317462921","0.173918083310127","0.0242682937532663","0.0673129707574844","0.0564365983009338","0.511859953403473","0.00724916392937303","0.284745454788208","0.143710181117058","0.118796594440937","0.876281917095184","0.270117998123169","1.17697596549988","0.605924487113953","0","0","0.0262165423482656","0.108089119195938","0","0","0.091375395655632","2.41563892364502","1.14375376701355","0","0","0.626124739646912","0.272763103246689","0","0","0.325579702854156"
"115.308560752869","-0.855577286332846","0.512134611606598","1091","48.398811340332","1.22069311141968","1465.95796813965","99.7474245071411","0.969543635845184","5.0312328338623","0.127170041203499","0.457518517971039","0.0873005613684654","0.602804899215698","0.0179717373102903","0","1.35452580451965","0.703881204128265","0.217516274901573","0.299358785152435","1.87204682826996","0.465344309806824",,,,,,,,,,,,,,,,,,,,,,,,"2.39462804794312","1.13283145427704","0","0","0.628925204277039","0.272376716136932","0","0","0.319391131401062"
"108.922163009644","-1.00875210886588","0.516193330287933","1092","48.6807823181152","1.24284601211548","1748.68719177246","107.286732673645","0.969453752040863","5.02611064910889","0.126998320221901","0.459965527057648","0.087126612663269","0.600056231021881","0.0179416742175817","0","1.36902725696564","0.71191930770874","0.218867900635814","0.300425440073013","1.85741877555847","0.466366112232208",,,,,,,,,,,,,,,,,,,,,,,,"2.41578650474548","1.14471507072449","0","0","0.643371522426605","0.273347228765488","0","0","0.326127201318741"
"96.7174108505249","-0.781694092229009","0.50786429643631","1093","47.6270980834961","1.21582925319672","1376.42590484619","93.955253982544","0.971040070056915","4.92077970504761","0.125619769096375","0.456136435270309","0.0874872356653214","0.604842185974121","0.0181551557034254","0","1.3515762090683","0.697819888591766","0.232335530107957","0.298787534236908","1.90552008152008","0.46457639336586",,,,,,,,,,,,,,,,,,,,,,,,"2.42036986351013","1.14419674873352","0","0","0.618140280246735","0.271856963634491","0","0","0.325831919908524"
"104.134316635132","0.455693311244249","0.512959718704224","1094","48.3837852478027","1.22208523750305","1379.90362091064","102.984340286255","0.965883791446686","5.02087020874023","0.127025574445724","0.457385361194611","0.0874431431293488","0.599394798278809","0.017808560281992","0","1.34495663642883","0.704011142253876","0.236432050407166","0.299185246229172","1.8663809299469","0.465455025434494",,,,,,,,,,,,,,,,,,,,,,,,"2.40891718864441","1.13516616821289","0","0","0.629157483577728","0.272218853235245","0","0","0.320708960294724"
"104.9365442276","-0.521577056124806","0.513359010219574","1095","48.0604438781738","1.22886526584625","1620.39509277344","95.1618041992188","0.973015129566193","4.96494626998901","0.126179054379463","0.458259344100952","0.0876736491918564","0.601809322834015","0.0180706046521664","0","1.35962235927582","0.70500773191452","0.222049351900932","0.299797296524048","1.95300805568695","0.46608304977417",,,,,,,,,,,,,,,,,,,,,,,,"2.41553092002869","1.14299809932709","0","0","0.630940020084381","0.272775709629059","0","0","0.325149595737457"
"111.696544456482","-0.547639709152281","0.511637389659882","1096","48.5176010131836","1.22829687595367","1701.23764343262","107.294207000732","0.965833246707916","4.96625280380249","0.126334443688393","0.454849034547806","0.0883830934762955","0.602879464626312","0.0179065689444542","0","1.35437905788422","0.703977286815643","0.234652669276693","0.299438536167145","1.93685150146484","0.46520334482193",,,,,,,,,,,,,,,,,,,,,,,,"2.41765379905701","1.14580845832825","0","0","0.629097044467926","0.272449314594269","0","0","0.326750546693802"
"109.814844894409","-0.691137494565919","0.510452449321747","1097","48.5011825561523","1.22207629680634","1574.46242675781","99.5098222732544","0.967042088508606","4.86963510513306","0.124879643321037","0.45588618516922","0.0878235325217247","0.602744698524475","0.0178503822535276","0","1.35211336612701","0.700635075569153","0.21971301031881","0.299678444862366","1.91610717773438","0.465502619743347",,,,,,,,,,,,,,,,,,,,,,,,"2.41716575622559","1.14496731758118","0","0","0.623137772083282","0.272667586803436","0","0","0.326270937919617"
"97.8336490631104","0.528694024588913","0.515879154205322","1098","48.0924644470215","1.25161862373352","1457.8559387207","105.473364830017","0.970382511615753","4.96674489974976","0.126123249530792","0.46029594540596","0.0883824527263641","0.604726552963257","0.0181014612317085","0","1.36853361129761","0.713777840137482","0.25431352010346","0.300026744604111","1.97310757637024","0.466155737638474",,,,,,,,,,,,,,,,,,,,,,,,"2.4316565990448","1.15480029582977","0","0","0.64673513174057","0.272984474897385","0","0","0.331899076700211"
"101.418503952026","-0.432180445827544","0.510958015918732","1099","48.4464988708496","1.22773408889771","1382.15531616211","96.6816873550415","0.971560716629028","4.90349054336548","0.125207349658012","0.460076153278351","0.0874246433377266","0.605399668216705","0.0179304201155901","0","1.36221444606781","0.704284131526947","0.243258138356032","0.299342960119247","1.8547238111496","0.465180814266205",,,,,,,,,,,,,,,,,,,,,,,,"2.41855788230896","1.14401078224182","0","0","0.629645645618439","0.272362351417542","0","0","0.32572603225708"
"118.956926727295","0.131226151343435","0.519794881343842","1100","50.6754417419434","1.25148057937622","1777.82649993896","119.617194366455","0.967957139015198","5.06763744354248","0.127461537718773","0.463365644216537","0.0878913924098015","0.603240430355072","0.017858387902379","0","1.37626719474792","0.715702831745148","0.240171974233817","0.300207316875458","1.90580534934998","0.465978413820267","0.0829195231199265","0.226396009325981","0.928305804729462","0.176721051335335","0.0244769845157862","0.0673980489373207","0.0568985231220722","0.509663224220276","0.00716795446351171","0.285621821880341","0.144356995820999","0.119223691523075","0.885286271572113","0.270825982093811","1.17846870422363","0.606222212314606","0","0","0.026453061029315","0.108477719128132","0","0","0.0914652124047279","2.4261269569397","1.14817821979523","0","0","0.650228261947632","0.273148775100708","0","0","0.328103512525558"
"102.777526664734","0.0700250067049637","0.510936439037323","1101","48.7435874938965","1.21941757202148","1459.14806213379","98.0173761367798","0.968014299869537","4.95480298995972","0.126106634736061","0.456380873918533","0.0879180282354355","0.60622501373291","0.0179561972618103","0","1.33705031871796","0.70005601644516","0.23737292063015","0.299542784690857","1.9050225019455","0.46550652384758",,,,,,,,,,,,,,,,,,,,,,,,"2.4185004234314","1.1423225402832","0","0","0.622108161449432","0.272544145584106","0","0","0.324765413999557"
"109.916630554199","-1.37357411757112","0.516590714454651","1102","49.2877426147461","1.23407781124115","1569.41445465088","99.8692365646362","0.969495832920074","5.03424692153931","0.127214655280113","0.457491666078568","0.0884647443890572","0.607817888259888","0.0181052964180708","0","1.3575291633606","0.710237979888916","0.233547849964816","0.299737989902496","1.86979591846466","0.465991139411926",,,,,,,,,,,,,,,,,,,,,,,,"2.3939061164856","1.1357159614563","0","0","0.640336275100708","0.272721737623215","0","0","0.321019768714905"
"114.666932487488","-1.32060101926327","0.518306493759155","1103","48.6180572509766","1.24297773838043","1649.07573394775","104.437902450562","0.969343423843384","5.06305170059204","0.127486050128937","0.461106508970261","0.0884010493755341","0.606237351894379","0.0183592792600393","0","1.3662496805191","0.709783673286438","0.212782924924977","0.301150262355804","1.95059907436371","0.467326909303665",,,,,,,,,,,,,,,,,,,,,,,,"2.42889618873596","1.15053820610046","0","0","0.639517307281494","0.274006724357605","0","0","0.329453706741333"
"112.69595413208","1.04104263484478","0.512109756469727","1104","49.1260948181152","1.22637915611267","1254.89583435059","94.1159456253052","0.971733808517456","5.04682445526123","0.127362787723541","0.458331674337387","0.088020920753479","0.608559966087341","0.018474480137229","0","1.35428607463837","0.705670416355133","0.241515832120785","0.300149351358414","1.9298449754715","0.466538518667221",,,,,,,,,,,,,,,,,,,,,,,,"2.41305923461914","1.13595771789551","0","0","0.632126748561859","0.273096054792404","0","0","0.32115638256073"
"105.422928619385","0.231480342740542","0.515455365180969","1105","48.6779632568359","1.23504030704498","1611.54708099365","101.635510826111","0.968362927436829","5.06467962265015","0.127463236451149","0.462261706590652","0.0878573283553123","0.601369440555573","0.0179890245199203","0","1.37168681621552","0.707463026046753","0.236364007479278","0.300697803497314","1.87591278553009","0.466778248548508",,,,,,,,,,,,,,,,,,,,,,,,"2.41337823867798","1.14467251300812","0","0","0.635342359542847","0.273595035076141","0","0","0.32610297203064"
"106.613354873657","0.710806989390403","0.516937553882599","1106","48.5053329467773","1.24136877059937","1660.23815002441","99.2734081268311","0.972404301166534","5.05935525894165","0.127418115735054","0.461472064256668","0.0887192934751511","0.604292869567871","0.0182183980941772","0","1.35882151126862","0.709507286548615","0.240841012398596","0.30101877450943","1.93740367889404","0.467031389474869",,,,,,,,,,,,,,,,,,,,,,,,"2.43278241157532","1.14880549907684","0","0","0.63901948928833","0.273887097835541","0","0","0.328462094068527"
"109.70089263916","-1.74143382459879","0.512035429477692","1107","47.9701766967773","1.22364032268524","1762.15597991943","107.469214916229","0.967268049716949","5.09236764907837","0.127804711461067","0.463684678077698","0.0887050405144691","0.605359256267548","0.018277183175087","0","1.35268259048462","0.704251229763031","0.225724165592692","0.300446838140488","1.89768731594086","0.466297507286072",,,,,,,,,,,,,,,,,,,,,,,,"2.39887475967407","1.13512694835663","0","0","0.629586756229401","0.273366719484329","0","0","0.320686846971512"
"108.672385597229","-1.05526069812477","0.517535924911499","1108","48.9754409790039","1.2419581413269","1899.7246673584","107.79735660553","0.970954596996307","5.11486387252808","0.128361344337463","0.457804501056671","0.0889678075909615","0.608348965644836","0.0182643085718155","0","1.36696898937225","0.711554765701294","0.241368942172267","0.300179421901703","1.95657920837402","0.466526061296463",,,,,,,,,,,,,,,,,,,,,,,,"2.41593098640442","1.14470589160919","0","0","0.642712831497192","0.273123383522034","0","0","0.326121985912323"
"116.281196403503","-1.62150164842606","0.51450389623642","1109","48.454776763916","1.23695921897888","2019.58027496338","113.774766731262","0.969390749931335","5.0342230796814","0.127003952860832","0.462746828794479","0.0891579538583755","0.609062671661377","0.018201993778348","0","1.37444698810577","0.709807276725769","0.227778670826228","0.299986600875854","1.88743114471436","0.465827345848083",,,,,,,,,,,,,,,,,,,,,,,,"2.41532969474792","1.14177012443542","0","0","0.639559924602509","0.272947937250137","0","0","0.324451386928558"
"104.671894073486","1.01434962786734","0.514342784881592","1110","50.7896728515625","1.23881793022156","1863.25676727295","110.409720230103","0.970533728599548","5.08331680297852","0.127774015069008","0.461200147867203","0.0898956581950188","0.608879089355469","0.0181537084281445","0","1.36252295970917","0.71016263961792","0.250557392879273","0.299494862556458","1.96834313869476","0.465427786111832","0.0827957764267921","0.22702731192112","0.946027398109436","0.179760590195656","0.0246902033686638","0.0678562745451927","0.058867022395134","0.513495802879333","0.00737554207444191","0.283551067113876","0.143465414643288","0.120485402643681","0.903160154819489","0.272240430116653","1.1699640750885","0.605589151382446","0","0","0.0261273123323917","0.109625712037086","0","0","0.0912742763757706","2.42082118988037","1.14469695091248","0","0","0.640200436115265","0.272500544786453","0","0","0.326116949319839"
"103.019958686829","-0.679977549985051","0.507120132446289","1111","48.3101387023926","1.20641183853149","1489.18092498779","97.319637298584","0.966176867485046","4.95945835113525","0.126288875937462","0.453509539365768","0.0889387652277946","0.608116090297699","0.0182581804692745","0","1.34090554714203","0.694072782993317","0.233237075778015","0.299577683210373","1.89489960670471","0.466042757034302",,,,,,,,,,,,,,,,,,,,,,,,"2.40511560440063","1.13800752162933","0","0","0.611519515514374","0.272575914859772","0","0","0.322316497564316"
"98.9719917297363","-0.714135396108031","0.503896474838257","1112","48.0350189208984","1.20968914031982","1826.93514251709","104.186148452759","0.968849301338196","4.95939111709595","0.1261066198349","0.458048045635223","0.087453618645668","0.608330726623535","0.0181189980357885","0","1.34323418140411","0.697536289691925","0.241783667216077","0.299046188592911","1.85953962802887","0.464982271194458",,,,,,,,,,,,,,,,,,,,,,,,"2.4054069519043","1.13383805751801","0","0","0.617637932300568","0.272092282772064","0","0","0.319958955049515"
"101.369325256348","0.974024848267436","0.51016092300415","1113","48.7736053466797","1.21444129943848","1824.41298675537","106.576104545593","0.966563522815704","5.12532377243042","0.128401890397072","0.460563570261002","0.0892302915453911","0.611007630825043","0.0183669663965702","0","1.34335327148438","0.697985172271729","0.252076073712669","0.299949944019318","1.88373756408691","0.465945035219193",,,,,,,,,,,,,,,,,,,,,,,,"2.40931153297424","1.13937842845917","0","0","0.618433177471161","0.272914588451385","0","0","0.323093503713608"
"107.267703819275","0.18562341335828","0.51103401184082","1114","48.2917022705078","1.23686373233795","1955.44426574707","115.584239768982","0.965916812419891","5.05424976348877","0.127427622675896","0.459392458200455","0.0883482024073601","0.607817888259888","0.0186020135879517","0","1.36056065559387","0.707112967967987","0.25630297344178","0.299524426460266","1.93258583545685","0.465543925762177",,,,,,,,,,,,,,,,,,,,,,,,"2.44532132148743","1.15083301067352","0","0","0.634713768959045","0.272527426481247","0","0","0.329622507095337"
"114.436408996582","0.0192406650807243","0.518609702587128","1115","48.0478782653809","1.2547333240509","1640.40422515869","103.548705673218","0.971379220485687","5.10340309143066","0.127937942743301","0.464315950870514","0.0894944667816162","0.60632461309433","0.0186096299439669","0","1.3802672624588","0.714936077594757","0.226827238942496","0.300711452960968","1.99105072021484","0.466635346412659",,,,,,,,,,,,,,,,,,,,,,,,"2.43904161453247","1.15548026561737","0","0","0.648835778236389","0.273607462644577","0","0","0.332290053367615"
"101.91694984436","0.401002319646068","0.50751405954361","1116","48.6972999572754","1.22019374370575","1717.32968139648","100.266109085083","0.972196340560913","5.05549335479736","0.127513855695724","0.457675188779831","0.0900056958198547","0.616915106773376","0.0185393039137125","0","1.33724546432495","0.69994729757309","0.24784844982787","0.299046844244003","1.9177006483078","0.465108573436737",,,,,,,,,,,,,,,,,,,,,,,,"2.42815136909485","1.14481794834137","0","0","0.621914923191071","0.272092908620834","0","0","0.326185911893845"
"103.812014770508","-0.0468018493615091","0.518048286437988","1117","48.912540435791","1.24755644798279","1812.2101348877","107.207234764099","0.970246255397797","5.12840843200684","0.128461003303528","0.460185199975967","0.0898172035813332","0.609002709388733","0.018790178000927","0","1.37447774410248","0.713418364524841","0.253264992462937","0.300867080688477","1.99699938297272","0.467208802700043",,,,,,,,,,,,,,,,,,,,,,,,"2.41894388198853","1.14751327037811","0","0","0.646083891391754","0.273749083280563","0","0","0.327723562717438"
"92.7121370315552","-0.805145977064967","0.507516384124756","1118","48.1408081054688","1.22572422027588","1443.35349121094","94.9531966209412","0.970254957675934","5.02485370635986","0.127039179205894","0.458488941192627","0.0881930887699127","0.60946661233902","0.0185129884630442","0","1.34529447555542","0.697775900363922","0.242614309262717","0.299786448478699","1.93439769744873","0.465972572565079",,,,,,,,,,,,,,,,,,,,,,,,"2.44556927680969","1.16000247001648","0","0","0.618062317371368","0.272765874862671","0","0","0.334896087646484"
"120.827386283875","-0.479542577452958","0.513882279396057","1119","48.5219078063965","1.22569787502289","1781.73317108154","102.743467330933","0.969259858131409","5.19311618804932","0.1292624771595","0.463241130113602","0.0893203541636467","0.614002227783203","0.0188000742346048","0","1.35724687576294","0.705035626888275","0.236547924386105","0.300242692232132","1.91734945774078","0.466373860836029",,,,,,,,,,,,,,,,,,,,,,,,"2.407874584198","1.13661277294159","0","0","0.630989968776703","0.273180961608887","0","0","0.321526944637299"
"118.849962997437","0.692910476587713","0.518400549888611","1120","50.9018363952637","1.2529901266098","1816.35959777832","116.625328445435","0.96647036075592","5.23400545120239","0.129686117172241","0.467181473970413","0.0900660008192062","0.609296202659607","0.0186108481138945","0","1.37895333766937","0.713445663452148","0.237234205784625","0.301287561655045","2.00284123420715","0.467554271221161","0.0828453227877617","0.227263376116753","0.953319609165192","0.185410246253014","0.0250899288803339","0.0684276819229126","0.0588908866047859","0.512514293193817","0.0073848539032042","0.282436400651932","0.14372393488884","0.121008530259132","0.918220520019531","0.273326545953751","1.17473828792572","0.604479551315308","0","0","0.0262215603142977","0.110101692378521","0","0","0.0909401178359985","2.44824075698853","1.15623652935028","0","0","0.646133303642273","0.274131655693054","0","0","0.332725167274475"
"117.193795967102","0.179536037158687","0.509483635425568","1121","48.2468948364258","1.22640931606293","2143.05311584473","118.554845428467","0.965960264205933","5.12895059585571","0.128419518470764","0.461426496505737","0.0891344919800758","0.611148953437805","0.0187245439738035","0","1.34558737277985","0.702167928218842","0.255173910650774","0.300245463848114","1.91846489906311","0.466513484716415",,,,,,,,,,,,,,,,,,,,,,,,"2.42248249053955","1.14687383174896","0","0","0.625867307186127","0.27318349480629","0","0","0.327358424663544"
"110.220453071594","0.306169554614462","0.516116499900818","1122","48.5847549438477","1.24227261543274","1326.85543518066","98.0777843475342","0.971531093120575","5.16701078414917","0.128992334008217","0.460681051015854","0.0901779383420944","0.613108217716217","0.0186150632798672","0","1.36569201946259","0.712378799915314","0.230287310871063","0.300259202718735","1.93967473506927","0.466446489095688",,,,,,,,,,,,,,,,,,,,,,,,"2.41571068763733","1.14251410961151","0","0","0.644202291965485","0.27319598197937","0","0","0.324874311685562"
"106.176987457275","-0.537641303986311","0.520013332366943","1123","49.0282325744629","1.25976741313934","1447.80305023193","99.1785343170166","0.97061687707901","5.17939710617065","0.129104107618332","0.462313771247864","0.0903589501976967","0.615752339363098","0.0188766997307539","0","1.37865138053894","0.715088784694672","0.231424111549859","0.301070421934128","2.03063106536865","0.46737465262413",,,,,,,,,,,,,,,,,,,,,,,,"2.45259642601013","1.16315734386444","0","0","0.64911299943924","0.273934096097946","0","0","0.336720198392868"
"112.13055229187","-0.430113653933222","0.517130196094513","1124","48.3920288085938","1.25229847431183","1948.26115112305","109.400409317017","0.968977093696594","5.12833786010742","0.128365457057953","0.462564885616302","0.0896801427006721","0.609309256076813","0.0184634383767843","0","1.36519646644592","0.714135766029358","0.248423088758136","0.300927042961121","1.99525940418243","0.467036366462708",,,,,,,,,,,,,,,,,,,,,,,,"2.43039894104004","1.15342855453491","0","0","0.647383868694305","0.273803651332855","0","0","0.331111013889313"
"102.934464836121","0.331683939183131","0.509931266307831","1125","48.6090278625488","1.23075461387634","1414.14488220215","99.5792976379394","0.969075798988342","5.19605112075806","0.129371225833893","0.461545467376709","0.089808776974678","0.615217685699463","0.018746018409729","0","1.35966289043427","0.705410122871399","0.252251015984802","0.300201803445816","1.95271861553192","0.466402679681778",,,,,,,,,,,,,,,,,,,,,,,,"2.42457175254822","1.14440476894379","0","0","0.631660461425781","0.273143768310547","0","0","0.325950443744659"
"96.6936858177185","-0.0922434645704925","0.510682225227356","1126","48.4594459533691","1.22976422309875","1535.65465087891","103.06178855896","0.968713879585266","5.16683626174927","0.128882572054863","0.463388025760651","0.0903013497591019","0.614571332931519","0.0188288595527411","0","1.35477805137634","0.704282581806183","0.255515896197176","0.300385415554047","2.02975583076477","0.466602504253387",,,,,,,,,,,,,,,,,,,,,,,,"2.42388844490051","1.1459139585495","0","0","0.62964278459549","0.273310840129852","0","0","0.32681068778038"
"111.588259124756","-0.592372823948972","0.517620205879211","1127","49.2267913818359","1.2519474029541","1960.19902954102","121.934204483032","0.967672169208527","5.05349493026733","0.127449691295624","0.458564966917038","0.0896159112453461","0.613772630691528","0.0190256424248219","0","1.3773136138916","0.71726131439209","0.240673303202493","0.301110804080963","1.93335962295532","0.467435419559479",,,,,,,,,,,,,,,,,,,,,,,,"2.40675377845764","1.14258289337158","0","0","0.653063058853149","0.273970812559128","0","0","0.324913442134857"
"101.325441169739","-0.211605496588163","0.514875531196594","1128","48.5035247802734","1.23299646377563","1547.9802444458","103.919709396362","0.969184219837189","5.10127592086792","0.128080740571022","0.459974676370621","0.0887857005000114","0.614361763000488","0.018724923953414","0","1.36924755573273","0.709346234798431","0.242880584689556","0.300539761781693","1.9184238910675","0.466699212789536",,,,,,,,,,,,,,,,,,,,,,,,"2.40234184265137","1.13535523414612","0","0","0.638729393482208","0.273451238870621","0","0","0.320815801620483"
"110.965941619873","-0.27647130258847","0.512708365917206","1129","48.389949798584","1.22763800621033","1882.71448516846","98.9639768600464","0.972365260124207","5.12204885482788","0.128355458378792","0.460552453994751","0.0892194956541061","0.610578179359436","0.0186662226915359","0","1.35448491573334","0.705163419246674","0.247499414571212","0.300726324319839","1.92626404762268","0.466991484165192",,,,,,,,,,,,,,,,,,,,,,,,"2.40083575248718","1.13885748386383","0","0","0.631218731403351","0.273621022701263","0","0","0.322798162698746"
"102.569109916687","0.326134046865627","0.518137037754059","1130","50.9904975891113","1.24954462051392","1490.40475769043","97.8378890991211","0.971410095691681","5.18237686157227","0.12910883128643","0.463265120983124","0.0884787067770958","0.610007107257843","0.0187936834990978","0","1.37285959720612","0.713532567024231","0.243559818158974","0.301442831754684","2.02356266975403","0.467538416385651","0.0827326029539108","0.228193640708923","0.944253027439117","0.184965789318085","0.025028994306922","0.0693600997328758","0.0572246946394444","0.515201807022095","0.0074046622030437","0.284189939498901","0.144230961799622","0.121319822967052","0.942975401878357","0.273516654968262","1.17219364643097","0.606012105941772","0","0","0.026406891644001","0.110384926199913","0","0","0.0914018228650093","2.43199276924133","1.14971244335175","0","0","0.64629077911377","0.274272948503494","0","0","0.328980892896652"
"111.240238761902","0.0498433771776035","0.508699536323547","1131","47.8188247680664","1.22727084159851","1762.82721862793","107.176465988159","0.965825319290161","5.02377796173096","0.127027809619904","0.458384066820145","0.0878329947590828","0.609736561775208","0.0185107905417681","0","1.34503710269928","0.702790856361389","0.24555183200282","0.30056557059288","1.9514502286911","0.466817229986191",,,,,,,,,,,,,,,,,,,,,,,,"2.42695808410645","1.14592635631561","0","0","0.62697833776474","0.273474752902985","0","0","0.326817750930786"
"102.579671287537","-0.323419455997646","0.51620876789093","1132","48.5342712402344","1.24218201637268","1539.21697998047","97.0770429611206","0.973484218120575","5.1432089805603","0.128549233078957","0.463289856910706","0.0890413448214531","0.61343777179718","0.0187616646289825","0","1.37157309055328","0.714155793190002","0.244130769086769","0.299519658088684","1.95178747177124","0.465808063745499",,,,,,,,,,,,,,,,,,,,,,,,"2.412766456604","1.13787031173706","0","0","0.647420108318329","0.272523105144501","0","0","0.322238773107529"
"110.103604125977","-1.50752194225788","0.511451482772827","1133","48.370964050293","1.22971510887146","1630.70215301514","104.8697473526","0.967988133430481","5.12903738021851","0.128354132175446","0.463099151849747","0.0896927714347839","0.616348445415497","0.0187375079840422","0","1.36097812652588","0.704902350902557","0.240049967635423","0.300349146127701","2.03939342498779","0.466495156288147",,,,,,,,,,,,,,,,,,,,,,,,"2.4231390953064","1.14394021034241","0","0","0.630751430988312","0.273277819156647","0","0","0.325685858726501"
"105.150603485107","-0.221759696630761","0.512351393699646","1134","48.7949867248535","1.23029482364655","1489.0381652832","97.1950600624084","0.972621142864227","5.15183162689209","0.128703460097313","0.462509542703629","0.0894803628325462","0.609818994998932","0.0186813939362764","0","1.34010314941406","0.704680800437927","0.23628367970523","0.300455987453461","1.94373893737793","0.466492861509323",,,,,,,,,,,,,,,,,,,,,,,,"2.42248558998108","1.14548277854919","0","0","0.630354940891266","0.273375064134598","0","0","0.326564788818359"
"120.647890853882","-1.64784107208252","0.507943868637085","1135","48.0135078430176","1.2259556055069","1658.50181884766","107.009718132019","0.967384696006775","5.12879991531372","0.128468468785286","0.460138440132141","0.0887708961963654","0.617705941200256","0.0191319081932306","0","1.36102330684662","0.701070368289948","0.2250818578701","0.30058690905571","1.97384560108185","0.466523557901382",,,,,,,,,,,,,,,,,,,,,,,,"2.42824363708496","1.14895737171173","0","0","0.623912334442139","0.273494184017181","0","0","0.32854899764061"
"110.593824195862","-0.391110850870609","0.51446008682251","1136","48.1381874084473","1.23987138271332","1563.30866699219","99.3539312362671","0.973491430282593","5.2292046546936","0.129817694425583","0.462143242359161","0.0882934480905533","0.618579566478729","0.0193843822926283","0","1.36947250366211","0.712109386920929","0.22617620289675","0.300674766302109","1.97599339485168","0.466898500919342",,,,,,,,,,,,,,,,,,,,,,,,"2.40866923332214","1.13847613334656","0","0","0.643715262413025","0.273574113845825","0","0","0.32258203625679"
"101.066065979004","-0.461775524890982","0.505409061908722","1137","48.2030181884766","1.20306706428528","1455.61493377686","95.2145437240601","0.967610120773315","5.17670106887817","0.129229709506035","0.458153307437897","0.0886726379394531","0.614931881427765","0.0189532209187746","0","1.3342592716217","0.693206906318665","0.236163206139463","0.299225509166718","1.98662960529327","0.465638279914856",,,,,,,,,,,,,,,,,,,,,,,,"2.40693616867065","1.13535702228546","0","0","0.60999470949173","0.272255480289459","0","0","0.320816844701767"
"98.9310961723328","0.912845175107941","0.50723797082901","1138","47.8994369506836","1.22466850280762","1480.40267486572","92.2097836494446","0.971914947032928","5.14637517929077","0.128627851605415","0.462451994419098","0.0883929952979088","0.617987513542175","0.0189781300723553","0","1.3430061340332","0.698587954044342","0.256570961489342","0.300591737031937","2.0320737361908","0.466735154390335",,,,,,,,,,,,,,,,,,,,,,,,"2.44108295440674","1.15439867973328","0","0","0.619501650333405","0.27349853515625","0","0","0.331668257713318"
"109.927451229095","-0.251728539192118","0.520145237445831","1139","48.5576515197754","1.26101231575012","1501.67698974609","105.421824264526","0.970573246479034","5.26187229156494","0.130074962973595","0.467316120862961","0.0896347761154175","0.611521124839783","0.0188467539846897","0","1.40065050125122","0.719445943832397","0.250068946636748","0.302077084779739","1.98139119148254","0.468029260635376",,,,,,,,,,,,,,,,,,,,,,,,"2.41971969604492","1.14994645118713","0","0","0.657047390937805","0.274850010871887","0","0","0.329114884138107"
"96.9025884628296","0.0827994739171118","0.505288779735565","1140","50.5981636047363","1.20834290981293","1275.5783493042","89.0905223846435","0.970177412033081","5.08880519866943","0.127937525510788","0.459073752164841","0.0888325944542885","0.614684224128723","0.018793722614646","0","1.33856534957886","0.697117388248444","0.245224255713401","0.299745053052902","1.91684997081757","0.46598681807518","0.0823826044797897","0.227573499083519","0.922189235687256","0.184997081756592","0.0250151194632053","0.0698855593800545","0.0585686862468719","0.520553410053253","0.00744657777249813","0.283763289451599","0.144095748662949","0.120625153183937","0.942440092563629","0.272885590791702","1.18524980545044","0.60621565580368","0","0","0.0263574048876762","0.109752863645554","0","0","0.0914632305502892","2.40254664421082","1.13163781166077","0","0","0.616896331310272","0.27272817492485","0","0","0.318718403577805"
"112.253558921814","-0.861553038284183","0.512511909008026","1141","48.289176940918","1.23096978664398","1724.25798950195","110.26960849762","0.966221868991852","5.2238245010376","0.129694566130638","0.463334202766418","0.0887514725327492","0.614757597446442","0.0186504442244768","0","1.36358594894409","0.707638919353485","0.240684990625596","0.300677686929703","1.92901253700256","0.466758459806442",,,,,,,,,,,,,,,,,,,,,,,,"2.41452050209045","1.13697993755341","0","0","0.635658323764801","0.273576766252518","0","0","0.321734666824341"
"104.803388977051","-0.771879604738206","0.510312259197235","1142","48.4988555908203","1.22819042205811","1530.94877624512","91.0916318893433","0.974507570266724","5.16167306900024","0.128937616944313","0.460141241550446","0.0889424458146095","0.612375199794769","0.0187327191233635","0","1.33889698982239","0.702788591384888","0.231759162640083","0.300803065299988","1.99769699573517","0.466917306184769",,,,,,,,,,,,,,,,,,,,,,,,"2.42534422874451","1.14716613292694","0","0","0.626974284648895","0.273690849542618","0","0","0.327525317668915"
"110.433065032959","0.168809196399525","0.506978154182434","1143","47.9167175292969","1.22846245765686","1704.95329437256","106.419362831116","0.969713091850281","5.09829378128052","0.128132119774818","0.45759791135788","0.0887440294027328","0.611804068088531","0.0189204756170511","0","1.3722198009491","0.704282402992249","0.245227778155822","0.29999828338623","2.00380229949951","0.466320931911469",,,,,,,,,,,,,,,,,,,,,,,,"2.4155592918396","1.14424848556519","0","0","0.629642486572266","0.27295857667923","0","0","0.325861394405365"
"106.084247779846","-0.817826154921204","0.50981992483139","1144","49.2974624633789","1.21935868263245","1402.76231536865","98.2738845825195","0.968242526054382","5.2846508026123","0.130696088075638","0.459681987762451","0.0892644971609116","0.612623035907745","0.0186595413833857","0","1.34006488323212","0.698930680751801","0.226522975531407","0.300313323736191","1.98620963096619","0.466388463973999",,,,,,,,,,,,,,,,,,,,,,,,"2.41407322883606","1.14449846744537","0","0","0.620109677314758","0.273245215415955","0","0","0.326003849506378"
"109.466783905029","-0.382873744145036","0.519745767116547","1145","48.7128868103027","1.25190663337708","1643.46430511475","106.062764167786","0.970634281635284","5.34058237075806","0.131276413798332","0.46491265296936","0.0898491740226746","0.609896063804626","0.0188064016401768","0","1.38646423816681","0.716239511966705","0.243572074989788","0.301885277032852","2.00217700004578","0.467912435531616",,,,,,,,,,,,,,,,,,,,,,,,"2.41879487037659","1.14453995227814","0","0","0.651203632354736","0.274675488471985","0","0","0.326027452945709"
"110.928685379028","-1.46072920709848","0.507983148097992","1146","48.9255027770996","1.22173821926117","1496.88175201416","108.207948684692","0.965287566184998","5.12722539901733","0.128541320562363","0.457723587751389","0.0900040715932846","0.613545119762421","0.0192102771252394","0","1.35068929195404","0.700194478034973","0.23113390361541","0.300696939229965","1.99733638763428","0.467006921768188",,,,,,,,,,,,,,,,,,,,,,,,"2.41692972183228","1.14412224292755","0","0","0.622354328632355","0.273594290018082","0","0","0.325789511203766"
"119.22876625061","-1.49156784564257","0.514313876628876","1147","48.1133651733398","1.24584639072418","2080.15032806396","116.058313751221","0.967764377593994","5.14019680023193","0.128549620509148","0.462199330329895","0.0896589830517769","0.607812166213989","0.0187185406684875","0","1.37280702590942","0.712022244930267","0.235782913281582","0.300762057304382","2.07946634292603","0.467166930437088",,,,,,,,,,,,,,,,,,,,,,,,"2.42985129356384","1.14910805225372","0","0","0.643557727336884","0.273653507232666","0","0","0.32863512635231"
"116.575524330139","-1.95722162723541","0.516875863075256","1148","48.6458435058594","1.24311292171478","2074.57063903809","108.131558227539","0.970122694969177","5.25593233108521","0.130119889974594","0.464062511920929","0.090570904314518","0.609991192817688","0.0186699144542217","0","1.3593076467514","0.710947334766388","0.218657755060121","0.301860094070435","2.00981545448303","0.468069911003113",,,,,,,,,,,,,,,,,,,,,,,,"2.42931962013245","1.14597284793854","0","0","0.64161604642868","0.274652570486069","0","0","0.326844274997711"
"101.997783279419","0.240098441950977","0.50659304857254","1149","48.5558891296387","1.20754778385162","1483.04609527588","95.3447358131409","0.970882773399353","5.22747707366943","0.129882454872131","0.459870994091034","0.0911571085453033","0.612856924533844","0.0187836177647114","0","1.34522891044617","0.696427941322327","0.242169126911904","0.299925088882446","1.92590224742889","0.466017037630081",,,,,,,,,,,,,,,,,,,,,,,,"2.39272379875183","1.1321005821228","0","0","0.615676641464233","0.272891968488693","0","0","0.318979173898697"
"102.029595756531","-1.05679818540812","0.514254987239838","1150","50.8997116088867","1.24122262001038","1246.13264770508","95.4145057678223","0.972296237945557","5.21652269363403","0.129618555307388","0.462638586759567","0.0909044742584229","0.613424360752106","0.0189082138240337","0","1.37387025356293","0.710305154323578","0.237684207613347","0.301250994205475","2.00805473327637","0.467332303524017","0.0823912546038628","0.22834800183773","0.934523940086365","0.187520653009415","0.0251980293542147","0.0699427723884583","0.0592996031045914","0.515715897083282","0.00733977183699608","0.283499419689178","0.144031032919884","0.121089227497578","0.951323747634888","0.27323704957962","1.18833994865417","0.607460141181946","0","0","0.0263337343931198","0.110175117850304","0","0","0.0918391570448875","2.42285060882568","1.14566171169281","0","0","0.640457451343536","0.27409839630127","0","0","0.326666802167892"
"131.635035133362","2.33855436444283","0.513268411159515","1151","68.1149444580078","1.31357717514038","2151.83842468262","169.008266830444","0.944106161594391","5.19996929168701","0.129446551203728","0.461046457290649","0.0901003554463387","0.609773755073547","0.0186739526689053","7.35516866445541","1.34758365154266","0.705000579357147","0.278353525087005","0.301117330789566","2.01182794570923","0.46724146604538",,,,,,,,,,,,,,,,,,,,,,,,"2.41109299659729","1.13979399204254","0","0","0.580516517162323","0.253509730100632","0.179885447025299","0","0.299665510654449"
"124.462289237976","-0.653903254400939","0.514737784862518","1152","66.9332580566406","1.32433974742889","1747.00649719238","135.956801986694","0.964858770370483","5.25297594070435","0.130190327763557","0.461208790540695","0.0907359719276428","0.608405768871307","0.0186064653098583","7.33616725206375","1.35514855384827","0.708038687705994","0.243695618497441","0.301030427217484","2.02319097518921","0.467076867818832",,,,,,,,,,,,,,,,,,,,,,,,"2.42414307594299","1.14890170097351","0","0","0.585530638694763","0.25343656539917","0.180898934602737","0","0.304473668336868"
"114.183902740479","-1.40148101523519","0.514505386352539","1153","66.3288040161133","1.32465183734894","1446.29929656982","122.353798675537","0.965559005737305","5.15441179275513","0.128658816218376","0.464554876089096","0.0909676477313042","0.604825019836426","0.018333688378334","6.81879606246948","1.35646426677704","0.706996560096741","0.246107707184274","0.301990330219269","2.01823401451111","0.467910408973694",,,,,,,,,,,,,,,,,,,,,,,,"2.43058633804321","1.15206408500671","0","0","0.583808243274689","0.254244714975357","0.180446803569794","0","0.306152135133743"
"110.602929496765","-0.370683559309691","0.511265158653259","1154","66.8034210205078","1.29870998859406","1757.44721832275","121.145748138428","0.96709132194519","5.3186182975769","0.13114769756794","0.460326701402664","0.0908026322722435","0.603404402732849","0.0181174464523792","7.52975028753281","1.332927942276","0.700195789337158","0.239283087159856","0.300806373357773","1.94633805751801","0.4668008685112",,,,,,,,,,,,,,,,,,,,,,,,"2.41135549545288","1.13813507556915","0","0","0.572630643844604","0.253247916698456","0.17403756082058","0","0.298793822526932"
"126.788180351257","0.98974498398602","0.518063426017761","1155","66.7287063598633","1.34098052978516","2572.40155487061","151.125622558594","0.964661121368408","5.26995992660522","0.130234107375145","0.466182172298431","0.090096078813076","0.607713580131531","0.0186230391263962","7.25027877092361","1.3817925453186","0.712717771530151","0.255288048833609","0.301651895046234","2.04323697090149","0.467655122280121",,,,,,,,,,,,,,,,,,,,,,,,"2.44514465332031","1.16118609905243","0","0","0.593295216560364","0.253959774971008","0.182705983519554","0","0.311019539833069"
"123.686859512329","-2.44549081027508","0.51493889093399","1156","66.425163269043","1.32735335826874","1575.00010375977","126.893644142151","0.965466320514679","5.28151702880859","0.130327135324478","0.467946410179138","0.0901342034339905","0.606759488582611","0.0185252968221903","6.55686628818512","1.35289859771729","0.708413779735565","0.219192746918998","0.302510619163513","2.01159143447876","0.46830490231514",,,,,,,,,,,,,,,,,,,,,,,,"2.43583607673645","1.15299487113953","0","0","0.586151123046875","0.254682749509811","0.179872468113899","0","0.306647002696991"
"128.545892524719","-0.102848743402865","0.518819153308868","1157","66.8522109985352","1.35179388523102","2753.75761413574","161.477717399597","0.965956270694733","5.24304485321045","0.129985675215721","0.462848842144012","0.0897127389907837","0.602267503738403","0.0183166153728962","7.25026812553406","1.38285827636719","0.718120574951172","0.247074160294142","0.301365792751312","2.09432101249695","0.467456877231598",,,,,,,,,,,,,,,,,,,,,,,,"2.43733763694763","1.15643274784088","0","0","0.602324247360229","0.253718882799149","0.187272295355797","0","0.30847841501236"
"124.820668792725","1.25760637223721","0.517723739147186","1158","65.5193939208984","1.34509944915771","1682.17208557129","128.559173965454","0.969116568565369","5.21681928634644","0.129482299089432","0.466181516647339","0.0884054154157639","0.605338156223297","0.0183713864535093","6.78401454687119","1.37894856929779","0.715716660022736","0.241150591883343","0.301927149295807","2.0566463470459","0.467994779348373",,,,,,,,,,,,,,,,,,,,,,,,"2.43863105773926","1.15692031383514","0","0","0.598298490047455","0.254191488027573","0.183870911598206","0","0.308738559484482"
"118.520396995544","-0.439078931882977","0.50951075553894","1159","66.5469665527344","1.30416762828827","2178.36146240234","135.515714073181","0.965149223804474","5.21034908294678","0.129426091909409","0.465285986661911","0.0889693945646286","0.603317201137543","0.0182646177709103","6.50794060230255","1.35195744037628","0.703942000865936","0.242004289271426","0.300993740558624","1.95246350765228","0.46711727976799",,,,,,,,,,,,,,,,,,,,,,,,"2.40114855766296","1.13548457622528","0","0","0.578774511814117","0.253405660390854","0.174583613872528","0","0.297403782606125"
"123.032281684875","1.30812470372766","0.510435581207275","1160","68.1733322143555","1.30598855018616","1817.92845306396","133.942529296875","0.963923513889313","5.1205883026123","0.12842208147049","0.458340764045715","0.0889025330543518","0.60767924785614","0.01825250685215","6.83973913192749","1.35514461994171","0.704333186149597","0.249929404768045","0.300339877605438","1.95062410831451","0.466267883777618","0.0826959684491158","0.290613025426865","0.939879655838013","0.187298968434334","0.0251841489225626","0.0698682069778442","0.0584791861474514","0.516440391540527","0.00723906978964806","0.286612302064896","0.14424592256546","0.12025623768568","0.944986164569855","0.27265852689743","1.18215894699097","0.606394410133362","0","0","0.024302039295435","0.10124334692955","0.0802483931183815","0","0.0848192423582077","2.41636252403259","1.1391361951828","0","0","0.579417943954468","0.252855181694031","0.174395710229874","0","0.299319744110107"
"111.974284267426","0.111728689167649","0.510374426841736","1161","66.116813659668","1.30011212825775","1587.407081604","120.992155075073","0.96449214220047","5.2022385597229","0.129471808671951","0.461222678422928","0.0894226059317589","0.602244913578033","0.0183505397289991","7.21914134025574","1.35213601589203","0.700043022632599","0.2389704091358","0.301121056079865","1.93682956695557","0.467081278562546",,,,,,,,,,,,,,,,,,,,,,,,"2.41566848754883","1.14242839813232","0","0","0.572380840778351","0.253512889146805","0.173166111111641","0","0.301052331924438"
"117.025309181213","-0.314311462262413","0.51427173614502","1162","66.644889831543","1.31656336784363","2170.98797454834","131.562576675415","0.9677454829216","5.26366901397705","0.130332604050636","0.461427628993988","0.0896082296967506","0.604343295097351","0.0183757320046425","7.1549195766449","1.35828363895416","0.709628999233246","0.246844049164793","0.301251441240311","1.94841718673706","0.467184334993362",,,,,,,,,,,,,,,,,,,,,,,,"2.41471695899963","1.14148032665253","0","0","0.58816385269165","0.253622651100159","0.174224033951759","0","0.300552874803543"
"119.812533760071","-0.267270154482685","0.511889100074768","1163","66.4059677124023","1.3287205696106","1804.99133148193","129.541075325012","0.970256924629211","5.14796829223633","0.128646805882454","0.462547302246094","0.0885896012187004","0.605265378952026","0.0184138007462025","6.92371629476547","1.37022650241852","0.710090398788452","0.248873889484094","0.300941228866577","2.0336754322052","0.467063933610916",,,,,,,,,,,,,,,,,,,,,,,,"2.43309092521667","1.14914095401764","0","0","0.588928997516632","0.253361493349075","0.181829631328583","0","0.304600536823273"
"110.540785217285","2.01626778095961","0.507061839103699","1164","65.932861328125","1.28948652744293","2030.04749755859","124.892312240601","0.96724534034729","5.09479236602783","0.128082752227783","0.457576185464859","0.0886096879839897","0.606469690799713","0.0182202495634556","6.85721517801285","1.32835078239441","0.697099268436432","0.259450455222395","0.299944013357162","1.90079188346863","0.466195672750473",,,,,,,,,,,,,,,,,,,,,,,,"2.41355133056641","1.13935792446136","0","0","0.567577183246613","0.252521932125092","0.169951185584068","0","0.299436271190643"
"118.176107788086","-2.24138553440571","0.513416826725006","1165","66.3282318115234","1.30465483665466","1592.57997741699","120.128010368347","0.965885400772095","5.23554277420044","0.12997667491436","0.460378229618073","0.0889634191989899","0.60124284029007","0.0178873986005783","6.3408252120018","1.34697782993317","0.705572664737701","0.225612306577386","0.300637185573578","1.91119718551636","0.466708779335022",,,,,,,,,,,,,,,,,,,,,,,,"2.40971946716309","1.13892531394958","0","0","0.581458985805511","0.253105491399765","0.170881390571594","0","0.299208909273148"
"132.823515510559","-0.108288433030248","0.520309925079346","1166","67.2979583740234","1.33591151237488","2054.03115997314","159.08225517273","0.960009276866913","5.25590753555298","0.130135014653206","0.463669747114182","0.0892174690961838","0.60323041677475","0.0183596927672625","6.72326301336288","1.36221849918365","0.715458989143372","0.242794601304922","0.301608592271805","1.99962270259857","0.467670619487762",,,,,,,,,,,,,,,,,,,,,,,,"2.4304780960083","1.1504408121109","0","0","0.597867727279663","0.253923326730728","0.178830489516258","0","0.30528998374939"
"107.224157333374","-0.688246890902519","0.507169902324677","1167","65.6324920654297","1.29167246818542","1735.12793273926","121.616766166687","0.967318892478943","5.10821151733398","0.128294602036476","0.457081019878387","0.0882086902856827","0.604512989521027","0.0181988477706909","6.67104468345642","1.34016847610474","0.698226869106293","0.234218493336812","0.299995452165604","1.87577247619629","0.466059625148773",,,,,,,,,,,,,,,,,,,,,,,,"2.41501927375793","1.14419460296631","0","0","0.569414794445038","0.252565234899521","0.167708531022072","0","0.301983922719955"
"121.193676567078","0.0231105194077827","0.513672232627869","1168","66.218505859375","1.310103058815","1711.72204437256","125.723307991028","0.968608915805817","5.17978811264038","0.129169657826424","0.46079608798027","0.0887383297085762","0.603071451187134","0.0178758651018143","7.08143634796143","1.35989105701447","0.708051443099976","0.234625323797809","0.30049866437912","1.93704736232758","0.466442614793777",,,,,,,,,,,,,,,,,,,,,,,,"2.40687894821167","1.1373416185379","0","0","0.585551738739014","0.252988874912262","0.173185110092163","0","0.298377394676208"
"110.911272239685","-1.29264258146286","0.507642567157745","1169","65.6310195922852","1.29458665847778","1534.77678527832","118.121141242981","0.968522489070892","5.12815046310425","0.128489151597023","0.459380894899368","0.0888169184327126","0.600070476531982","0.0178715009242296","7.25792055130005","1.33588492870331","0.697717726230621","0.222819518100005","0.300099760293961","1.92738223075867","0.466296494007111",,,,,,,,,,,,,,,,,,,,,,,,"2.41241717338562","1.14237928390503","0","0","0.568584620952606","0.252653032541275","0.172322481870651","0","0.301026463508606"
"120.103039169312","-0.766914216056466","0.509028375148773","1170","68.5858459472656","1.28224587440491","1437.00782928467","110.882567977905","0.969059824943542","5.2011342048645","0.129535213112831","0.459210991859436","0.0882537066936493","0.602172791957855","0.0178896971046925","7.13321499824524","1.34666705131531","0.697471261024475","0.221632248762762","0.299792319536209","1.86329352855682","0.465632677078247","0.0823839232325554","0.288703322410583","0.929932117462158","0.183446511626244","0.0249232407659292","0.0691642239689827","0.0576025918126106","0.517281651496887","0.00722000561654568","0.284264206886292","0.143398284912109","0.120058760046959","0.936264872550964","0.271908313035965","1.17583608627319","0.603822350502014","0","0","0.0240172632038593","0.10107709467411","0.0795077234506607","0","0.0841012373566628","2.3984522819519","1.13102984428406","0","0","0.568183064460754","0.252394199371338","0.166593879461288","0","0.295074790716171"
"129.120403289795","-1.00277297962457","0.519981741905212","1171","67.2577285766602","1.31872606277466","1798.32058563232","131.213182449341","0.968913555145264","5.27650260925293","0.130428239703178","0.463599145412445","0.0884892493486404","0.597110271453857","0.0178058445453644","6.98995074033737","1.356116771698","0.714699864387512","0.229782355215866","0.301650613546371","1.87742412090302","0.467598617076874",,,,,,,,,,,,,,,,,,,,,,,,"2.41219544410706","1.14093327522278","0","0","0.596599638462067","0.253958702087402","0.167902857065201","0","0.300264894962311"
"118.866821861267","0.348414366669022","0.5086749792099","1172","66.1954650878906","1.29817390441895","1780.80851898193","121.627473640442","0.96926748752594","5.18584823608398","0.129197388887405","0.462275862693787","0.0884770750999451","0.59674471616745","0.0178302694112062","6.94678461551666","1.33392429351807","0.702436625957489","0.238038350414718","0.300564616918564","1.90064609050751","0.4664526283741",,,,,,,,,,,,,,,,,,,,,,,,"2.41206836700439","1.13830780982971","0","0","0.576301753520966","0.25304439663887","0.169943258166313","0","0.298884510993958"
"118.082339859009","1.00607748925686","0.514230132102966","1173","66.5853881835938","1.30855202674866","1720.54167175293","118.684296226501","0.968355000019073","5.27837228775024","0.130353093147278","0.466172784566879","0.0890669375658035","0.596930503845215","0.0178092606365681","7.23284825086594","1.34862947463989","0.702701151371002","0.245098800130654","0.301917910575867","1.94597971439362","0.467828691005707",,,,,,,,,,,,,,,,,,,,,,,,"2.42181396484375","1.1472932100296","0","0","0.576735854148865","0.254183739423752","0.17401060461998","0","0.303621768951416"
"112.882979774475","0.673805630393326","0.516157925128937","1174","66.9560699462891","1.30621731281281","1666.6587677002","121.834080696106","0.966231167316437","5.29997062683105","0.130701765418053","0.465040266513824","0.0893595144152641","0.597689151763916","0.0179618410766125","7.20543053150177","1.34958124160767","0.705635190010071","0.241761071726796","0.301399290561676","1.9488353729248","0.46743980050087",,,,,,,,,,,,,,,,,,,,,,,,"2.40204429626465","1.13400423526764","0","0","0.581562101840973","0.25374710559845","0.174279317259789","0","0.296628832817078"
"119.74105758667","0.743509540578816","0.513679444789886","1175","66.1087799072266","1.3120539188385","1956.19371032715","130.942119979858","0.965760767459869","5.19880104064941","0.129369035363197","0.46258956193924","0.0882308259606361","0.597327947616577","0.0177642703056335","7.20664595365524","1.37521588802338","0.70848935842514","0.252982756117126","0.300955504179001","1.92105388641357","0.466903507709503",,,,,,,,,,,,,,,,,,,,,,,,"2.40996026992798","1.14165461063385","0","0","0.586276233196259","0.253373503684998","0.171759471297264","0","0.300644665956497"
"107.09545583725","0.588522152416408","0.511033892631531","1176","66.6609039306641","1.30083382129669","1785.0426574707","124.027627944946","0.96728652715683","5.09744262695313","0.128071755170822","0.458815395832062","0.0880912840366364","0.59468537569046","0.0176213979721069","6.65736310482025","1.35145354270935","0.702488780021667","0.257944742013933","0.300477355718613","1.91206312179565","0.466371178627014",,,,,,,,,,,,,,,,,,,,,,,,"2.41502714157104","1.14138746261597","0","0","0.576387286186218","0.252970933914185","0.170971572399139","0","0.300503969192505"
"127.001012992859","-1.10000681951642","0.518517911434174","1177","65.7107543945313","1.33066594600677","2834.5936630249","154.754758071899","0.959880173206329","5.11184549331665","0.12818455696106","0.46117576956749","0.0880886241793633","0.597761809825897","0.0178043395280838","7.14978756904602","1.36256504058838","0.715842604637146","0.256860861775931","0.301547080278397","1.93905866146088","0.467497289180756",,,,,,,,,,,,,,,,,,,,,,,,"2.42449045181274","1.14974272251129","0","0","0.598509013652802","0.253871530294418","0.173365846276283","0","0.304919600486755"
"127.771685409546","-0.983320984616876","0.5175701379776","1178","66.2210311889648","1.32694244384766","1944.25238647461","133.674865341187","0.965562522411346","5.11854791641235","0.128299936652184","0.460688382387161","0.0876159816980362","0.59057480096817","0.0173405762761831","6.90090982913971","1.36272931098938","0.711549282073975","0.232761892845156","0.301582187414169","1.94615697860718","0.467526137828827",,,,,,,,,,,,,,,,,,,,,,,,"2.42870163917542","1.15493607521057","0","0","0.591351389884949","0.253901094198227","0.174009472131729","0","0.307680457830429"
"111.301870918274","-1.41849568262696","0.505921304225922","1179","65.755859375","1.29484868049622","1530.56992797852","115.401672554016","0.969799399375916","5.0074028968811","0.126778542995453","0.458689123392105","0.0879590883851051","0.594465613365173","0.0173151176422834","7.01431258916855","1.34561991691589","0.697413563728333","0.227086773235351","0.300102263689041","1.9269894361496","0.466164261102676",,,,,,,,,,,,,,,,,,,,,,,,"2.42049193382263","1.14388728141785","0","0","0.568089008331299","0.252655118703842","0.172282859683037","0","0.301821678876877"
"112.908625411987","-0.180055500892922","0.511037051677704","1180","68.6420669555664","1.29203522205353","1425.42507324219","114.3151512146","0.966959893703461","5.11020278930664","0.127983182668686","0.465619593858719","0.0879821106791496","0.588864922523499","0.0170056577771902","6.93356713056564","1.34362304210663","0.695085942745209","0.241386531066382","0.301199913024902","1.93664276599884","0.466929167509079","0.082425445318222","0.288036346435547","0.944817066192627","0.182317554950714","0.0248139854520559","0.0699996575713158","0.0576552897691727","0.511976838111877","0.00702688377350569","0.283495247364044","0.143732294440269","0.120009146630764","0.921091377735138","0.271682411432266","1.17883801460266","0.6057990193367","0","0","0.0241292789578438","0.101035319268703","0.0782189667224884","0","0.08465276658535","2.41174912452698","1.14230263233185","0","0","0.564303278923035","0.253579258918762","0.173166707158089","0","0.300986051559448"
"107.572609519958","0.702299670875073","0.512931883335114","1181","65.8676834106445","1.30786859989166","2190.87586212158","116.215487480164","0.972499489784241","5.12462711334229","0.128396511077881","0.460447698831558","0.0885481759905815","0.594047069549561","0.0175132434815168","5.92176537513733","1.33906590938568","0.705877959728241","0.250099833443528","0.30053585767746","1.93628585338593","0.466315507888794",,,,,,,,,,,,,,,,,,,,,,,,"2.4172089099884","1.13999378681183","0","0","0.58196222782135","0.253020197153091","0.173115581274033","0","0.299770563840866"
"117.675236129761","1.40362710952759","0.511908411979675","1182","66.3063888549805","1.29487264156342","1752.35448150635","117.7200050354","0.967323899269104","5.12667369842529","0.128396317362785","0.46119087934494","0.0882751643657684","0.591021656990051","0.0171580426394939","6.88869514465332","1.3417102098465","0.702717244625092","0.249788629691466","0.300384879112244","1.89092397689819","0.46614271402359",,,,,,,,,,,,,,,,,,,,,,,,"2.39612507820129","1.13304793834686","0","0","0.5767622590065","0.252893090248108","0.169088587164879","0","0.296128749847412"
"109.87822971344","0.920842460542917","0.516634047031403","1183","66.2363739013672","1.31500911712646","1770.23856811523","133.000422668457","0.966703414916992","5.1186318397522","0.128230929374695","0.462452799081802","0.0888048186898232","0.590045094490051","0.0171821266412735","6.70070689916611","1.36828339099884","0.709700644016266","0.256383529890445","0.300474405288696","1.94537222385406","0.466458022594452",,,,,,,,,,,,,,,,,,,,,,,,"2.40878081321716","1.14010632038116","0","0","0.588282585144043","0.252968460321426","0.173928290605545","0","0.299829751253128"
"117.399226570129","-1.41685378551483","0.512878715991974","1184","65.4810562133789","1.29911267757416","1655.76979370117","123.034806632996","0.967598795890808","5.07366466522217","0.127722039818764","0.459020256996155","0.0881596058607101","0.595752060413361","0.0172008406370878","6.05954381227493","1.3485871553421","0.704129040241241","0.238834747916553","0.299897640943527","1.88469588756561","0.465587377548218",,,,,,,,,,,,,,,,,,,,,,,,"2.41189384460449","1.13860356807709","0","0","0.579082071781158","0.252482861280441","0.168507874011993","0","0.299039870500565"
"112.289259529114","0.942348961438984","0.506074249744415","1185","65.9805755615234","1.28480517864227","1490.17163085938","111.116551208496","0.968518197536469","4.93473196029663","0.125771075487137","0.457445949316025","0.0874525755643845","0.591132819652557","0.0169909875839949","6.1611975312233","1.33900153636932","0.695511698722839","0.238391214312287","0.299519270658493","1.89064645767212","0.465349346399307",,,,,,,,,,,,,,,,,,,,,,,,"2.40882754325867","1.13778483867645","0","0","0.564994871616364","0.252164334058762","0.169036000967026","0","0.298610001802444"
"107.057802772522","-1.32264370694757","0.518098533153534","1186","66.5625228881836","1.32313990592957","1841.64676971436","126.713942337036","0.968291938304901","4.99324321746826","0.126535654067993","0.459624171257019","0.0879263952374458","0.594266474246979","0.0171632301062346","6.92830018997192","1.39075064659119","0.716500639915466","0.239443594122713","0.300329715013504","1.90541136264801","0.46631196141243",,,,,,,,,,,,,,,,,,,,,,,,"2.41647005081177","1.14101159572601","0","0","0.599609851837158","0.252846628427505","0.170377433300018","0","0.300306081771851"
"112.338684844971","-0.0920109604950994","0.514042854309082","1187","66.2608184814453","1.29922771453857","2350.80088806152","134.577529335022","0.963274776935577","5.07537317276001","0.127668902277946","0.460970610380173","0.0878840759396553","0.595217943191528","0.0171390995383263","7.26627181768417","1.34534931182861","0.702387869358063","0.259369235151098","0.300269544124603","1.90924739837646","0.46616604924202",,,,,,,,,,,,,,,,,,,,,,,,"2.41178774833679","1.13943469524384","0","0","0.576221764087677","0.252795994281769","0.17073330283165","0","0.299476623535156"
"207.275823402405","0.649369410891086","0.518314719200134","1188","65.9814071655273","1.30507230758667","2086.11938476563","127.73823928833","0.968592762947083","5.09326887130737","0.127960681915283","0.460104644298553","0.0881354361772537","0.587334990501404","0.0170114561915398","6.81011700630188","1.35143268108368","0.710886001586914","0.26445456360525","0.300336837768555","1.86227118968964","0.46606507897377",,,,,,,,,,,,,,,,,,,,,,,,"2.40204167366028","1.13179564476013","0","0","0.590249359607697","0.252852618694305","0.166495829820633","0","0.295474499464035"
"118.138790512085","-0.359776382159907","0.515754699707031","1189","66.3358764648438","1.30853271484375","1768.72116851807","127.388375663757","0.968323886394501","5.07518672943115","0.12757733464241","0.463190764188766","0.0875640586018562","0.59315687417984","0.0171520039439201","6.10056308507919","1.35487234592438","0.708647429943085","0.24578901452478","0.301283955574036","1.86749172210693","0.467127352952957",,,,,,,,,,,,,,,,,,,,,,,,"2.425044298172","1.14296841621399","0","0","0.586537837982178","0.253650009632111","0.167007848620415","0","0.301337033510208"
"105.178380584717","-0.241953450068831","0.520197927951813","1190","69.3776779174805","1.3137686252594","1862.84509887695","123.410587120056","0.967950224876404","5.17816495895386","0.128936350345612","0.466089069843292","0.0888241305947304","0.58924388885498","0.0169438868761063","6.61146610975266","1.35860681533813","0.710487067699432","0.252473622071557","0.301846951246262","1.91304421424866","0.4675233066082","0.0824391692876816","0.287845343351364","0.929588198661804","0.183354809880257","0.0248966496437788","0.0698070079088211","0.0578467212617397","0.515225172042847","0.00711760763078928","0.282854050397873","0.143413156270981","0.120055884122849","0.923330724239349","0.271497189998627","1.18233561515808","0.604676604270935","0","0","0.0240222457796335","0.101074665784836","0.0784090608358383","0","0.084339365363121","2.40479040145874","1.13846898078918","0","0","0.589587152004242","0.254123985767365","0.171088218688965","0","0.298969179391861"
"104.342764663696","-0.96089082211256","0.505987048149109","1191","65.9751129150391","1.27126264572144","1575.3831451416","111.817206192017","0.967395305633545","5.02036380767822","0.126978725194931","0.458376228809357","0.0879546403884888","0.590046167373657","0.0166819281876087","6.34364330768585","1.33317089080811","0.693231105804443","0.242111490323441","0.299375146627426","1.81041860580444","0.46532666683197",,,,,,,,,,,,,,,,,,,,,,,,"2.41198539733887","1.13291704654694","0","0","0.561295747756958","0.252042979001999","0.161863550543785","0","0.296060383319855"
"127.87635345459","1.4629886329174","0.51302307844162","1192","65.7882843017578","1.30089890956879","1837.03073577881","121.746843528748","0.966458022594452","5.01421737670898","0.126846522092819","0.45945730805397","0.0874073654413223","0.58835905790329","0.0167303420603275","6.26232485771179","1.35814607143402","0.702622532844543","0.256210025725886","0.300112247467041","1.90972328186035","0.465989053249359",,,,,,,,,,,,,,,,,,,,,,,,"2.41814088821411","1.1420978307724","0","0","0.576606810092926","0.252663552761078","0.170750334858894","0","0.300878167152405"
"116.291497802734","-1.89571069031954","0.514501392841339","1193","66.4382629394531","1.29853701591492","1414.79847869873","106.163699817657","0.968549251556396","5.11031055450439","0.128171533346176","0.460950165987015","0.0891488566994667","0.587349832057953","0.016649292781949","5.90312079191208","1.3483749628067","0.700721561908722","0.216916368986131","0.300711989402771","1.89551830291748","0.466324657201767",,,,,,,,,,,,,,,,,,,,,,,,"2.42326688766479","1.14495003223419","0","0","0.573490917682648","0.25316846370697","0.169494777917862","0","0.302382826805115"
"113.241566467285","0.498970515286783","0.517593801021576","1194","67.2221755981445","1.31792104244232","1746.60906524658","123.042952537537","0.96726393699646","5.03241682052612","0.127046167850494","0.461046814918518","0.0892621502280235","0.586423277854919","0.0168527066707611","6.57519248723984","1.34019863605499","0.709046959877014","0.249041547279921","0.300998628139496","1.92636132240295","0.466890245676041",,,,,,,,,,,,,,,,,,,,,,,,"2.42854166030884","1.14999902248383","0","0","0.587199449539185","0.253409773111343","0.172256246209145","0","0.305055618286133"
"110.609235572815","0.449213354522362","0.509964823722839","1195","65.3611145019531","1.29611790180206","1733.79409179687","121.934450531006","0.966293394565582","4.98643112182617","0.126521363854408","0.457512736320496","0.0886014699935913","0.585860729217529","0.0166736170649529","6.8212521314621","1.34770965576172","0.702458798885345","0.257122057015658","0.299648195505142","1.85152971744537","0.465502321720123",,,,,,,,,,,,,,,,,,,,,,,,"2.41960120201111","1.14418423175812","0","0","0.576338112354279","0.252272874116898","0.165528506040573","0","0.301978409290314"
"123.308267402649","-1.52464568465948","0.514232218265533","1196","66.6352310180664","1.30510258674622","1661.82060699463","117.593163108826","0.968961298465729","4.97023963928223","0.126217111945152","0.459229558706284","0.0878135040402412","0.587957322597504","0.0167847853153944","6.21256904602051","1.35863542556763","0.705006241798401","0.217124769560178","0.300005078315735","1.90261173248291","0.465953499078751",,,,,,,,,,,,,,,,,,,,,,,,"2.41828417778015","1.14399182796478","0","0","0.580525755882263","0.252573311328888","0.170126587152481","0","0.301876932382584"
"100.474094963074","1.10890378709882","0.514247953891754","1197","66.1958160400391","1.30396974086761","1841.28690643311","122.426427268982","0.970350980758667","5.06908798217773","0.127747908234596","0.456706970930099","0.0883347764611244","0.587265253067017","0.0165990982204676","5.84917805194855","1.36037230491638","0.706857085227966","0.260824034447433","0.300009995698929","1.88886785507202","0.465926051139832",,,,,,,,,,,,,,,,,,,,,,,,"2.41521549224854","1.13838684558868","0","0","0.583577930927277","0.2525774538517","0.168888345360756","0","0.298926055431366"
"104.431655311584","-0.467108462483156","0.514106690883636","1198","67.1196365356445","1.30303490161896","1443.22361755371","117.351828575134","0.967399001121521","4.9839015007019","0.126365095376968","0.460490137338638","0.088443785905838","0.592858850955963","0.0169630367308855","6.24238823652267","1.34493768215179","0.705227792263031","0.258063108223723","0.300367563962936","1.85275197029114","0.466463297605515",,,,,,,,,,,,,,,,,,,,,,,,"2.4207136631012","1.14723813533783","0","0","0.580890715122223","0.25287851691246","0.165673077106476","0","0.303592622280121"
"125.302561187744","-1.23492935858667","0.518221259117126","1199","66.6858062744141","1.31436336040497","1856.54774017334","129.215325546265","0.967139482498169","5.09543132781982","0.127952098846436","0.461099684238434","0.0884596630930901","0.590265572071075","0.0169084854424","5.92871770858765","1.36789393424988","0.710556030273438","0.227687592111761","0.300844520330429","1.88311183452606","0.466707229614258",,,,,,,,,,,,,,,,,,,,,,,,"2.42138361930847","1.14609062671661","0","0","0.589701652526855","0.25328004360199","0.168396085500717","0","0.302985548973083"
"123.576621246338","-1.67984088659286","0.517314016819","1200","68.9538269042969","1.31223797798157","1928.30252685547","119.740383911133","0.970856904983521","5.19821786880493","0.129245832562447","0.465485692024231","0.0896283835172653","0.591193795204163","0.0166010577231646","6.68375698328018","1.3634147644043","0.71051412820816","0.21937658971292","0.300670862197876","1.89134430885315","0.466320961713791","0.0825670957565308","0.287283957004547","0.893331408500671","0.180065676569939","0.0246603824198246","0.0695623010396957","0.0586174167692661","0.513612687587738","0.00714545510709286","0.282162010669708","0.143677026033401","0.119968838989735","0.914089441299438","0.271312803030014","1.1811351776123","0.605420887470245","0","0","0.0241107251495123","0.101001389324665","0.077624723315239","0","0.0845471248030663","2.41697788238525","1.14107811450958","0","0","0.589632034301758","0.253133833408356","0.169130951166153","0","0.300341099500656"
"103.097826385498","-2.63839283883572","0.533685028553009","1201","50.035400390625","1.2448228597641","2574.38622436523","167.16214466095","0.930228471755981","3.22376036643982","0.139348030090332","0.583984792232513","0.0911255031824112","0.599697887897491","0.0180955622345209","0","1.38199436664581","0.725986957550049","0.130464100393874","0.330503523349762","1.21367120742798","0.494260013103485",,,,,,,,,,,,,,,,,,,,,,,,"2.45613408088684","1.1713262796402","0","0","0.63700008392334","0.279988974332809","0","0","0.32783380150795"
"69.076695728302","-1.69101526141167","0.531662940979004","1202","48.1009635925293","1.22763574123383","1778.42641601562","115.109172821045","0.962009429931641","3.25659489631653","0.140340805053711","0.580567717552185","0.0925126597285271","0.601512968540192","0.0179827325046062","0","1.37385642528534","0.72061026096344","0.137385241976517","0.329546242952347","1.18101024627686","0.493463635444641",,,,,,,,,,,,,,,,,,,,,,,,"2.42876052856445","1.15879738330841","0","0","0.627599656581879","0.279177993535995","0","0","0.320858091115952"
"70.6244124412537","-0.34410081107635","0.533792078495026","1203","48.9048881530762","1.23888397216797","1663.4083694458","119.875939750671","0.963650107383728","3.32077360153198","0.141571536660194","0.58952808380127","0.0922941341996193","0.603679537773132","0.018469549715519","0","1.38163924217224","0.724027276039124","0.149219324199657","0.330558925867081","1.21709179878235","0.494420915842056",,,,,,,,,,,,,,,,,,,,,,,,"2.44644236564636","1.16675937175751","0","0","0.633565723896027","0.28003591299057","0","0","0.325282394886017"
"68.3868887901306","-1.06836482286453","0.530682504177094","1204","47.4754981994629","1.23759722709656","1516.3153137207","117.208142852783","0.966692686080933","3.22862887382507","0.139791160821915","0.576844990253448","0.0913420096039772","0.600525856018066","0.0183068569749594","0","1.3839818239212","0.723522186279297","0.135346902895344","0.328734308481216","1.23523724079132","0.492772251367569",,,,,,,,,,,,,,,,,,,,,,,,"2.45073127746582","1.16880667209625","0","0","0.632682085037231","0.27849018573761","0","0","0.326424926519394"
"70.0873077392578","-0.100161626189947","0.537183940410614","1205","48.9541206359863","1.24816703796387","1678.51918945312","113.499643516541","0.967257857322693","3.30951690673828","0.141398772597313","0.587016522884369","0.0918495953083038","0.599709391593933","0.0183563679456711","0","1.38371801376343","0.725757420063019","0.139083930212473","0.331389784812927","1.2469322681427","0.495596796274185",,,,,,,,,,,,,,,,,,,,,,,,"2.45857954025269","1.17666673660278","0","0","0.636597275733948","0.2807397544384","0","0","0.330830007791519"
"61.6871704101562","1.29475005865097","0.531383574008942","1206","48.5144004821777","1.21937537193298","1429.37771606445","107.789457702637","0.963716328144073","3.3172173500061","0.141790613532066","0.582561731338501","0.0925412997603416","0.597169160842896","0.0182964354753494","0","1.36466085910797","0.715048611164093","0.149948514230346","0.331190913915634","1.20479822158813","0.495238929986954",,,,,,,,,,,,,,,,,,,,,,,,"2.42192029953003","1.15879130363464","0","0","0.617949366569519","0.280571281909943","0","0","0.320854693651199"
"66.1336484909058","0.999775595963001","0.530438959598541","1207","47.7853851318359","1.23386204242706","1519.06927947998","110.970209884644","0.963848233222961","3.22937059402466","0.139645382761955","0.58055579662323","0.0927163884043694","0.600168704986572","0.0182351972907782","0","1.39335954189301","0.719829916954041","0.149699583733491","0.330080986022949","1.24474990367889","0.494090586900711",,,,,,,,,,,,,,,,,,,,,,,,"2.44681239128113","1.17160487174988","0","0","0.626241147518158","0.279631018638611","0","0","0.327989786863327"
"67.2778539657593","1.38394156694412","0.532556653022766","1208","48.4760932922363","1.23867583274841","1595.87713165283","115.639299583435","0.966683030128479","3.26393127441406","0.140496924519539","0.581263065338135","0.0930086299777031","0.601366877555847","0.0186022222042084","0","1.38020443916321","0.722406387329102","0.15011247043476","0.330077886581421","1.23374664783478","0.494340717792511",,,,,,,,,,,,,,,,,,,,,,,,"2.44434976577759","1.17218613624573","0","0","0.630732119083405","0.279628396034241","0","0","0.328315258026123"
"61.4770554542541","0.496233673766255","0.524524390697479","1209","47.5296936035156","1.21720540523529","1694.61393432617","106.572668838501","0.964877843856812","3.20322394371033","0.139227643609047","0.574852049350739","0.0923213884234428","0.604279935359955","0.0184121038764715","0","1.35436177253723","0.710669279098511","0.14357900223149","0.32906448841095","1.25786793231964","0.493138194084167",,,,,,,,,,,,,,,,,,,,,,,,"2.44991326332092","1.17168068885803","0","0","0.61040335893631","0.278769880533218","0","0","0.328032225370407"
"67.1549916267395","-0.683757307194173","0.530336320400238","1210","50.8499069213867","1.23032999038696","1634.97777709961","111.584477996826","0.965563654899597","3.30598950386047","0.14168281853199","0.578560054302216","0.0935918539762497","0.606417596340179","0.0188316162675619","0","1.3789234161377","0.718526005744934","0.1359833294071","0.329921245574951","1.24693548679352","0.494205415248871","0.0824674218893051","0.214723572134972","0.906866610050201","0.0954314470291138","0.0251020677387714","0.0702663287520409","0.0585284046828747","0.516136586666107","0.00723240664228797","0.283343881368637","0.143702492117882","0.11999922990799","0.461727678775787","0.272109091281891","1.18457794189453","0.60723465681076","0","0","0.0249580387026072","0.101658403873444","0","0","0.0881071239709854","2.44139814376831","1.16958522796631","0","0","0.623974442481995","0.279495656490326","0","0","0.326859921216965"
"63.7912850379944","-0.929491455480456","0.531761527061462","1211","48.5286636352539","1.23207008838654","1367.050730896","94.0164060592651","0.97044450044632","3.27316188812256","0.140628531575203","0.583591282367706","0.0931630209088326","0.610073268413544","0.0187114756554365","0","1.37348413467407","0.718581020832062","0.129489581624603","0.330634504556656","1.24656915664673","0.494732946157455",,,,,,,,,,,,,,,,,,,,,,,,"2.45746493339539","1.17144477367401","0","0","0.62406998872757","0.280099928379059","0","0","0.327900141477585"
"66.1709456443787","0.29672103440389","0.529543697834015","1212","48.3531799316406","1.22034990787506","1537.5087020874","107.429601669312","0.966170310974121","3.30166172981262","0.141588732600212","0.578211188316345","0.0927283391356468","0.609258770942688","0.018833015114069","0","1.36777472496033","0.716164827346802","0.136297891619051","0.329734563827515","1.21570014953613","0.494019597768784",,,,,,,,,,,,,,,,,,,,,,,,"2.42824482917786","1.15929222106934","0","0","0.619880318641663","0.279337525367737","0","0","0.321132123470306"
"63.5224109649658","0.978122031129897","0.532686471939087","1213","48.4039077758789","1.23068130016327","1387.01726837158","99.0894956588745","0.970829546451569","3.30978083610535","0.141763404011726","0.57890659570694","0.0928080528974533","0.609282672405243","0.018867889419198","0","1.36691117286682","0.722565233707428","0.142476072164436","0.329760611057281","1.22086906433105","0.493928790092468",,,,,,,,,,,,,,,,,,,,,,,,"2.42588686943054","1.15781104564667","0","0","0.631009578704834","0.279359608888626","0","0","0.320312082767487"
"64.9683157920837","-1.56156742870808","0.530135273933411","1214","48.221508026123","1.22214996814728","1406.50359649658","96.2044895172119","0.970348358154297","3.30185651779175","0.141448721289635","0.581511557102203","0.0930244699120522","0.606117963790894","0.0187590774148703","0","1.35294389724731","0.715440690517426","0.13030380516102","0.330191999673843","1.25169992446899","0.494423389434814",,,,,,,,,,,,,,,,,,,,,,,,"2.44188070297241","1.16409337520599","0","0","0.618627309799194","0.279725044965744","0","0","0.323797553777695"
"67.8276152610779","-1.17611868977547","0.528681755065918","1215","48.5106925964355","1.22452902793884","1447.67164154053","102.558751678467","0.966425836086273","3.25415539741516","0.140336617827415","0.579257965087891","0.0924362391233444","0.607854783535004","0.0185771528631449","0","1.37221932411194","0.716936469078064","0.129876287965453","0.33010196685791","1.21900618076324","0.494258284568787",,,,,,,,,,,,,,,,,,,,,,,,"2.44638133049011","1.16385209560394","0","0","0.621216833591461","0.279648780822754","0","0","0.323663353919983"
"66.4974796295166","0.149719017068855","0.531878471374512","1216","48.7666854858398","1.23378241062164","1406.53743743896","106.815914154053","0.964993476867676","3.32495641708374","0.141949594020844","0.583384573459625","0.093001626431942","0.608791768550873","0.0187539756298065","0","1.39723217487335","0.720329344272614","0.140455219575961","0.330679208040237","1.25323712825775","0.494890779256821",,,,,,,,,,,,,,,,,,,,,,,,"2.44209337234497","1.16900217533112","0","0","0.627110421657562","0.280137777328491","0","0","0.326534122228622"
"60.9055481910706","-0.338076832634397","0.521356761455536","1217","48.3596343994141","1.19901728630066","1383.13429718018","97.7477139472961","0.966267108917236","3.26868081092834","0.140620112419128","0.581212162971497","0.0935777053236961","0.612413167953491","0.0189435314387083","0","1.35779345035553","0.706952095031738","0.142098905819375","0.329291671514511","1.23790645599365","0.493247270584106",,,,,,,,,,,,,,,,,,,,,,,,"2.41240644454956","1.15002846717834","0","0","0.604034602642059","0.278962314128876","0","0","0.316020399332047"
"62.7384602546692","1.32367091476917","0.522828340530396","1218","48.2557907104492","1.20828294754028","1545.60967407227","98.1952743530273","0.967196643352509","3.30341482162476","0.141399547457695","0.58351856470108","0.093845933675766","0.61607950925827","0.0191276520490646","0","1.35296475887299","0.707755744457245","0.145729127096092","0.330013573169708","1.24707353115082","0.494211435317993",,,,,,,,,,,,,,,,,,,,,,,,"2.43916010856628","1.16319930553436","0","0","0.605408668518066","0.279573917388916","0","0","0.323300391435623"
"67.4274286270142","0.0582172354101203","0.521362602710724","1219","47.9005241394043","1.20137286186218","1240.41420593262","92.0399656295776","0.968174159526825","3.30874800682068","0.141931593418121","0.574449360370636","0.0931798294186592","0.605779945850372","0.0186644941568375","0","1.36086630821228","0.707174897193909","0.12790092154828","0.329432904720306","1.23146140575409","0.493711739778519",,,,,,,,,,,,,,,,,,,,,,,,"2.41618084907532","1.15339910984039","0","0","0.60441529750824","0.279082000255585","0","0","0.317875534296036"
"64.4483258247376","-0.166279154409131","0.524995982646942","1220","50.4636535644531","1.21337628364563","1277.50956573486","90.9151279449463","0.967905104160309","3.35173439979553","0.142443418502808","0.587465226650238","0.0941640883684158","0.611327409744263","0.0190570950508118","0","1.35961449146271","0.710254430770874","0.126430462015378","0.331109613180161","1.24715566635132","0.494986414909363","0.0825854241847992","0.216937586665154","0.931044697761536","0.0997404754161835","0.0256843902170658","0.0711025893688202","0.0580610223114491","0.515575706958771","0.00733767496421933","0.285421222448349","0.14413483440876","0.121654212474823","0.472404330968857","0.273908525705338","1.18336725234985","0.609510183334351","0","0","0.0251084379851818","0.103060431778431","0","0","0.0887687131762505","2.43357944488525","1.16298794746399","0","0","0.60969090461731","0.280502408742905","0","0","0.323182910680771"
"72.9094035148621","-1.15812989249825","0.52887350320816","1221","48.7670516967773","1.23093664646149","1871.09404602051","118.544733428955","0.965032875537872","3.37243175506592","0.143181309103966","0.582472264766693","0.0936323404312134","0.609468519687653","0.0189694501459599","0","1.37664556503296","0.719576001167297","0.135862634551268","0.330507755279541","1.24775123596191","0.494559049606323",,,,,,,,,,,,,,,,,,,,,,,,"2.44313478469849","1.16651225090027","0","0","0.625799477100372","0.279992580413818","0","0","0.325144618749619"
"69.437551689148","-0.690974036278203","0.52935117483139","1222","48.0931243896484","1.23428809642792","1533.0451751709","112.342998695374","0.966889202594757","3.36759805679321","0.1429263651371","0.585534572601318","0.093451201915741","0.612155795097351","0.0192994400858879","0","1.36765396595001","0.720524251461029","0.14240532262229","0.330661863088608","1.30227243900299","0.494775950908661",,,,,,,,,,,,,,,,,,,,,,,,"2.44329571723938","1.16932618618011","0","0","0.627449870109558","0.280123114585876","0","0","0.326715141534805"
"65.8797071456909","-1.34194279015064","0.530026733875275","1223","48.4247398376465","1.22834384441376","1592.67208099365","105.322493171692","0.967462301254272","3.36917185783386","0.143161177635193","0.581063687801361","0.0945986211299896","0.611987113952637","0.0192192234098911","0","1.36473298072815","0.720866501331329","0.135091218216257","0.33017686009407","1.23800706863403","0.494296848773956",,,,,,,,,,,,,,,,,,,,,,,,"2.42755961418152","1.15830516815186","0","0","0.628046095371246","0.279712229967117","0","0","0.320585578680038"
"69.6895689964294","-0.614031703700311","0.523826420307159","1224","48.034740447998","1.22374725341797","1743.68440704346","114.974687194824","0.96501499414444","3.33147263526917","0.142266154289246","0.579909563064575","0.0943485945463181","0.612467646598816","0.0191359557211399","0","1.37710285186768","0.715482771396637","0.138405157797388","0.329755634069443","1.27319276332855","0.493983238935471",,,,,,,,,,,,,,,,,,,,,,,,"2.44122982025146","1.16749334335327","0","0","0.618700087070465","0.279355376958847","0","0","0.325691729784012"
"60.1631887435913","-0.188734409539029","0.52787321805954","1225","49.3543548583984","1.21972417831421","1408.01376647949","102.420115661621","0.969308614730835","3.3760781288147","0.143234923481941","0.583331882953644","0.0959846973419189","0.613227784633636","0.0192095208913088","0","1.37257969379425","0.715637683868408","0.140401910887158","0.330233514308929","1.27512621879578","0.494399428367615",,,,,,,,,,,,,,,,,,,,,,,,"2.42750930786133","1.1590461730957","0","0","0.618968069553375","0.279760211706161","0","0","0.32099586725235"
"72.932851600647","-0.327101418498205","0.530726194381714","1226","49.4405326843262","1.23085808753967","1682.1028427124","105.934587669373","0.967986404895782","3.39887523651123","0.143733859062195","0.584928095340729","0.0953433811664581","0.608680069446564","0.0192977786064148","0","1.36823976039886","0.720299184322357","0.188118933333317","0.33112108707428","1.24928271770477","0.495337158441544",,,,,,,,,,,,,,,,,,,,,,,,"2.43095016479492","1.16317713260651","0","0","0.627057909965515","0.280512124300003","0","0","0.323288083076477"
"75.4067428588867","-0.68105219299905","0.530794858932495","1227","48.4850044250488","1.23725116252899","1641.78351593018","108.645418930054","0.96949577331543","3.42319560050964","0.144301950931549","0.58575975894928","0.0949503108859062","0.615173995494843","0.0197905786335468","0","1.37971520423889","0.724201738834381","0.177408367515454","0.331096678972244","1.2912220954895","0.495178073644638",,,,,,,,,,,,,,,,,,,,,,,,"2.43066883087158","1.16245830059052","0","0","0.6338711977005","0.280491441488266","0","0","0.322888612747192"
"70.3887119293213","-0.534084875369444","0.529819369316101","1228","49.0943450927734","1.22951018810272","1351.91088104248","98.8809463500977","0.9690300822258","3.41800093650818","0.144253596663475","0.58390736579895","0.0955307483673096","0.613943994045258","0.0195439755916595","0","1.36441433429718","0.717357099056244","0.186957604232884","0.331482172012329","1.27824449539185","0.495664209127426",,,,,,,,,,,,,,,,,,,,,,,,"2.44832015037537","1.16938161849976","0","0","0.621945917606354","0.28081801533699","0","0","0.326746135950089"
"75.2643074035645","0.866895227879286","0.534377694129944","1229","48.7130508422852","1.24277448654175","1278.796824646","100.599948501587","0.968633353710175","3.4424774646759","0.144617170095444","0.589485347270966","0.0966068580746651","0.614446401596069","0.0194771327078342","0","1.38210129737854","0.722893893718719","0.191546139870479","0.332089513540268","1.31523609161377","0.496235519647598",,,,,,,,,,,,,,,,,,,,,,,,"2.44811654090881","1.17493736743927","0","0","0.631583690643311","0.281332552433014","0","0","0.329858243465424"
"76.0912569999695","-0.956291232258081","0.527080237865448","1230","50.5552978515625","1.21150517463684","1671.04527282715","101.282141685486","0.966119587421417","3.44537115097046","0.144962131977081","0.583186268806458","0.0961910411715508","0.616971850395203","0.0197125114500523","0","1.35589051246643","0.711744785308838","0.167281303454365","0.330949485301971","1.24328184127808","0.49523988366127","0.0830739587545395","0.218396663665771","0.934010624885559","0.104413717985153","0.0262888502329588","0.072423629462719","0.0608832500874996","0.517772436141968","0.00743960496038198","0.286370873451233","0.144699290394783","0.12345539778471","0.486359715461731","0.276566028594971","1.18483817577362","0.608603715896606","0","0","0.0253054834902287","0.104586325585842","0","0","0.088504858314991","2.41614103317261","1.15523099899292","0","0","0.612252295017242","0.280366778373718","0","0","0.318886131048203"
"67.0447096824646","-0.33301273167599","0.534093141555786","1231","49.1624946594238","1.23495674133301","1572.17118530273","99.4539232254028","0.970843553543091","3.447514295578","0.144759461283684","0.589080035686493","0.0958151966333389","0.617502808570862","0.0196114983409643","0","1.38005340099335","0.722422659397125","0.175142599037645","0.331584602594376","1.28447723388672","0.495826333761215",,,,,,,,,,,,,,,,,,,,,,,,"2.42564153671265","1.16318309307098","0","0","0.630760610103607","0.280904799699783","0","0","0.323291331529617"
"73.4638285636902","-1.50759190917015","0.528131723403931","1232","48.0564308166504","1.22890853881836","1615.96199188232","106.344232749939","0.970283269882202","3.43101358413696","0.144505307078362","0.585538864135742","0.0964951366186142","0.621639430522919","0.0197861567139626","0","1.37323439121246","0.719311475753784","0.177828787424369","0.330559283494949","1.26285696029663","0.494791597127914",,,,,,,,,,,,,,,,,,,,,,,,"2.44242143630981","1.16361749172211","0","0","0.625339388847351","0.280036211013794","0","0","0.32353287935257"
"71.5165397644043","0.20970747882966","0.526744604110718","1233","48.5939407348633","1.21730482578278","1384.36272277832","102.674428939819","0.963351190090179","3.40259337425232","0.143926218152046","0.582633078098297","0.0964262187480927","0.625403881072998","0.0200000982731581","0","1.36680889129639","0.712374091148376","0.190062879084871","0.331163197755814","1.29378807544708","0.495322197675705",,,,,,,,,,,,,,,,,,,,,,,,"2.4417781829834","1.16341733932495","0","0","0.613335430622101","0.280547827482224","0","0","0.323421597480774"
"68.6100646972656","0.0169682315085083","0.5310218334198","1234","48.413516998291","1.23351573944092","1301.54272918701","105.412159538269","0.966735661029816","3.40725708007813","0.143852487206459","0.586987793445587","0.0962630286812782","0.619121909141541","0.0197023190557957","0","1.38329076766968","0.719563782215118","0.19627846438816","0.330832839012146","1.27943432331085","0.494927495718002",,,,,,,,,,,,,,,,,,,,,,,,"2.44768333435059","1.17067539691925","0","0","0.625778198242188","0.280267953872681","0","0","0.32746958732605"
"88.8464372634888","-1.02626224979758","0.525137603282928","1235","48.442699432373","1.20839643478394","1422.44027557373","104.340225791931","0.962983250617981","3.41620469093323","0.144357100129128","0.580484390258789","0.0964425429701805","0.620882928371429","0.0195877738296986","0","1.35467481613159","0.708687484264374","0.173502375903627","0.330501765012741","1.29263520240784","0.494767755270004",,,,,,,,,,,,,,,,,,,,,,,,"2.43222212791443","1.15978479385376","0","0","0.607003748416901","0.27998748421669","0","0","0.321405112743378"
"75.3557283401489","1.10254482403398","0.531065106391907","1236","48.598575592041","1.22427034378052","1656.51835021973","105.979997825623","0.966999292373657","3.46043682098389","0.145232543349266","0.585529685020447","0.0969759672880173","0.618339955806732","0.0199980959296227","0","1.38211846351624","0.717839300632477","0.188648950932838","0.331312090158463","1.29015529155731","0.495583862066269",,,,,,,,,,,,,,,,,,,,,,,,"2.42868423461914","1.15871798992157","0","0","0.622782349586487","0.280673921108246","0","0","0.320814102888107"
"78.0773676872253","-0.0290908111259341","0.528821229934692","1237","48.5654258728027","1.22897326946259","1586.1408416748","104.125576782227","0.967879951000214","3.44754648208618","0.145132377743721","0.580475568771362","0.0966374278068542","0.614852786064148","0.019905798137188","0","1.3709602355957","0.717715501785278","0.184107941430557","0.331528931856155","1.27251100540161","0.495671093463898",,,,,,,,,,,,,,,,,,,,,,,,"2.43370580673218","1.16723573207855","0","0","0.622567653656006","0.280857652425766","0","0","0.325547993183136"
"80.8401614189148","-0.0924580534454435","0.528611421585083","1238","48.4565353393555","1.22785019874573","2069.81462402344","113.764036369324","0.964055240154266","3.44741058349609","0.14494626224041","0.584719121456146","0.0964424684643745","0.620086789131165","0.0198368057608604","0","1.37246000766754","0.715822160243988","0.18110407428976","0.331429243087769","1.31046521663666","0.495621174573898",,,,,,,,,,,,,,,,,,,,,,,,"2.45091128349304","1.17124760150909","0","0","0.619287312030792","0.280773192644119","0","0","0.327789753675461"
"77.7794480323792","-0.357037258904893","0.528556644916534","1239","48.332592010498","1.22833120822906","1357.30839233398","93.936287689209","0.971810162067413","3.40673422813416","0.144048899412155","0.582176983356476","0.0967034846544266","0.618942379951477","0.0199002530425787","0","1.37785017490387","0.718902111053467","0.176412596249429","0.331106334924698","1.29382312297821","0.495347917079926",,,,,,,,,,,,,,,,,,,,,,,,"2.43322038650513","1.1630254983902","0","0","0.624627828598022","0.280499637126923","0","0","0.32320374250412"
"78.1165260314941","-0.693607758684084","0.534450769424438","1240","50.7463417053223","1.23561668395996","1484.74504089355","104.015342140198","0.965872347354889","3.46227312088013","0.145160958170891","0.58822637796402","0.0979367718100548","0.61699241399765","0.0194993037730455","0","1.37869226932526","0.721759617328644","0.175962080873433","0.331660836935043","1.32033669948578","0.495890855789185","0.0828500762581825","0.218503698706627","0.943687558174133","0.108304731547832","0.0267858039587736","0.0733667463064194","0.0618791803717613","0.527166903018951","0.00764623144641519","0.28400069475174","0.144499555230141","0.123860590159893","0.496442139148712","0.27772530913353","1.17579483985901","0.608031272888184","0","0","0.0252356715500355","0.104929581284523","0","0","0.0883384495973587","2.4365062713623","1.16633188724518","0","0","0.629603326320648","0.280969381332397","0","0","0.32504403591156"
"70.4269269943237","1.3700086504221","0.529506385326385","1241","48.0473937988281","1.22757983207703","1507.81604919434","98.538578414917","0.969113051891327","3.4623806476593","0.145179688930511","0.587856411933899","0.0981990694999695","0.622267365455627","0.0199902281165123","0","1.36931276321411","0.718830287456512","0.199311588588171","0.331397324800491","1.3033549785614","0.49560472369194",,,,,,,,,,,,,,,,,,,,,,,,"2.43655705451965","1.16145348548889","0","0","0.624502956867218","0.280746161937714","0","0","0.322330594062805"
"72.9133731842041","-0.240626789070666","0.524649322032928","1242","48.8657035827637","1.20863628387451","1384.39907836914","99.2117183685303","0.965422034263611","3.41829872131348","0.143996879458427","0.589957058429718","0.098754808306694","0.62805837392807","0.0203907024115324","0","1.3490070104599","0.708726584911346","0.196995001798496","0.331297039985657","1.28656232357025","0.495534151792526",,,,,,,,,,,,,,,,,,,,,,,,"2.42590165138245","1.15888130664825","0","0","0.607070684432983","0.280661195516586","0","0","0.320904523134232"
"69.5641386032105","-0.841485418565571","0.529519855976105","1243","48.4863395690918","1.22453463077545","1616.29817352295","105.831360816956","0.965576946735382","3.41709208488464","0.144247427582741","0.583529889583588","0.098573349416256","0.623089075088501","0.0201606750488281","0","1.37333333492279","0.716237187385559","0.183517999082324","0.331450909376144","1.29868483543396","0.496018022298813",,,,,,,,,,,,,,,,,,,,,,,,"2.42816734313965","1.16398549079895","0","0","0.620005548000336","0.28079155087471","0","0","0.323737591505051"
"77.0702872276306","-1.02305811978877","0.524259567260742","1244","48.5770797729492","1.20544302463531","1429.65914154053","102.789606666565","0.962175846099854","3.41443872451782","0.144051447510719","0.586520314216614","0.0993951037526131","0.625533282756805","0.0202597267925739","0","1.35732221603394","0.708740711212158","0.193116946009104","0.331099003553391","1.27394926548004","0.495526850223541",,,,,,,,,,,,,,,,,,,,,,,,"2.42647290229797","1.15336120128632","0","0","0.607094883918762","0.280493438243866","0","0","0.317854672670364"
"69.453667640686","0.126485167187639","0.526646792888641","1245","48.6805648803711","1.21408843994141","1573.00882263184","105.575599098206","0.965476274490356","3.41525626182556","0.144246995449066","0.582488775253296","0.0988132506608963","0.629529118537903","0.0206384398043156","0","1.3509167432785","0.713838398456573","0.199323635901965","0.331114023923874","1.28913521766663","0.495661467313766",,,,,,,,,,,,,,,,,,,,,,,,"2.42385649681091","1.15312194824219","0","0","0.615859568119049","0.280506134033203","0","0","0.317722797393799"
"65.9607441902161","-0.583092056307942","0.525084137916565","1246","48.5119209289551","1.22092342376709","1471.06029815674","92.8404012680054","0.970176756381989","3.40891718864441","0.144155040383339","0.580977439880371","0.0981065556406975","0.618219137191772","0.0198249183595181","0","1.37161040306091","0.714724957942963","0.187844216500525","0.330684095621109","1.32108426094055","0.495209276676178",,,,,,,,,,,,,,,,,,,,,,,,"2.43981456756592","1.16336297988892","0","0","0.617390215396881","0.280141919851303","0","0","0.32339134812355"
"64.4312261581421","0.737010753341019","0.52596527338028","1247","47.9490165710449","1.22537446022034","1440.78592834473","100.920769500732","0.969035565853119","3.39365935325623","0.143635049462318","0.584214985370636","0.0991299748420715","0.621284902095795","0.0198638793081045","0","1.36554050445557","0.717161893844604","0.204289041104494","0.330916255712509","1.29182434082031","0.49509784579277",,,,,,,,,,,,,,,,,,,,,,,,"2.44699454307556","1.1634293794632","0","0","0.621607482433319","0.280338615179062","0","0","0.323428273200989"
"73.7703977584839","-1.2662068888545","0.53196907043457","1248","48.8790283203125","1.24128067493439","1423.30827941895","103.849466705322","0.969451904296875","3.44872522354126","0.144828602671623","0.588179647922516","0.099647544324398","0.624544441699982","0.0204049926251173","0","1.39432001113892","0.72499018907547","0.183415293070721","0.331844866275787","1.33337187767029","0.495960891246796",,,,,,,,,,,,,,,,,,,,,,,,"2.44085311889648","1.16607916355133","0","0","0.635252118110657","0.28112530708313","0","0","0.324903249740601"
"74.4716024398804","-1.77511918395758","0.523536801338196","1249","48.3909721374512","1.20941162109375","1606.96069793701","102.541111183167","0.966010451316833","3.47384929656982","0.145480588078499","0.587429642677307","0.100014254450798","0.626631259918213","0.0203198604285717","0","1.35874891281128","0.70844441652298","0.186892539123073","0.331287264823914","1.32530081272125","0.495525747537613",,,,,,,,,,,,,,,,,,,,,,,,"2.43478679656982","1.16116619110107","0","0","0.606587409973145","0.280652940273285","0","0","0.322171211242676"
"68.2732773780823","1.53900585174561","0.533102750778198","1250","51.1426124572754","1.23465049266815","1440.92342834473","100.361017227173","0.969218552112579","3.49640202522278","0.146040827035904","0.587278127670288","0.0994253531098366","0.622608840465546","0.0202431082725525","0","1.37715411186218","0.720620512962341","0.213997967173054","0.332298338413239","1.33053874969482","0.496780514717102","0.0828871130943298","0.21980194747448","0.944553852081299","0.112872056663036","0.0273425783962011","0.0749721750617027","0.0629914700984955","0.528545737266541","0.00788448844105005","0.284212410449982","0.144131675362587","0.125062704086304","0.513042151927948","0.27958744764328","1.18057382106781","0.609434485435486","0","0","0.0251073390245438","0.105947963893414","0","0","0.0887466445565224","2.4388542175293","1.16719162464142","0","0","0.627617537975311","0.28150948882103","0","0","0.325523465871811"
"78.5360926628113","-0.586328776623122","0.524484813213348","1251","48.3140830993652","1.22282779216766","1593.6727935791","103.880599594116","0.967884540557861","3.44445061683655","0.144853323698044","0.585178136825562","0.0997219681739807","0.62482088804245","0.02029724791646","0","1.38145744800568","0.715397715568542","0.186074696431751","0.330993503332138","1.30918204784393","0.495401442050934",,,,,,,,,,,,,,,,,,,,,,,,"2.44794392585754","1.16422486305237","0","0","0.618553042411804","0.280404031276703","0","0","0.323870718479156"
"67.6277012825012","-0.106764490716159","0.522573471069336","1252","48.7132263183594","1.21048009395599","1333.5799911499","98.1032697677612","0.966563761234283","3.47008609771729","0.145320028066635","0.588996350765228","0.0999131873250008","0.623229563236237","0.0202196054160595","0","1.35136699676514","0.706958413124084","0.187169715484924","0.331581473350525","1.34836280345917","0.495965719223022",,,,,,,,,,,,,,,,,,,,,,,,"2.4438054561615","1.16720795631409","0","0","0.604045391082764","0.280902147293091","0","0","0.325532525777817"
"70.8498359680176","-1.18922976702452","0.523851692676544","1253","48.1348190307617","1.20992207527161","1437.79462585449","100.752543830872","0.966643095016479","3.45983219146729","0.145378470420837","0.581795156002045","0.100788854062557","0.628243625164032","0.0205277148634195","0","1.37080407142639","0.710874974727631","0.187487630250689","0.330851316452026","1.29096364974976","0.495136737823486",,,,,,,,,,,,,,,,,,,,,,,,"2.42034673690796","1.15522289276123","0","0","0.610756754875183","0.280283600091934","0","0","0.318881630897522"
"67.3553689002991","-0.362517748586833","0.526894211769104","1254","48.7336006164551","1.22219562530518","1443.77679595947","94.8058769226074","0.969462931156158","3.45751285552979","0.145128503441811","0.586269199848175","0.0995210409164429","0.623785972595215","0.0203338377177715","0","1.35069155693054","0.711803734302521","0.19293179744127","0.331865638494492","1.3322377204895","0.496206074953079",,,,,,,,,,,,,,,,,,,,,,,,"2.45498776435852","1.1728709936142","0","0","0.61235374212265","0.281142890453339","0","0","0.328699052333832"
"70.925771522522","-0.473199784546159","0.532672226428986","1255","48.9368934631348","1.22894513607025","1996.89047241211","99.177082824707","0.968167126178741","3.48097348213196","0.14571039378643","0.586163461208344","0.100070215761662","0.623170793056488","0.020150238648057","0","1.36658847332001","0.718337953090668","0.18673217924661","0.332569718360901","1.35003209114075","0.496640622615814",,,,,,,,,,,,,,,,,,,,,,,,"2.4382472038269","1.16366243362427","0","0","0.62364786863327","0.281739354133606","0","0","0.323557883501053"
"75.4188572883606","0.229428813653067","0.526151239871979","1256","48.8086891174316","1.21901452541351","1503.48019714355","106.058723640442","0.969304919242859","3.45969414710999","0.145066529512405","0.588935494422913","0.100400008261204","0.627480566501617","0.0203728396445513","0","1.35904729366302","0.714905083179474","0.197384881752077","0.331373035907745","1.32062113285065","0.495651364326477",,,,,,,,,,,,,,,,,,,,,,,,"2.42022299766541","1.15830898284912","0","0","0.617701351642609","0.280725598335266","0","0","0.320587664842606"
"67.3318586349487","-1.55174392163754","0.52469402551651","1257","48.4729804992676","1.20609390735626","1305.14206542969","92.8263304710388","0.966454803943634","3.45371198654175","0.145031049847603","0.586354553699493","0.100914232432842","0.625746130943298","0.0200924500823021","0","1.34830164909363","0.707223415374756","0.18965302281722","0.331497550010681","1.33050835132599","0.495793402194977",,,,,,,,,,,,,,,,,,,,,,,,"2.4317364692688","1.15862858295441","0","0","0.604498267173767","0.280831038951874","0","0","0.320764571428299"
"71.974720287323","-1.28761321082711","0.527471601963043","1258","48.3426742553711","1.22109377384186","1584.49918060303","101.218461799622","0.967052698135376","3.48289251327515","0.145670831203461","0.588170289993286","0.100384935736656","0.625146508216858","0.0203493237495422","0","1.37186348438263","0.715343236923218","0.183859980064153","0.331713318824768","1.35282373428345","0.495978325605392",,,,,,,,,,,,,,,,,,,,,,,,"2.42949533462524","1.1601744890213","0","0","0.618458807468414","0.281013876199722","0","0","0.321621090173721"
"70.3752352714539","0.552167036058381","0.534502267837524","1259","49.1144523620605","1.23491656780243","1478.1107711792","100.905226898193","0.966767907142639","3.58603692054749","0.147780120372772","0.597553610801697","0.101003371179104","0.623919367790222","0.0202152281999588","0","1.36602199077606","0.720243453979492","0.19359984571056","0.33338388800621","1.38919866085052","0.49744924902916",,,,,,,,,,,,,,,,,,,,,,,,"2.4452052116394","1.16719734668732","0","0","0.626960933208466","0.282429099082947","0","0","0.325526565313339"
"71.4985172271729","-0.558727665990591","0.527795612812042","1260","50.5697364807129","1.21608769893646","1553.45532989502","92.6067741394043","0.970778584480286","3.48088455200195","0.145582303404808","0.58907413482666","0.10031146556139","0.627104878425598","0.0204239580780268","0","1.35747182369232","0.712785422801971","0.195206204823626","0.331841588020325","1.35724568367004","0.495910882949829","0.0835089236497879","0.222176015377045","0.940286815166473","0.11636271327734","0.0277889091521502","0.0752063766121864","0.0635294616222382","0.526793003082275","0.00775051722303033","0.2869952917099","0.145011723041534","0.127003878355026","0.519094288349152","0.281562656164169","1.19395780563354","0.610881865024567","0","0","0.0254148785024881","0.107592441141605","0","0","0.0891686826944351","2.4258131980896","1.15891134738922","0","0","0.614044010639191","0.281122505664825","0","0","0.320921182632446"
"68.2633905410767","-0.342696123220958","0.524019300937653","1261","48.3442001342773","1.22257578372955","1340.9364074707","97.344162273407","0.970456838607788","3.4989378452301","0.145986065268517","0.589983820915222","0.10043878108263","0.626987278461456","0.0203931070864201","0","1.35541534423828","0.71292108297348","0.197839339537313","0.331147074699402","1.36466479301453","0.495370984077454",,,,,,,,,,,,,,,,,,,,,,,,"2.4561915397644","1.17120158672333","0","0","0.614277720451355","0.280534148216248","0","0","0.327763974666595"
"82.365398311615","-1.36203125268221","0.532850682735443","1262","48.7581443786621","1.2434823513031","1494.38971710205","101.024297142029","0.969320952892303","3.54884839057922","0.1470727622509","0.593040406703949","0.101698257029057","0.630541145801544","0.0207591895014048","0","1.38451814651489","0.725938618183136","0.17326994293544","0.331751108169556","1.38980162143707","0.496019095182419",,,,,,,,,,,,,,,,,,,,,,,,"2.45517563819885","1.16718757152557","0","0","0.636915266513824","0.281045854091644","0","0","0.325521200895309"
"66.8494655609131","0.704141270555556","0.530390024185181","1263","48.7080726623535","1.22041511535645","1727.57306976318","109.537817764282","0.963465690612793","3.55756688117981","0.147440135478973","0.589427828788757","0.101900145411491","0.631593644618988","0.0206995643675327","0","1.36174988746643","0.719840824604034","0.210139015800814","0.332167506217957","1.34082686901093","0.496293604373932",,,,,,,,,,,,,,,,,,,,,,,,"2.40387058258057","1.14407396316528","0","0","0.626260221004486","0.281398624181747","0","0","0.312756329774857"
"70.7867309570313","0.342019337328384","0.526410043239594","1264","48.6744041442871","1.212651014328","1518.89754943848","100.194910621643","0.963958978652954","3.53321433067322","0.146788448095322","0.590806305408478","0.101392351090908","0.629218697547913","0.0207550842314959","0","1.35147547721863","0.709089279174805","0.203999356823624","0.331991463899612","1.37459826469421","0.496242552995682",,,,,,,,,,,,,,,,,,,,,,,,"2.44451212882996","1.16393458843231","0","0","0.607692241668701","0.281249493360519","0","0","0.32370924949646"
"71.0769844055176","-0.739710900839418","0.525026917457581","1265","48.5259895324707","1.21765291690826","1538.27371063232","96.4015091896057","0.966896593570709","3.5233998298645","0.146534651517868","0.591138362884521","0.101363807916641","0.628639698028564","0.0204979367554188","0","1.36010777950287","0.711633324623108","0.187143310885585","0.332416355609894","1.36160445213318","0.496588110923767",,,,,,,,,,,,,,,,,,,,,,,,"2.43717193603516","1.164426445961","0","0","0.612060606479645","0.281609445810318","0","0","0.323982924222946"
"66.1879681587219","0.116082922066562","0.52750563621521","1266","48.3143310546875","1.22115898132324","1328.44079284668","92.8663660049438","0.969578206539154","3.52602458000183","0.146668180823326","0.589528739452362","0.101393707096577","0.63257771730423","0.0211058706045151","0","1.36386120319366","0.715590119361877","0.211575232387986","0.331933408975601","1.34827947616577","0.496274501085281",,,,,,,,,,,,,,,,,,,,,,,,"2.43132734298706","1.15918529033661","0","0","0.61888575553894","0.28120031952858","0","0","0.321072936058044"
"68.0476997375488","0.951543068885803","0.530149936676025","1267","48.6417808532715","1.22070384025574","1479.38526306152","103.081039810181","0.966235399246216","3.62087988853455","0.148793593049049","0.593545377254486","0.102315001189709","0.625730216503143","0.0206526722759008","0","1.36153328418732","0.716835737228394","0.206525609624805","0.33259329199791","1.34035551548004","0.496802926063538",,,,,,,,,,,,,,,,,,,,,,,,"2.42359352111816","1.15344750881195","0","0","0.621042251586914","0.281759321689606","0","0","0.317902266979218"
"69.0393649101257","-0.54808939602226","0.527659475803375","1268","48.3675498962402","1.22268843650818","1526.55925445557","94.0650857925415","0.97052001953125","3.52047085762024","0.146646454930305","0.586881637573242","0.101651541888714","0.631044030189514","0.0208240356296301","0","1.36003279685974","0.715961158275604","0.19908272613975","0.331955194473267","1.35144746303558","0.496391355991364",,,,,,,,,,,,,,,,,,,,,,,,"2.43064618110657","1.16075265407562","0","0","0.619527816772461","0.281218767166138","0","0","0.321941763162613"
"75.2426740646362","1.64028735160828","0.524647533893585","1269","48.7715301513672","1.21734166145325","1785.75280914307","113.196076583862","0.9632288813591","3.5324170589447","0.14681813120842","0.589667141437531","0.101739801466465","0.634144484996796","0.0209873858839273","0","1.37349689006805","0.71187561750412","0.205452875021729","0.332176685333252","1.36931324005127","0.49629619717598",,,,,,,,,,,,,,,,,,,,,,,,"2.43704009056091","1.16348242759705","0","0","0.612477421760559","0.281406402587891","0","0","0.323457807302475"
"68.9582308769226","0.0404425722779706","0.528154313564301","1270","50.973991394043","1.22521162033081","1423.56075592041","100.891216373444","0.968262374401093","3.60186886787415","0.148526027798653","0.589087426662445","0.101930849254131","0.634715139865875","0.0211584605276585","0","1.36954617500305","0.715835154056549","0.204134083475219","0.3323734998703","1.42018437385559","0.496779143810272","0.0833346471190453","0.22222501039505","0.936925768852234","0.120366089046001","0.028271809220314","0.0761812850832939","0.063954584300518","0.530111491680145","0.00800635013729334","0.287776350975037","0.14444825053215","0.127765133976936","0.534076273441315","0.282689720392227","1.18740451335907","0.60951429605484","0","0","0.0252177584916353","0.108237355947495","0","0","0.0887698978185654","2.44111561775208","1.16504788398743","0","0","0.619309663772583","0.281573116779327","0","0","0.324328780174255"
"66.583567905426","0.389399449981283","0.532443642616272","1271","48.5396995544434","1.24227404594421","1506.57842254639","94.9265207290649","0.971416831016541","3.57324624061584","0.147633135318756","0.593785762786865","0.102705270051956","0.63201779127121","0.0209388099610806","0","1.38098514080048","0.722571194171906","0.208155490571517","0.332881361246109","1.40788996219635","0.497134953737259",,,,,,,,,,,,,,,,,,,,,,,,"2.45342445373535","1.17385470867157","0","0","0.631019949913025","0.282003372907639","0","0","0.329250663518906"
"75.6594728469849","-0.967866656929255","0.530379116535187","1272","49.0354843139648","1.22697949409485","1359.10893707275","96.1573402404785","0.96781849861145","3.58606886863708","0.14806717634201","0.590906381607056","0.102300085127354","0.629269957542419","0.0209298115223646","0","1.36902272701263","0.71795517206192","0.186813712818548","0.333110213279724","1.35973250865936","0.49723756313324",,,,,,,,,,,,,,,,,,,,,,,,"2.43148064613342","1.16049492359161","0","0","0.622983396053314","0.282197266817093","0","0","0.321798831224442"
"71.3593102455139","0.00745511120185256","0.531982243061066","1273","48.4874725341797","1.23937737941742","1427.79996643066","98.1717674255371","0.971077740192413","3.59555006027222","0.148300111293793","0.590813279151917","0.102219417691231","0.629190504550934","0.0210419371724129","0","1.38005220890045","0.722412943840027","0.195883570361184","0.332711100578308","1.39261877536774","0.496958643198013",,,,,,,,,,,,,,,,,,,,,,,,"2.45241212844849","1.16943252086639","0","0","0.630743622779846","0.281859129667282","0","0","0.326774597167969"
"68.6606457710266","-0.613532221503556","0.530998766422272","1274","48.5361442565918","1.24294137954712","1463.77448425293","100.262199497223","0.969686210155487","3.58359885215759","0.14803184568882","0.590336501598358","0.103481709957123","0.632666289806366","0.0209738370031118","0","1.38009214401245","0.722267031669617","0.199350319927908","0.332553207874298","1.41952478885651","0.496772795915604",,,,,,,,,,,,,,,,,,,,,,,,"2.45425605773926","1.17648375034332","0","0","0.630488872528076","0.281725376844406","0","0","0.330727100372314"
"71.5680351257324","0.177553187403828","0.526882529258728","1275","48.1771011352539","1.22833776473999","1811.8963104248","106.724331855774","0.968335449695587","3.5406129360199","0.147065714001656","0.588550508022308","0.102127656340599","0.625002562999725","0.0204060655087233","0","1.36965823173523","0.717421472072601","0.211744413260749","0.332331240177155","1.38723373413086","0.496522128582001",,,,,,,,,,,,,,,,,,,,,,,,"2.43550062179565","1.16579139232635","0","0","0.622057557106018","0.281537353992462","0","0","0.32474285364151"
"82.0242297172546","-1.4716307297349","0.529721975326538","1276","48.6584434509277","1.22919201850891","1794.66656188965","112.904879570007","0.965395987033844","3.5791494846344","0.147918865084648","0.5904620885849","0.103094056248665","0.630558788776398","0.0210199020802975","0","1.37499761581421","0.719954669475555","0.184338404147275","0.33259305357933","1.37620985507965","0.496800988912582",,,,,,,,,,,,,,,,,,,,,,,,"2.43010401725769","1.15900790691376","0","0","0.626458287239075","0.281759142875671","0","0","0.320974618196487"
"80.4514922142029","-1.13937185257673","0.532793283462524","1277","48.4822273254395","1.24213528633118","1692.71519012451","105.935136413574","0.965861022472382","3.60100960731506","0.148486763238907","0.589523136615753","0.102733202278614","0.628315806388855","0.0205976683646441","0","1.37926292419434","0.722949743270874","0.179411597241415","0.332462221384048","1.40551340579987","0.496816486120224",,,,,,,,,,,,,,,,,,,,,,,,"2.45259499549866","1.17306125164032","0","0","0.631681382656097","0.281648278236389","0","0","0.328805655241013"
"77.4753465652466","0.614446451274853","0.522983193397522","1278","48.2180442810059","1.21800541877747","1666.86027069092","109.969931602478","0.964634478092194","3.45064496994019","0.144957572221756","0.586302757263184","0.102160289883614","0.630848944187164","0.0207307711243629","0","1.37674415111542","0.713940560817719","0.210533589076658","0.331117928028107","1.40489363670349","0.495455473661423",,,,,,,,,,,,,,,,,,,,,,,,"2.43398380279541","1.15988433361053","0","0","0.616035759449005","0.280509442090988","0","0","0.321460217237473"
"72.8816087722778","-1.02720927912742","0.528475880622864","1279","48.6128463745117","1.22728931903839","1554.42654418945","106.307111930847","0.964759111404419","3.56513428688049","0.147531867027283","0.591568768024445","0.1029097661376","0.629123687744141","0.0209705661982298","0","1.3760267496109","0.716248452663422","0.193948761404317","0.332811921834946","1.38134217262268","0.497178047895432",,,,,,,,,,,,,,,,,,,,,,,,"2.44328117370605","1.16682636737823","0","0","0.620025098323822","0.281944543123245","0","0","0.325319737195969"
"70.9077822685242","0.307649794487952","0.520804286003113","1280","50.7697601318359","1.2004554271698","1431.00483856201","91.4693271636963","0.970258831977844","3.54907965660095","0.147408619523048","0.585341989994049","0.102834232151508","0.636456489562988","0.0209810715168715","0","1.34449887275696","0.706185042858124","0.201368211419322","0.332156151533127","1.3658264875412","0.496627181768417","0.0832987129688263","0.221859470009804","0.936872661113739","0.120794102549553","0.0282854661345482","0.0775713250041008","0.0648630112409592","0.532191336154938","0.00807075947523117","0.284644186496735","0.143966525793076","0.12801006436348","0.542709708213806","0.282761245965958","1.17954659461975","0.608121871948242","0","0","0.0250498354434967","0.108444854617119","0","0","0.0883647724986076","2.40717315673828","1.15061318874359","0","0","0.602724552154541","0.281388998031616","0","0","0.31634184718132"
"81.0661025047302","-0.681911105662584","0.5241579413414","1281","48.1254501342773","1.21723759174347","1843.86067657471","110.877977371216","0.962883532047272","3.54156422615051","0.147062316536903","0.589169263839722","0.101475350558758","0.631740391254425","0.020927906036377","0","1.34765183925629","0.71360182762146","0.189475883844716","0.331981420516968","1.37033760547638","0.496337920427322",,,,,,,,,,,,,,,,,,,,,,,,"2.43317365646362","1.15823221206665","0","0","0.615451395511627","0.281240999698639","0","0","0.320545166730881"
"71.7989796638489","0.0767888518283144","0.531687200069427","1282","48.3955345153809","1.24012100696564","1821.49065246582","112.836991882324","0.965986549854279","3.61703777313232","0.148808166384697","0.591038763523102","0.102576062083244","0.63100254535675","0.0211662147194147","0","1.37181293964386","0.722328662872314","0.217286701998091","0.33315497636795","1.42341506481171","0.49738022685051",,,,,,,,,,,,,,,,,,,,,,,,"2.44221115112305","1.17035329341888","0","0","0.630596399307251","0.28223517537117","0","0","0.327289372682571"
"66.6288596153259","0.173643272649497","0.526348531246185","1283","48.7790679931641","1.21606254577637","1273.12638702393","93.9122982025146","0.968092083930969","3.58689022064209","0.148182198405266","0.588676154613495","0.10324165225029","0.629441440105438","0.0208027269691229","0","1.36608350276947","0.711436331272125","0.207940875986242","0.332774490118027","1.37839078903198","0.496954292058945",,,,,,,,,,,,,,,,,,,,,,,,"2.42889809608459","1.16162884235382","0","0","0.611721694469452","0.281912833452225","0","0","0.322428017854691"
"69.8169425010681","-1.39635142758489","0.525647103786469","1284","48.3897171020508","1.2109876871109","1669.53844299316","100.774675369263","0.968563258647919","3.60714173316956","0.148782819509506","0.58602249622345","0.102331101894379","0.630653142929077","0.0211560111492872","0","1.35531687736511","0.712460160255432","0.193503325773054","0.331411838531494","1.40332293510437","0.495733439922333",,,,,,,,,,,,,,,,,,,,,,,,"2.41578936576843","1.15134716033936","0","0","0.613483667373657","0.280758440494537","0","0","0.316745519638062"
"67.7194506645203","0.0219170998054324","0.51966267824173","1285","48.6407089233398","1.19460296630859","1389.19562225342","100.546648025513","0.966064035892487","3.53087282180786","0.146929293870926","0.586199581623077","0.102508880198002","0.630322456359863","0.0209308117628098","0","1.34053027629852","0.70285040140152","0.204095219849842","0.331611782312393","1.37480211257935","0.495903432369232",,,,,,,,,,,,,,,,,,,,,,,,"2.40466117858887","1.15113592147827","0","0","0.59704577922821","0.280927836894989","0","0","0.316629350185394"
"70.4986110687256","-0.288600185979158","0.527771353721619","1286","48.682788848877","1.22472321987152","1278.28768768311","92.9015050888061","0.972831308841705","3.62728190422058","0.148865833878517","0.595453679561615","0.103785961866379","0.632225513458252","0.0210852921009064","0","1.36559081077576","0.716446936130524","0.203733035604819","0.332635879516602","1.39510941505432","0.496725857257843",,,,,,,,,,,,,,,,,,,,,,,,"2.44786810874939","1.16186499595642","0","0","0.620368778705597","0.281795382499695","0","0","0.322559058666229"
"71.8906987190247","0.685253256186843","0.52753084897995","1287","48.3075065612793","1.22999465465546","1429.42308654785","98.0541410446167","0.969726741313934","3.54130887985229","0.147165700793266","0.586610734462738","0.103026278316975","0.629328966140747","0.0209128204733133","0","1.37262082099915","0.717297554016113","0.193560501260799","0.332569181919098","1.42982816696167","0.496826201677322",,,,,,,,,,,,,,,,,,,,,,,,"2.44410467147827","1.16878545284271","0","0","0.621842622756958","0.28173890709877","0","0","0.326413065195084"
"72.2609985351562","-0.374942641705275","0.52567046880722","1288","47.8670387268066","1.21860432624817","1217.54268188477","88.9810739517212","0.970611691474915","3.57076120376587","0.148041233420372","0.582809150218964","0.10301448404789","0.630416095256805","0.0208191238343716","0","1.35071611404419","0.712467849254608","0.187855169603426","0.332337468862534","1.42130160331726","0.496648967266083",,,,,,,,,,,,,,,,,,,,,,,,"2.43929195404053","1.16367495059967","0","0","0.613496959209442","0.281542599201202","0","0","0.323564827442169"
"69.5301700592041","0.367488008667715","0.526545882225037","1289","48.8722801208496","1.22760915756226","1486.21923828125","94.8053544998169","0.971598029136658","3.55965852737427","0.147446125745773","0.590471863746643","0.102677740156651","0.636971175670624","0.0212610084563494","0","1.36795556545258","0.717201888561249","0.203972397424513","0.332922279834747","1.40255045890808","0.497026860713959",,,,,,,,,,,,,,,,,,,,,,,,"2.43342709541321","1.16426730155945","0","0","0.621676802635193","0.282038033008575","0","0","0.323894321918488"
"67.3698401451111","-0.778061437886208","0.527623891830444","1290","50.6011505126953","1.22263872623444","1176.97962036133","89.1739677429199","0.970983147621155","3.60631108283997","0.148683533072472","0.587897062301636","0.103521153330803","0.63512134552002","0.0213035587221384","0","1.3754278421402","0.715013444423676","0.192962072519003","0.332546681165695","1.39947426319122","0.496700406074524","0.0834330320358276","0.223609879612923","0.938715100288391","0.123250961303711","0.0285689998418093","0.0784469172358513","0.0655516609549522","0.533476650714874","0.00824484135955572","0.286829769611359","0.144348338246346","0.129216253757477","0.555945575237274","0.284075558185577","1.18881452083588","0.610167682170868","0","0","0.0251828841865063","0.109466679394245","0","0","0.088960312306881","2.44426345825195","1.16271305084229","0","0","0.617888629436493","0.281719833612442","0","0","0.323030114173889"
"79.189269733429","-1.10856628194451","0.531389832496643","1291","48.9772682189941","1.24313998222351","1644.45145111084","111.682311248779","0.965105473995209","3.67164063453674","0.149902775883675","0.596055269241333","0.103994809091091","0.631877541542053","0.0211740061640739","0","1.38837921619415","0.723622739315033","0.198202955300803","0.33419731259346","1.43230986595154","0.498417556285858",,,,,,,,,,,,,,,,,,,,,,,,"2.44659042358398","1.17012882232666","0","0","0.632857978343964","0.283118188381195","0","0","0.327163845300674"
"73.2877054214478","1.20036038756371","0.52986341714859","1292","48.4799613952637","1.23000109195709","1494.22703552246","104.43733997345","0.965804040431976","3.64653635025024","0.149500101804733","0.591410875320435","0.103522405028343","0.630300760269165","0.0212412346154451","0","1.36433815956116","0.716372489929199","0.209488214188605","0.33346426486969","1.44380271434784","0.497724533081055",,,,,,,,,,,,,,,,,,,,,,,,"2.43859076499939","1.17030799388885","0","0","0.620239794254303","0.28249716758728","0","0","0.327264070510864"
"68.8592842102051","0.344197818402608","0.527034163475037","1293","48.581958770752","1.21395742893219","1576.19681396484","101.83626241684","0.96799623966217","3.63162565231323","0.149160593748093","0.590991258621216","0.104340605437756","0.634219348430634","0.0211407672613859","0","1.34910917282104","0.712777078151703","0.21113002063139","0.332895547151566","1.40304851531982","0.497232675552368",,,,,,,,,,,,,,,,,,,,,,,,"2.4209668636322","1.15346610546112","0","0","0.614029586315155","0.282015383243561","0","0","0.317912518978119"
"71.1196138381958","0.382222121115774","0.528310358524323","1294","48.0324897766113","1.21620523929596","1545.41914367676","101.869936561584","0.966854691505432","3.63823628425598","0.149372979998589","0.589719891548157","0.104512147605419","0.637646734714508","0.0215343963354826","0","1.37428140640259","0.714968502521515","0.217171789462736","0.332592189311981","1.41832101345062","0.497042208909988",,,,,,,,,,,,,,,,,,,,,,,,"2.41232895851135","1.15114772319794","0","0","0.617810964584351","0.281758397817612","0","0","0.316635817289352"
"66.6193572044373","-0.0210122310556471","0.525381982326508","1295","49.0208396911621","1.2161682844162","1485.30699310303","101.794833946228","0.966609954833984","3.59215760231018","0.148224860429764","0.590658009052277","0.105001047253609","0.638519644737244","0.0216429568827152","0","1.35026895999908","0.711936891078949","0.218741291432525","0.332937747240067","1.41775906085968","0.497455358505249",,,,,,,,,,,,,,,,,,,,,,,,"2.43656754493713","1.16001784801483","0","0","0.612582862377167","0.282051146030426","0","0","0.321534305810928"
"66.3562178611755","1.29453663155437","0.525026142597198","1296","47.7947959899902","1.22176039218903","1458.7731338501","96.8276084899902","0.969806730747223","3.64247465133667","0.149558156728745","0.587737739086151","0.103526994585991","0.628650724887848","0.0209232401102781","0","1.36547887325287","0.714958190917969","0.216822453480563","0.332614630460739","1.40072894096375","0.496901720762253",,,,,,,,,,,,,,,,,,,,,,,,"2.43485832214355","1.16119980812073","0","0","0.617793202400208","0.281777411699295","0","0","0.322189807891846"
"73.7838105201721","0.372288549155928","0.526577591896057","1297","49.0263290405273","1.22027373313904","1666.44957275391","108.311834335327","0.965525567531586","3.61187863349915","0.1486546844244","0.591727077960968","0.104318864643574","0.639952421188354","0.0219412222504616","0","1.352787733078","0.713215887546539","0.215377528729732","0.333507746458054","1.4173698425293","0.497742712497711",,,,,,,,,,,,,,,,,,,,,,,,"2.41653394699097","1.16257607936859","0","0","0.61478579044342","0.282534003257751","0","0","0.322953999042511"
"72.5324482917786","0.0209918188978918","0.519818365573883","1298","47.922061920166","1.19939839839935","1584.76560211182","98.1552614212036","0.965088605880737","3.57145953178406","0.148035049438477","0.58335542678833","0.104086183011532","0.635266244411469","0.0214765220880508","0","1.35594940185547","0.704967081546783","0.20176133201021","0.331893444061279","1.43202841281891","0.496392071247101",,,,,,,,,,,,,,,,,,,,,,,,"2.41882085800171","1.15287137031555","0","0","0.600647270679474","0.281166434288025","0","0","0.317584782838821"
"67.1531154632568","-0.407432765571866","0.522881388664246","1299","48.1842956542969","1.21722877025604","1778.44717407227","108.19273815155","0.965965092182159","3.55315399169922","0.147592350840569","0.583343088626862","0.103861734271049","0.639065206050873","0.0213185995817184","0","1.3615814447403","0.711868584156036","0.204576519290276","0.332223534584045","1.41538083553314","0.496581017971039",,,,,,,,,,,,,,,,,,,,,,,,"2.4322874546051","1.1632297039032","0","0","0.612465381622314","0.281446099281311","0","0","0.323317259550095"
"71.5862152099609","-1.16406545937061","0.529028296470642","1300","51.7340393066406","1.21747851371765","1522.12557983398","100.281679725647","0.970281600952148","3.69694042205811","0.150717318058014","0.591043055057526","0.105054400861263","0.642052114009857","0.0217998214066029","0","1.35240864753723","0.715970873832703","0.204510141484207","0.332706302404404","1.41084289550781","0.497049540281296","0.0830588117241859","0.223309651017189","0.932299077510834","0.124168671667576","0.0286591816693544","0.0792794451117516","0.0646825134754181","0.533780455589294","0.00815215799957514","0.284945666790009","0.144148513674736","0.129328519105911","0.561848044395447","0.284495621919632","1.18005061149597","0.60904985666275","0","0","0.0251132063567638","0.109561786055565","0","0","0.0886346623301506","2.41589879989624","1.1501350402832","0","0","0.619544446468353","0.281855076551437","0","0","0.316078990697861"
"78.0222709655762","-0.0764639562461525","0.525281131267548","1301","48.6566581726074","1.20298969745636","1579.04275360107","99.643113899231","0.96861207485199","3.71407055854797","0.150940582156181","0.595387935638428","0.105306454002857","0.637158155441284","0.0214421190321445","0","1.3432891368866","0.706484138965607","0.19880577599688","0.333396762609482","1.43053555488586","0.497662574052811",,,,,,,,,,,,,,,,,,,,,,,,"2.41152215003967","1.15238058567047","0","0","0.603235244750977","0.282439976930618","0","0","0.317314445972443"
"65.3668642044067","-0.239182107150555","0.524184226989746","1302","48.318790435791","1.20195269584656","1237.92661514282","90.6489044189453","0.965827226638794","3.61190700531006","0.148691058158875","0.590889692306519","0.104409277439117","0.637750506401062","0.0215245001018047","0","1.35455083847046","0.707619249820709","0.211633906907809","0.333291858434677","1.40905845165253","0.497563004493713",,,,,,,,,,,,,,,,,,,,,,,,"2.40041184425354","1.1471244096756","0","0","0.605175197124481","0.282351136207581","0","0","0.314426422119141"
"71.3703525543213","-0.873874402418733","0.526894629001617","1303","48.3463363647461","1.22205662727356","1482.8832244873","101.697735786438","0.969005823135376","3.63769483566284","0.149297371506691","0.591197371482849","0.104982621967793","0.642325222492218","0.0217063836753368","0","1.37515640258789","0.717727422714233","0.196095859250636","0.332244515419006","1.41604506969452","0.496638566255569",,,,,,,,,,,,,,,,,,,,,,,,"2.41728854179382","1.15363311767578","0","0","0.622588217258453","0.281463861465454","0","0","0.318004548549652"
"70.1509543418884","-1.1479069583118","0.52278596162796","1304","48.6513061523438","1.20435285568237","1364.15055541992","93.5917049407959","0.967199325561523","3.65678715705872","0.149955481290817","0.586421847343445","0.104972884058952","0.634532332420349","0.0214424207806587","0","1.34348475933075","0.703921258449554","0.198478634907224","0.333089739084244","1.42104017734528","0.497416198253632",,,,,,,,,,,,,,,,,,,,,,,,"2.43580746650696","1.16321015357971","0","0","0.59886646270752","0.282179892063141","0","0","0.323306411504745"
"72.0986687660217","0.56360363366548","0.535245954990387","1305","49.355827331543","1.23530220985413","1483.17711791992","98.0689180374145","0.972052216529846","3.81534099578857","0.153202638030052","0.598267138004303","0.106660909950733","0.638075530529022","0.0216878950595856","0","1.36591410636902","0.722862005233765","0.208358878517174","0.334362745285034","1.42587089538574","0.498649001121521",,,,,,,,,,,,,,,,,,,,,,,,"2.42615604400635","1.15817928314209","0","0","0.631528079509735","0.283258348703384","0","0","0.320515811443329"
"75.6929951667786","0.422905180277303","0.531448364257813","1306","48.7206344604492","1.24352896213531","1698.84722900391","102.676624488831","0.970286250114441","3.69552540779114","0.150465860962868","0.596198260784149","0.105689339339733","0.637365520000458","0.0216776132583618","0","1.37427961826324","0.721873939037323","0.201816337145283","0.334387689828873","1.49615061283112","0.498660534620285",,,,,,,,,,,,,,,,,,,,,,,,"2.45124959945679","1.17598509788513","0","0","0.629802703857422","0.283279448747635","0","0","0.330446779727936"
"74.9130438804627","0.130958038446261","0.533023059368134","1307","48.8019943237305","1.23800814151764","1796.3296585083","113.048652267456","0.966214895248413","3.72772097587585","0.151294276118279","0.594666957855225","0.106325522065163","0.638087928295135","0.0217343177646399","0","1.37927889823914","0.724009335041046","0.207456269187969","0.333332985639572","1.44786477088928","0.497735500335693",,,,,,,,,,,,,,,,,,,,,,,,"2.42681121826172","1.16101622581482","0","0","0.633534371852875","0.282385945320129","0","0","0.322087943553925"
"74.9021532058716","-0.797135162260383","0.534611642360687","1308","48.3597297668457","1.25928223133087","1862.46700744629","114.071773147583","0.969036519527435","3.66812109947205","0.149990305304527","0.592016398906708","0.106374010443687","0.637763023376465","0.0217745341360569","0","1.40472674369812","0.732058525085449","0.213753721344983","0.333741873502731","1.49220824241638","0.498036235570908",,,,,,,,,,,,,,,,,,,,,,,,"2.4505615234375","1.1731413602829","0","0","0.647699236869812","0.282732367515564","0","0","0.328850597143173"
"69.5655604362488","-1.008131801337","0.527700006961823","1309","48.9461898803711","1.21749651432037","1346.06162872314","95.1481853485107","0.971623957157135","3.74030137062073","0.151708275079727","0.59188312292099","0.106601603329182","0.635258495807648","0.0214648544788361","0","1.34889078140259","0.713607788085938","0.203619949406129","0.332814753055573","1.45723760128021","0.497242569923401",,,,,,,,,,,,,,,,,,,,,,,,"2.41617774963379","1.15740585327148","0","0","0.615461647510529","0.281946927309036","0","0","0.320087939500809"
"76.1012299537659","-0.81794524397701","0.528904557228088","1310","50.7646980285645","1.22307217121124","1663.67210693359","101.924530029297","0.967957377433777","3.72679352760315","0.151372611522675","0.592282116413116","0.106200829148293","0.637022137641907","0.0215769950300455","0","1.3676426410675","0.717207372188568","0.201097051883698","0.333606421947479","1.44799423217773","0.497925341129303","0.0834168940782547","0.224514856934547","0.903914153575897","0.133939862251282","0.0298300199210644","0.080130860209465","0.065139465034008","0.53270548582077","0.00827105157077312","0.284551531076431","0.143814370036125","0.131283864378929","0.577334105968475","0.287036448717117","1.1755039691925","0.607897818088531","0","0","0.0249969139695168","0.111218273639679","0","0","0.0882996767759323","2.41213321685791","1.15501725673676","0","0","0.621686339378357","0.282617628574371","0","0","0.318768113851547"
"72.4699705123901","-1.39626270234585","0.514978289604187","1311","48.2342376708984","1.19414663314819","1447.2097366333","89.8779293060303","0.968494355678558","3.62467932701111","0.149044454097748","0.589799523353577","0.105097450315952","0.642189860343933","0.0220006220042706","0","1.34027445316315","0.698012709617615","0.185168571936083","0.332439303398132","1.46214485168457","0.496774882078171",,,,,,,,,,,,,,,,,,,,,,,,"2.44055151939392","1.16385054588318","0","0","0.5888552069664","0.281628876924515","0","0","0.323662489652634"
"69.5267792701721","-1.17972111552954","0.520251333713531","1312","47.6383247375488","1.20069146156311","1341.54738922119","94.4683017730713","0.965945839881897","3.63952112197876","0.14947421848774","0.588051557540894","0.105455674231052","0.636669218540192","0.0214003659784794","0","1.34600007534027","0.704215168952942","0.201585434193839","0.332126647233963","1.46039056777954","0.49661111831665",,,,,,,,,,,,,,,,,,,,,,,,"2.42723226547241","1.15717589855194","0","0","0.599366664886475","0.281364023685455","0","0","0.31996077299118"
"75.5176231384277","1.49485888183117","0.52867466211319","1313","49.5494575500488","1.22027456760406","1684.6589050293","99.310188293457","0.969162285327911","3.76778411865234","0.152043342590332","0.599317073822021","0.107327476143837","0.637384474277496","0.0219080708920956","0","1.35918605327606","0.712078630924225","0.215940772480099","0.334202140569687","1.46294367313385","0.498738884925842",,,,,,,,,,,,,,,,,,,,,,,,"2.43858599662781","1.16504204273224","0","0","0.612826764583588","0.283122301101685","0","0","0.324325531721115"
"74.5437182426453","-1.50009402632713","0.526644110679626","1314","48.7573394775391","1.20815980434418","1183.16598510742","87.3356343269348","0.970081984996796","3.75277352333069","0.151583895087242","0.601808130741119","0.106883034110069","0.636524319648743","0.0216714963316917","0","1.34438335895538","0.707391619682312","0.190843646557187","0.333893448114395","1.46535015106201","0.498241066932678",,,,,,,,,,,,,,,,,,,,,,,,"2.42343926429749","1.15817439556122","0","0","0.604785859584808","0.28286075592041","0","0","0.320513159036636"
"74.5909982681274","0.616690652538091","0.525633454322815","1315","48.7074012756348","1.2089512348175","1386.33803710937","92.2688933372498","0.970534384250641","3.77803373336792","0.152501970529556","0.594134449958801","0.107001319527626","0.639443099498749","0.0222238656133413","0","1.34613752365112","0.710096776485443","0.206443840605789","0.334076434373856","1.42633020877838","0.498556226491928",,,,,,,,,,,,,,,,,,,,,,,,"2.4119119644165","1.15092837810516","0","0","0.609420239925385","0.283015787601471","0","0","0.316515207290649"
"71.8769863128662","-0.37718981327489","0.526413559913635","1316","49.017822265625","1.2202730178833","1629.06704711914","98.5259344100952","0.971554219722748","3.71385788917542","0.151069700717926","0.592204570770264","0.106764540076256","0.638002216815948","0.021847004070878","0","1.36095607280731","0.714591562747955","0.195139287539496","0.333344340324402","1.46615862846375","0.497654765844345",,,,,,,,,,,,,,,,,,,,,,,,"2.43297719955444","1.15854370594025","0","0","0.617159724235535","0.282395601272583","0","0","0.320717602968216"
"68.4227917671204","-0.572831716085784","0.527738630771637","1317","48.442325592041","1.21356189250946","1500.52328796387","91.8178404808044","0.968913078308105","3.77276372909546","0.15229144692421","0.59620726108551","0.107123881578445","0.634678483009338","0.0214336346834898","0","1.34441483020782","0.709649860858917","0.205437891016481","0.334258556365967","1.44617295265198","0.498324751853943",,,,,,,,,,,,,,,,,,,,,,,,"2.42482566833496","1.16038608551025","0","0","0.608653426170349","0.283170074224472","0","0","0.321738481521606"
"71.0859041213989","-0.943246618285775","0.529112756252289","1318","48.5927391052246","1.22032785415649","1403.46625518799","99.3018171310425","0.965478420257568","3.75430846214294","0.151910156011581","0.59494560956955","0.106778152287006","0.63513320684433","0.0215628780424595","0","1.37871968746185","0.713698983192444","0.209287187983864","0.333619207143784","1.47778129577637","0.498005360364914",,,,,,,,,,,,,,,,,,,,,,,,"2.42252540588379","1.16100251674652","0","0","0.615618944168091","0.282628446817398","0","0","0.32208040356636"
"74.5604381561279","-0.762487991619855","0.526172876358032","1319","48.7485504150391","1.20724534988403","1494.57185211182","97.8252891540527","0.965244650840759","3.76521921157837","0.152308821678162","0.591550469398499","0.106414325535297","0.638118088245392","0.0213388279080391","0","1.35011231899261","0.70924299955368","0.2033377893531","0.333195120096207","1.47204041481018","0.497434139251709",,,,,,,,,,,,,,,,,,,,,,,,"2.41959381103516","1.15184664726257","0","0","0.607955694198608","0.282269179821014","0","0","0.317020416259766"
"69.4215218544006","-1.2181100063026","0.520039021968842","1320","50.3822784423828","1.20163488388062","1326.72849121094","89.6450336456299","0.971722841262817","3.65280652046204","0.149785727262497","0.588199853897095","0.105489581823349","0.639471828937531","0.0217135976999998","0","1.33958792686462","0.705939114093781","0.20079991172679","0.332563430070877","1.41662263870239","0.496744692325592","0.083547905087471","0.224604189395905","0.915076315402985","0.134156852960587","0.0298367813229561","0.0807972997426987","0.0641649067401886","0.531864166259766","0.00817176047712564","0.283336579799652","0.143830820918083","0.131355911493301","0.580660879611969","0.286812335252762","1.18459439277649","0.607975482940674","0","0","0.0250026378780603","0.111279308795929","0","0","0.0883222445845604","2.42408847808838","1.15289199352264","0","0","0.602304756641388","0.281734019517899","0","0","0.317596107721329"
"77.3723030090332","0.18262910079211","0.518440961837769","1321","48.1873168945313","1.19503378868103","1479.3634262085","96.3247982978821","0.965844213962555","3.63233113288879","0.149233654141426","0.589667201042175","0.105191729962826","0.63625293970108","0.0215198304504156","0","1.33580422401428","0.700590431690216","0.214983367462992","0.332970976829529","1.47387802600861","0.497195839881897",,,,,,,,,,,,,,,,,,,,,,,,"2.41734147071838","1.1567804813385","0","0","0.593212425708771","0.28207927942276","0","0","0.319742143154144"
"75.6686026573181","-1.45248255133629","0.529894351959229","1322","49.2277603149414","1.22253251075745","1636.48558197021","106.284975814819","0.963750720024109","3.73574566841125","0.151468575000763","0.595031976699829","0.10600820928812","0.642513871192932","0.0218956973403692","0","1.36814320087433","0.715029120445251","0.198037792563264","0.334492146968842","1.46285319328308","0.49876856803894",,,,,,,,,,,,,,,,,,,,,,,,"2.43030190467834","1.15950286388397","0","0","0.61791580915451","0.283367961645126","0","0","0.321248829364777"
"70.0549918174744","-1.37760793715715","0.525927662849426","1323","48.6038589477539","1.20116806030273","1693.94434509277","98.0776512145996","0.966878890991211","3.73718118667603","0.15141087770462","0.5972039103508","0.105744309723377","0.641534209251404","0.0218263901770115","0","1.34743475914001","0.706330120563507","0.200757733997307","0.334080398082733","1.44612538814545","0.498302280902863",,,,,,,,,,,,,,,,,,,,,,,,"2.41121768951416","1.14849245548248","0","0","0.602972090244293","0.283019155263901","0","0","0.31517681479454"
"69.7048283576965","0.131453294702806","0.53073638677597","1324","49.0378265380859","1.23562014102936","1907.96148986816","104.169055557251","0.9712033867836","3.7363805770874","0.1514832675457","0.595040500164032","0.10536901652813","0.63487845659256","0.0216702576726675","0","1.36336827278137","0.719358444213867","0.222214673482813","0.334507644176483","1.51066565513611","0.49876269698143",,,,,,,,,,,,,,,,,,,,,,,,"2.44448280334473","1.16951012611389","0","0","0.625421047210693","0.283381104469299","0","0","0.326817989349365"
"68.6347856521606","0.854769386234693","0.528366327285767","1325","49.0666236877441","1.22410190105438","1526.040574646","97.8904638290405","0.968287825584412","3.70814895629883","0.15093232691288","0.592254102230072","0.104866415262222","0.63610053062439","0.0216437075287104","0","1.37622475624084","0.715782225131989","0.224581440220936","0.333792328834534","1.46919751167297","0.498052716255188",,,,,,,,,,,,,,,,,,,,,,,,"2.43289613723755","1.16105353832245","0","0","0.619218170642853","0.282775104045868","0","0","0.322108656167984"
"67.229688167572","-0.785987757146358","0.52963650226593","1326","48.6311569213867","1.21347665786743","1250.12491760254","97.0942712783813","0.966409027576447","3.78949689865112","0.15271158516407","0.595550775527954","0.105769291520119","0.641506493091583","0.0215838979929686","0","1.35423898696899","0.710857033729553","0.212386371419416","0.333998054265976","1.47782897949219","0.498212665319443",,,,,,,,,,,,,,,,,,,,,,,,"2.41870903968811","1.15688765048981","0","0","0.610725998878479","0.282949388027191","0","0","0.319801330566406"
"69.7477438926697","0.808698642393574","0.533768177032471","1327","49.4065284729004","1.22946381568909","1468.41399841309","98.8705099105835","0.968091547489166","3.74282026290894","0.151681259274483","0.593946158885956","0.106305956840515","0.634810745716095","0.0212739259004593","0","1.36872577667236","0.719951093196869","0.228326826097327","0.334113001823425","1.50078427791595","0.498209983110428",,,,,,,,,,,,,,,,,,,,,,,,"2.4244818687439","1.15718376636505","0","0","0.626451969146729","0.283046782016754","0","0","0.319965094327927"
"72.5870538711548","0.240313413634431","0.52297443151474","1328","48.1483497619629","1.2067619562149","1331.14805145264","96.4999074935913","0.970572531223297","3.75357437133789","0.152229711413383","0.586859524250031","0.104837313294411","0.632925808429718","0.0212344750761986","0","1.35081171989441","0.709378123283386","0.206490256908","0.332837015390396","1.425541639328","0.497092664241791",,,,,,,,,,,,,,,,,,,,,,,,"2.40806245803833","1.15109837055206","0","0","0.608187437057495","0.281965792179108","0","0","0.31660869717598"
"80.1985523223877","-0.10706236101687","0.532865941524506","1329","49.1563339233398","1.2259110212326","1320.62786865234","96.2335479736328","0.970730841159821","3.83362770080566","0.153537541627884","0.600457668304443","0.106795996427536","0.641195058822632","0.0218014996498823","0","1.38431596755981","0.718289375305176","0.211543957926915","0.333858489990234","1.51212310791016","0.497997552156448",,,,,,,,,,,,,,,,,,,,,,,,"2.42195963859558","1.15637171268463","0","0","0.623563587665558","0.282831162214279","0","0","0.319516181945801"
"70.3702662467957","0.420127801923081","0.529517769813538","1330","50.5581588745117","1.23555684089661","1468.86840057373","96.017676448822","0.970739662647247","3.77283835411072","0.152405023574829","0.59353506565094","0.105527259409428","0.63054221868515","0.0213329736143351","0","1.37724316120148","0.720302999019623","0.209612177800591","0.333664387464523","1.47999250888824","0.497974574565887","0.0839853808283806","0.226494506001472","0.937821090221405","0.135303035378456","0.0299647990614176","0.0811129510402679","0.0626165643334389","0.533219575881958","0.00838103424757719","0.285914152860641","0.14376574754715","0.132285684347153","0.592866480350494","0.287582159042358","1.1829981803894","0.611836135387421","0","0","0.0249800179153681","0.112066984176636","0","0","0.0894475057721138","2.4358184337616","1.16773307323456","0","0","0.62706458568573","0.282666742801666","0","0","0.325825542211533"
"70.5312197685242","-0.0970296364277601","0.527836382389069","1331","49.1972579956055","1.21852242946625","1699.24868621826","106.684480285645","0.967222929000854","3.7732675075531","0.15247343480587","0.592135787010193","0.106710501015186","0.633438050746918","0.0215698443353176","0","1.36685013771057","0.713259100914001","0.219717727400712","0.33351057767868","1.50847840309143","0.497604966163635",,,,,,,,,,,,,,,,,,,,,,,,"2.43449330329895","1.15928041934967","0","0","0.61486029624939","0.282536417245865","0","0","0.321125626564026"
"67.8555327415466","1.13734384477139","0.525306403636932","1332","47.8318977355957","1.20737791061401","1372.0239151001","92.4655389785767","0.969991326332092","3.77675247192383","0.152358070015907","0.596851527690887","0.106053955852985","0.634495139122009","0.0210495293140411","0","1.35168731212616","0.708373486995697","0.226689488781267","0.333318561315536","1.5109760761261","0.497355371713638",,,,,,,,,,,,,,,,,,,,,,,,"2.42697548866272","1.15460050106049","0","0","0.606465935707092","0.28237372636795","0","0","0.318538129329681"
"74.3846899032593","-0.932148832641542","0.532531082630157","1333","49.2245674133301","1.22233998775482","1782.85975494385","99.1201020240784","0.967860996723175","3.8591673374176","0.154385969042778","0.594332218170166","0.107273876667023","0.633241415023804","0.02152338065207","0","1.37625896930695","0.716026604175568","0.203528813873709","0.334471613168716","1.52041292190552","0.498651474714279",,,,,,,,,,,,,,,,,,,,,,,,"2.42103242874146","1.15606808662415","0","0","0.619641005992889","0.283350557088852","0","0","0.31934842467308"
"68.304890537262","-0.692860395088792","0.528264820575714","1334","48.7859382629395","1.20986223220825","1306.6585609436","92.1448757171631","0.967835545539856","3.79634547233582","0.152772217988968","0.597934544086456","0.106726117432117","0.637224733829498","0.0217013172805309","0","1.3572062253952","0.708023071289063","0.19967450457043","0.334398955106735","1.48544919490814","0.498748064041138",,,,,,,,,,,,,,,,,,,,,,,,"2.42667555809021","1.1585248708725","0","0","0.605866074562073","0.283289015293121","0","0","0.32070717215538"
"70.3035870552063","-0.0992139977402985","0.52527916431427","1335","48.4355201721191","1.20865952968597","1605.0773147583","100.886040210724","0.963111400604248","3.71746110916138","0.151160001754761","0.592086315155029","0.106407426297665","0.639120697975159","0.0214687809348106","0","1.36059880256653","0.708291232585907","0.22075255097443","0.333323389291763","1.46239995956421","0.497439056634903",,,,,,,,,,,,,,,,,,,,,,,,"2.42382192611694","1.15716826915741","0","0","0.606325089931488","0.28237783908844","0","0","0.319956541061401"
"68.7854970932007","-0.231110482290387","0.534334480762482","1336","48.6044845581055","1.23208177089691","1314.10874328613","87.5654090881348","0.972733378410339","3.80289506912231","0.152990639209747","0.596379697322845","0.106170646846294","0.630905151367188","0.021214822307229","0","1.36284101009369","0.719351291656494","0.214149027057283","0.334509909152985","1.4730738401413","0.498513281345367",,,,,,,,,,,,,,,,,,,,,,,,"2.44372272491455","1.16318082809448","0","0","0.625408589839935","0.283383011817932","0","0","0.323290109634399"
"74.5857573509216","-0.17830813084729","0.531127512454987","1337","48.9983406066895","1.2245842218399","1787.20332183838","105.208974647522","0.969077467918396","3.76447296142578","0.152096331119537","0.596210777759552","0.106177434325218","0.640490233898163","0.021830165758729","0","1.3603937625885","0.716972172260284","0.20529203376791","0.333977460861206","1.47938191890717","0.498083919286728",,,,,,,,,,,,,,,,,,,,,,,,"2.42909049987793","1.15792226791382","0","0","0.621278584003448","0.282931953668594","0","0","0.320373624563217"
"76.2320457458496","0.0359109550248832","0.526187062263489","1338","48.3795967102051","1.221062541008","1720.04943695068","104.573890972137","0.965735733509064","3.70763349533081","0.1507178992033","0.59703803062439","0.105740830302238","0.634139537811279","0.0214270111173391","0","1.35423970222473","0.712490797042847","0.198072838934604","0.33316969871521","1.53579473495483","0.497598499059677",,,,,,,,,,,,,,,,,,,,,,,,"2.44280910491943","1.16675245761871","0","0","0.613536477088928","0.282247632741928","0","0","0.325278490781784"
"65.3182713508606","-0.0882951677194797","0.524031758308411","1339","48.5173187255859","1.20360684394836","1250.22142791748","92.4149127006531","0.96607780456543","3.75519752502441","0.151960089802742","0.594255208969116","0.106431342661381","0.631555140018463","0.0213681124150753","0","1.34364366531372","0.704979002475739","0.215376781564555","0.333998709917068","1.46538305282593","0.498155951499939",,,,,,,,,,,,,,,,,,,,,,,,"2.41798996925354","1.15722751617432","0","0","0.600667536258698","0.282949924468994","0","0","0.319989293813705"
"73.1655474662781","-0.0641668425960233","0.530636131763458","1340","51.7219734191895","1.22042751312256","1456.93147888184","102.534558296204","0.96844494342804","3.81552481651306","0.153224721550941","0.597841441631317","0.106899209320545","0.642108380794525","0.0217356849461794","0","1.37499582767487","0.716812074184418","0.216452949811355","0.3346306681633","1.46546065807343","0.498750627040863","0.0835301280021667","0.226048275828362","0.940648436546326","0.137092798948288","0.0301695205271244","0.0813995450735092","0.0634931623935699","0.536234259605408","0.00852270424365997","0.28191676735878","0.143426403403282","0.132301062345505","0.601407468318939","0.287802755832672","1.17833089828491","0.610667288303375","0","0","0.024862227961421","0.112080000340939","0","0","0.0891060531139374","2.41002106666565","1.14988386631012","0","0","0.621001303195953","0.283485293388367","0","0","0.315940976142883"
"75.2277860641479","0.767520705889911","0.529203712940216","1341","48.4964370727539","1.22537839412689","1777.43858337402","100.654723930359","0.968859910964966","3.73548269271851","0.151482611894608","0.594550848007202","0.106979914009571","0.638180553913116","0.0216726288199425","0","1.36715126037598","0.714603543281555","0.214841552087455","0.333929479122162","1.52574253082275","0.498223453760147",,,,,,,,,,,,,,,,,,,,,,,,"2.43723320960999","1.16680288314819","0","0","0.617180466651917","0.282891273498535","0","0","0.32530665397644"
"78.3810956001282","-1.98893163204193","0.525690793991089","1342","48.8521499633789","1.20662558078766","1382.98882141113","94.5922559738159","0.963993430137634","3.76055121421814","0.152161419391632","0.592453479766846","0.106229916214943","0.638107419013977","0.0216096621006727","0","1.35848593711853","0.705367028713226","0.193323461877299","0.333339542150497","1.50009548664093","0.497689634561539",,,,,,,,,,,,,,,,,,,,,,,,"2.43136978149414","1.16248798370361","0","0","0.60132896900177","0.282391548156738","0","0","0.322905123233795"
"67.7288252830505","-0.450558180175722","0.527627110481262","1343","48.9562301635742","1.20553112030029","1294.51191101074","90.7406538009644","0.968128204345703","3.79215097427368","0.152996897697449","0.590183675289154","0.107635259628296","0.637638032436371","0.0218171942979097","0","1.35538959503174","0.707285106182098","0.214097350672819","0.333777040243149","1.48312699794769","0.498152434825897",,,,,,,,,,,,,,,,,,,,,,,,"2.40653419494629","1.15392434597015","0","0","0.60460376739502","0.282762140035629","0","0","0.318165183067322"
"67.262498664856","0.857214890047908","0.527819514274597","1344","48.8372764587402","1.23365998268127","1748.8173248291","101.690159416199","0.971693336963654","3.75810050964355","0.151946112513542","0.596215665340424","0.107626333832741","0.639913320541382","0.0218364130705595","0","1.38739049434662","0.718229293823242","0.226183782535372","0.334359765052795","1.5232127904892","0.498510211706161",,,,,,,,,,,,,,,,,,,,,,,,"2.44339323043823","1.16973721981049","0","0","0.623459279537201","0.283255815505981","0","0","0.32694485783577"
"78.2939721107483","-1.46939173787832","0.5291787981987","1345","48.7809410095215","1.21497631072998","1692.01245117188","103.797241783142","0.96701455116272","3.82993531227112","0.15359865128994","0.59693717956543","0.108485780656338","0.639756262302399","0.021751606836915","0","1.36116397380829","0.713258385658264","0.200285863055615","0.333771556615829","1.50730133056641","0.497874647378922",,,,,,,,,,,,,,,,,,,,,,,,"2.40602135658264","1.15246260166168","0","0","0.614859163761139","0.282757520675659","0","0","0.31735959649086"
"74.6549966812134","-1.6864927276969","0.527268469333649","1346","48.7975044250488","1.21974456310272","1585.36200256348","104.610856246948","0.964747667312622","3.75288462638855","0.151977092027664","0.592547416687012","0.107565864920616","0.632306694984436","0.0212773941457272","0","1.37297737598419","0.713564276695251","0.20138405704638","0.333579123020172","1.50153529644012","0.497861564159393",,,,,,,,,,,,,,,,,,,,,,,,"2.42623209953308","1.16043102741241","0","0","0.615386605262756","0.282594472169876","0","0","0.321763396263123"
"74.8676860809326","-0.113260493124835","0.529957234859467","1347","48.5093688964844","1.22914969921112","1745.74969329834","102.763259506226","0.969343841075897","3.80444002151489","0.152994111180305","0.59716135263443","0.107459060847759","0.637034833431244","0.021709343418479","0","1.368901014328","0.719786643981934","0.214829953550361","0.334201395511627","1.49487864971161","0.498341679573059",,,,,,,,,,,,,,,,,,,,,,,,"2.43099808692932","1.15699744224548","0","0","0.626165866851807","0.283121675252914","0","0","0.31986203789711"
"65.8018695831299","0.682787109352648","0.526718854904175","1348","48.8220405578613","1.21238791942596","1560.6573135376","94.9342227935791","0.96904045343399","3.79449844360352","0.153035402297974","0.590579867362976","0.106740936636925","0.639173328876495","0.0218662247061729","0","1.35852146148682","0.71202939748764","0.219616283154755","0.333534479141235","1.49138021469116","0.497954726219177",,,,,,,,,,,,,,,,,,,,,,,,"2.40956854820251","1.15197157859802","0","0","0.612742125988007","0.282556653022766","0","0","0.317089229822159"
"74.3467066764832","-0.891097589582205","0.517559349536896","1349","48.412036895752","1.19661688804626","1385.75542297363","96.8713235855103","0.966700792312622","3.73939895629883","0.151679739356041","0.592056751251221","0.107168883085251","0.635877668857574","0.0217043310403824","0","1.33798241615295","0.699937224388123","0.195772413923987","0.332911014556885","1.55140566825867","0.497169882059097",,,,,,,,,,,,,,,,,,,,,,,,"2.43124556541443","1.16172540187836","0","0","0.592106759548187","0.282028496265411","0","0","0.322481602430344"
"72.4886380195618","0.0117971290252171","0.531281590461731","1350","50.9988479614258","1.22755408287048","1482.25776672363","100.039265632629","0.969877958297729","3.79767203330994","0.152858301997185","0.596621751785278","0.107267886400223","0.637917518615723","0.0217177476733923","0","1.36455810070038","0.717203915119171","0.21702734438295","0.334516406059265","1.48613584041595","0.498821943998337","0.0841954126954079","0.227786600589752","0.920373916625977","0.140608564019203","0.0305589437484741","0.0822629332542419","0.0633971989154816","0.533780455589294","0.00855568051338196","0.283454328775406","0.14402961730957","0.134195163846016","0.616218566894531","0.289985328912735","1.17915081977844","0.61040723323822","0","0","0.0250717960298061","0.113684609532356","0","0","0.0890301913022995","2.42981171607971","1.16173195838928","0","0","0.621680319309235","0.283388525247574","0","0","0.322485238313675"
"76.6398072242737","-0.806899901852012","0.525408208370209","1351","48.6815490722656","1.21780347824097","1468.04987792969","99.4417591094971","0.968408823013306","3.76725244522095","0.152329862117767","0.592191576957703","0.107651084661484","0.638516962528229","0.0221278071403503","0","1.35052752494812","0.711350917816162","0.207937352953013","0.334318459033966","1.51448798179626","0.498606652021408",,,,,,,,,,,,,,,,,,,,,,,,"2.4376380443573","1.16267311573029","0","0","0.611574828624725","0.283220827579498","0","0","0.323007881641388"
"72.4839782714844","-0.26598405353725","0.532686173915863","1352","48.4773292541504","1.23669505119324","1463.2358795166","102.25790643692","0.968572497367859","3.85217809677124","0.154129803180695","0.596604943275452","0.107628457248211","0.632271826267242","0.0217158496379852","0","1.3814537525177","0.72233122587204","0.217041681210685","0.334745287895203","1.53054785728455","0.498973250389099",,,,,,,,,,,,,,,,,,,,,,,,"2.42784142494202","1.16177952289581","0","0","0.630600988864899","0.283582389354706","0","0","0.32251164317131"
"80.7411688804627","-1.01307208496146","0.523199379444122","1353","49.0526809692383","1.20925498008728","1497.79496612549","94.8034902572632","0.969564378261566","3.78918170928955","0.152618631720543","0.597593903541565","0.10757227241993","0.634230256080627","0.0218132752925158","0","1.34992206096649","0.707005500793457","0.201403858614503","0.3340203166008","1.51992189884186","0.498161137104034",,,,,,,,,,,,,,,,,,,,,,,,"2.4269335269928","1.16114747524261","0","0","0.60412585735321","0.282968252897263","0","0","0.322160810232162"
"71.9894683837891","-1.15160584822297","0.529773116111755","1354","48.1842308044434","1.23347747325897","1797.23161773682","104.367336082458","0.968384683132172","3.78612494468689","0.152484461665154","0.599079012870789","0.107984118163586","0.633337378501892","0.0216735657304525","0","1.3832426071167","0.719378590583801","0.208569693140453","0.334547460079193","1.53339672088623","0.498692899942398",,,,,,,,,,,,,,,,,,,,,,,,"2.43878483772278","1.16554653644562","0","0","0.625456154346466","0.283414840698242","0","0","0.324606478214264"
"65.7577556610107","0.346880681905895","0.530245661735535","1355","48.5863914489746","1.22562837600708","1818.30837249756","108.075611877441","0.966998040676117","3.78943538665771","0.152804479002953","0.593289852142334","0.107858300209045","0.639889240264893","0.022087125107646","0","1.3720428943634","0.717110097408295","0.237857409522985","0.334229588508606","1.51400589942932","0.498271971940994",,,,,,,,,,,,,,,,,,,,,,,,"2.42279696464539","1.15899074077606","0","0","0.621517717838287","0.283145546913147","0","0","0.320965141057968"
"77.161856842041","1.46531113237143","0.536311447620392","1356","48.5257110595703","1.24145126342773","1625.218699646","103.64480009079","0.967414081096649","3.8828911781311","0.154715731739998","0.59963583946228","0.108486875891685","0.633321642875671","0.0217024814337492","0","1.37251138687134","0.722611546516418","0.225100157325505","0.335314750671387","1.57144224643707","0.499557703733444",,,,,,,,,,,,,,,,,,,,,,,,"2.44160604476929","1.1685756444931","0","0","0.631090521812439","0.28406485915184","0","0","0.326295882463455"
"75.2729402542114","-1.37796951085329","0.532502174377441","1357","49.2582397460938","1.22809195518494","1558.59021148682","92.6620553970337","0.971148073673248","3.81941652297974","0.153419226408005","0.595356464385986","0.107921898365021","0.637426018714905","0.0218004491180182","0","1.36744165420532","0.71643728017807","0.201660640892806","0.334616899490356","1.51764237880707","0.498873382806778",,,,,,,,,,,,,,,,,,,,,,,,"2.43483257293701","1.16493570804596","0","0","0.620352029800415","0.283473640680313","0","0","0.324266344308853"
"67.0135722160339","1.00429661348462","0.527242541313171","1358","48.4434013366699","1.21129739284515","1468.64649047852","86.0756113052368","0.971740126609802","3.79415464401245","0.152931407094002","0.592894554138184","0.10834564268589","0.642205417156219","0.0220924969762564","0","1.33905136585236","0.710011124610901","0.226413562794914","0.334170132875443","1.55097472667694","0.498419851064682",,,,,,,,,,,,,,,,,,,,,,,,"2.41846060752869","1.15530860424042","0","0","0.609273314476013","0.283095151185989","0","0","0.318928956985474"
"69.3024890899658","-1.36887731999159","0.518801271915436","1359","48.3551788330078","1.18971979618073","1175.2619644165","89.8797465324402","0.969018518924713","3.78561401367188","0.152706950902939","0.593481659889221","0.107950806617737","0.639971792697906","0.0220929142087698","0","1.33396863937378","0.701007544994354","0.200526455207728","0.333642989397049","1.52055048942566","0.497907817363739",,,,,,,,,,,,,,,,,,,,,,,,"2.40457510948181","1.14479768276215","0","0","0.593919038772583","0.282648593187332","0","0","0.31315216422081"
"74.126415348053","-0.559443983586971","0.526299595832825","1360","51.191707611084","1.22113823890686","1620.24914550781","101.026561450958","0.969062447547913","3.79753398895264","0.15309077501297","0.590957045555115","0.107199408113956","0.635585844516754","0.0218336898833513","0","1.35866975784302","0.712871789932251","0.219240916971466","0.334082245826721","1.52408182621002","0.49844753742218","0.0842616185545921","0.228347703814507","0.949187934398651","0.144447311758995","0.0310053415596485","0.0822592154145241","0.0632987469434738","0.535065770149231","0.00854367576539516","0.28261387348175","0.143531337380409","0.135187491774559","0.621485233306885","0.291240841150284","1.18126976490021","0.610042452812195","0","0","0.0248986203223467","0.114525280892849","0","0","0.0889237970113754","2.44191908836365","1.16432201862335","0","0","0.61419278383255","0.283020734786987","0","0","0.323924750089645"
"73.658154296875","0.541101737506688","0.534217655658722","1361","48.5354499816895","1.23344075679779","1500.10102233887","95.9749471664429","0.968496024608612","3.84331679344177","0.15410128235817","0.592318296432495","0.108142726123333","0.640051186084747","0.0219212509691715","0","1.38168048858643","0.721405208110809","0.225671668327414","0.334663778543472","1.54370069503784","0.498881012201309",,,,,,,,,,,,,,,,,,,,,,,,"2.43342304229736","1.1589492559433","0","0","0.628985106945038","0.283513367176056","0","0","0.32094219326973"
"77.8644804000855","0.747765167616308","0.528093576431274","1362","48.7030982971191","1.2252117395401","1773.67774505615","117.191382789612","0.966007769107819","3.83763027191162","0.153994753956795","0.591697573661804","0.108274824917316","0.634124636650085","0.0218949113041162","0","1.37254750728607","0.718830823898315","0.239697477524169","0.334206432104111","1.53893601894379","0.498502314090729",,,,,,,,,,,,,,,,,,,,,,,,"2.40519380569458","1.15286600589752","0","0","0.624504029750824","0.283125936985016","0","0","0.317581802606583"
"74.739280128479","-0.652619906375185","0.532484471797943","1363","48.8720474243164","1.22657430171967","1370.00708770752","90.4535090446472","0.97078138589859","3.85347676277161","0.154201477766037","0.595603406429291","0.108066610991955","0.639894723892212","0.0223124660551548","0","1.35874462127686","0.713244140148163","0.205190668135765","0.33514866232872","1.58230900764465","0.499291241168976",,,,,,,,,,,,,,,,,,,,,,,,"2.43864059448242","1.17129397392273","0","0","0.614834487438202","0.283924132585526","0","0","0.32781571149826"
"73.4969812393188","1.07923859655857","0.523285329341888","1364","48.4022102355957","1.2124410867691","1745.82070159912","97.264296913147","0.969252526760101","3.83440279960632","0.153875842690468","0.592761695384979","0.106719017028809","0.635792255401611","0.0215574223548174","0","1.34593021869659","0.706681311130524","0.222889947688964","0.333834707736969","1.50687372684479","0.498137950897217",,,,,,,,,,,,,,,,,,,,,,,,"2.45049619674683","1.16814982891083","0","0","0.603571951389313","0.282810986042023","0","0","0.326058149337769"
"74.6712665557861","0.703238878515549","0.537173092365265","1365","48.5837059020996","1.25177872180939","2027.90211029053","101.882508087158","0.975570678710938","3.89601731300354","0.155257552862167","0.593851387500763","0.107330493628979","0.63358473777771","0.0217631123960018","0","1.38038992881775","0.729272663593292","0.219220923201647","0.335077315568924","1.57713425159454","0.499264985322952",,,,,,,,,,,,,,,,,,,,,,,,"2.44026231765747","1.1664971113205","0","0","0.642778992652893","0.283863663673401","0","0","0.325136095285416"
"66.9308179855347","0.571471837162971","0.524767994880676","1366","48.5015182495117","1.19902157783508","1752.75122070313","99.6587676048279","0.966342806816101","3.84862494468689","0.154471293091774","0.586288332939148","0.107787325978279","0.63671088218689","0.0217974577099085","0","1.35648083686829","0.706648766994476","0.227147497315309","0.333203166723251","1.49609136581421","0.497526466846466",,,,,,,,,,,,,,,,,,,,,,,,"2.39693546295166","1.14493870735168","0","0","0.603516340255737","0.282275974750519","0","0","0.313229292631149"
"80.0828052520752","-1.41005905866623","0.531963527202606","1367","49.1878395080566","1.21992576122284","1585.81699676514","98.6086227416992","0.963729441165924","3.91442227363586","0.155542135238647","0.597241222858429","0.108435146510601","0.63537985086441","0.0216679759323597","0","1.35886526107788","0.711884021759033","0.203547765748226","0.335247159004211","1.59999597072601","0.499545812606812",,,,,,,,,,,,,,,,,,,,,,,,"2.4261314868927","1.1634259223938","0","0","0.612491846084595","0.284007579088211","0","0","0.323426336050034"
"78.5696331977844","-2.05165247321129","0.532858073711395","1368","49.4701728820801","1.21459376811981","1447.40126495361","95.1103704452515","0.970211923122406","3.9481143951416","0.156531825661659","0.591930031776428","0.108573839068413","0.636551439762115","0.0219341479241848","0","1.35886704921722","0.713262498378754","0.1932446904073","0.334702581167221","1.51261079311371","0.498864948749542",,,,,,,,,,,,,,,,,,,,,,,,"2.40413784980774","1.15032136440277","0","0","0.614866137504578","0.283546209335327","0","0","0.316181391477585"
"69.6029864311218","0.28486619470641","0.531226456165314","1369","48.8159790039063","1.2190922498703","1745.18367614746","97.9576303482056","0.967985391616821","3.93697738647461","0.156022861599922","0.598151087760925","0.107156567275524","0.633378386497498","0.0216871742159128","0","1.35073137283325","0.711079478263855","0.214067881533992","0.335377961397171","1.59666061401367","0.499660581350327",,,,,,,,,,,,,,,,,,,,,,,,"2.42311716079712","1.16421568393707","0","0","0.611108183860779","0.284118384122849","0","0","0.323865652084351"
"69.2703275680542","1.93623482584953","0.524485945701599","1370","51.2090644836426","1.21502161026001","1611.06584777832","98.3134880065918","0.97061026096344","3.85702300071716","0.154470562934875","0.591068863868713","0.106419615447521","0.639146387577057","0.0218369457870722","0","1.35152959823608","0.710190415382385","0.23429187451693","0.333757013082504","1.52351438999176","0.498060673475266","0.0840613543987274","0.228618055582047","0.942889451980591","0.149320960044861","0.0315309651196003","0.0833923369646072","0.0611587129533291","0.534621775150299","0.00849862769246101","0.280326783657074","0.143355160951614","0.135374382138252","0.633142650127411","0.291706770658493","1.18349885940552","0.610635995864868","0","0","0.0248375348746777","0.114683598279953","0","0","0.0890969261527061","2.43011951446533","1.1621105670929","0","0","0.609580993652344","0.282745182514191","0","0","0.322695463895798"
"80.6573793411255","-0.122731700818986","0.528562486171722","1371","48.871337890625","1.22084295749664","1373.9097869873","96.6186470031738","0.968012154102325","3.91101717948914","0.155542299151421","0.595331609249115","0.107228338718414","0.633540332317352","0.0216614119708538","0","1.36370432376862","0.71332186460495","0.209168559819227","0.335038870573044","1.55943512916565","0.499214679002762",,,,,,,,,,,,,,,,,,,,,,,,"2.4273955821991","1.16093564033508","0","0","0.614968597888947","0.283831149339676","0","0","0.322043269872665"
"67.0766966819763","-1.11030280813575","0.519276678562164","1372","47.9275970458984","1.18786299228668","1364.67047729492","90.534072971344","0.965791583061218","3.83484959602356","0.153964906930923","0.590852677822113","0.107577443122864","0.636127591133118","0.0218427013605833","0","1.32736372947693","0.697715938091278","0.216655985504622","0.334002792835236","1.52572548389435","0.498049020767212",,,,,,,,,,,,,,,,,,,,,,,,"2.41620659828186","1.1510009765625","0","0","0.588354527950287","0.282953411340714","0","0","0.316555052995682"
"73.4184093475342","-0.503846983029507","0.522688210010529","1373","48.4067001342773","1.20550298690796","1855.9814666748","99.1670351028442","0.967922151088715","3.77915406227112","0.152808040380478","0.587389707565308","0.106154970824718","0.630704879760742","0.0216245427727699","0","1.35057687759399","0.705974876880646","0.216317345760763","0.334209620952606","1.55796360969543","0.498366326093674",,,,,,,,,,,,,,,,,,,,,,,,"2.41760754585266","1.15726232528687","0","0","0.602365851402283","0.283128619194031","0","0","0.320008546113968"
"71.6334094047546","-0.215136099257506","0.524386525154114","1374","47.8283462524414","1.20704424381256","1408.76200866699","91.9850251197815","0.969382524490356","3.88821458816528","0.15527032315731","0.589135050773621","0.107215665280819","0.631848573684692","0.0213106293231249","0","1.34450733661652","0.705617010593414","0.211242706327175","0.33373361825943","1.5260021686554","0.497911423444748",,,,,,,,,,,,,,,,,,,,,,,,"2.43385124206543","1.16187298297882","0","0","0.601755321025848","0.282725393772125","0","0","0.322563469409943"
"70.6991788864136","0.963719590380788","0.522207677364349","1375","48.5585899353027","1.2080169916153","1580.17129821777","106.109858131409","0.96641606092453","3.86867022514343","0.15469029545784","0.592285811901093","0.107463367283344","0.632467150688171","0.0217702239751816","0","1.34396648406982","0.709204435348511","0.234805315962876","0.333888113498688","1.56460773944855","0.498155891895294",,,,,,,,,,,,,,,,,,,,,,,,"2.41625046730042","1.15230202674866","0","0","0.607889592647552","0.28285625576973","0","0","0.317271143198013"
"75.7364896774292","-0.401245460286736","0.526576161384583","1376","48.7057495117188","1.20489096641541","1471.75732574463","102.957439804077","0.96333771944046","3.85969734191895","0.154396936297417","0.594365000724792","0.107667781412601","0.631317436695099","0.0215731505304575","0","1.35124087333679","0.705928444862366","0.209989726921776","0.335176438093185","1.54443204402924","0.499160975217819",,,,,,,,,,,,,,,,,,,,,,,,"2.41447353363037","1.15481543540955","0","0","0.602286636829376","0.283947676420212","0","0","0.318656712770462"
"68.1717960357666","0.612605036608875","0.528451561927795","1377","48.6367797851563","1.21818792819977","1475.84260101318","96.6517957687378","0.969271659851074","3.83021688461304","0.153764620423317","0.593095898628235","0.108837835490704","0.635035932064056","0.021858423948288","0","1.36998212337494","0.713069021701813","0.226902990409872","0.33446604013443","1.54941761493683","0.49861079454422",,,,,,,,,,,,,,,,,,,,,,,,"2.42237949371338","1.15780627727509","0","0","0.614532649517059","0.283345848321915","0","0","0.320309400558472"
"74.6260188102722","-0.132420915178955","0.522401809692383","1378","48.2166290283203","1.19886100292206","1482.26810302734","90.6680212974548","0.968413114547729","3.90081453323364","0.155562222003937","0.589091539382935","0.106909058988094","0.636014103889465","0.0216987002640963","0","1.34324288368225","0.703542947769165","0.209131758206058","0.333792209625244","1.54505813121796","0.498005896806717",,,,,,,,,,,,,,,,,,,,,,,,"2.41639995574951","1.15337634086609","0","0","0.59822291135788","0.282774984836578","0","0","0.317863047122955"
"71.6370361328125","0.373032979608979","0.533612072467804","1379","49.4659957885742","1.22435164451599","1752.78630828857","101.394067382812","0.964146673679352","3.97824835777283","0.157004073262215","0.597233772277832","0.108555682003498","0.631296157836914","0.0220575500279665","0","1.36133074760437","0.714429497718811","0.22613950742525","0.336043417453766","1.58797144889832","0.500105321407318",,,,,,,,,,,,,,,,,,,,,,,,"2.41609597206116","1.16228032112122","0","0","0.616879820823669","0.284682154655457","0","0","0.32278972864151"
"76.8723113059998","-1.79332019835711","0.525684654712677","1380","50.9905548095703","1.20225393772125","1377.91632080078","96.5881935119629","0.969733893871307","3.95598649978638","0.156633988022804","0.593845367431641","0.108734227716923","0.635949969291687","0.021760780364275","0","1.35467886924744","0.70680445432663","0.204187186120544","0.334179192781448","1.53147459030151","0.498342454433441","0.0845281630754471","0.229833900928497","0.944914102554321","0.151688158512115","0.0317910090088844","0.0836583152413368","0.0607977323234081","0.538337528705597","0.00880121905356646","0.281168639659882","0.14370234310627","0.136684581637383","0.648416757583618","0.292909681797028","1.17778325080872","0.610586047172546","0","0","0.024957986548543","0.11579354852438","0","0","0.0890823602676392","2.39668321609497","1.14884221553802","0","0","0.60378235578537","0.283102840185165","0","0","0.31536877155304"
"78.2717372894287","-1.61688821017742","0.534478306770325","1381","49.3213844299316","1.23346984386444","1758.1650970459","104.433523750305","0.967454433441162","3.99918413162231","0.157583460211754","0.594696938991547","0.109589695930481","0.630087196826935","0.0214088037610054","0","1.36613464355469","0.719066739082336","0.206562029043562","0.335656672716141","1.62128901481628","0.499899327754974",,,,,,,,,,,,,,,,,,,,,,,,"2.43206024169922","1.16481912136078","0","0","0.624913930892944","0.284354507923126","0","0","0.324201434850693"
"72.7050938606262","-0.965893717110157","0.528360784053802","1382","48.5681533813477","1.2157461643219","1342.10821228027","87.8973034858704","0.972675263881683","3.94442939758301","0.156544402241707","0.589536130428314","0.109408654272556","0.632743060588837","0.0218510646373034","0","1.35718023777008","0.712657570838928","0.211924397933763","0.334432721138","1.57106554508209","0.498435169458389",,,,,,,,,,,,,,,,,,,,,,,,"2.4211151599884","1.15472149848938","0","0","0.613823711872101","0.283317625522614","0","0","0.318604856729507"
"72.523975944519","-0.583215304929763","0.52423620223999","1383","48.3191680908203","1.20622992515564","1333.78497619629","89.7286623001099","0.970260202884674","3.88557863235474","0.155186802148819","0.589694261550903","0.108323223888874","0.629041910171509","0.021400535479188","0","1.3461149930954","0.705581068992615","0.205274108564481","0.334319084882736","1.55471777915955","0.498390763998032",,,,,,,,,,,,,,,,,,,,,,,,"2.42895793914795","1.15962135791779","0","0","0.601694047451019","0.283221364021301","0","0","0.321314543485641"
"68.3194483757019","-0.15279355237144","0.533155679702759","1384","48.084644317627","1.23164296150208","1642.00149536133","101.359625053406","0.968871116638184","3.94797277450562","0.156512260437012","0.592333078384399","0.108375012874603","0.628616154193878","0.0215288624167442","0","1.37045466899872","0.719998955726624","0.234020546084503","0.3349489569664","1.55785596370697","0.499085545539856",,,,,,,,,,,,,,,,,,,,,,,,"2.42163395881653","1.15969026088715","0","0","0.626535356044769","0.283754944801331","0","0","0.32135272026062"
"73.6604263305664","-0.476705454103649","0.528960525989532","1385","48.921085357666","1.21702635288239","1739.8125289917","98.10649061203","0.968733489513397","3.9562075138092","0.156587287783623","0.595117568969727","0.109588496387005","0.635356187820435","0.0219465307891369","0","1.35787832736969","0.713528096675873","0.221786972452537","0.335356891155243","1.57081031799316","0.499267369508743",,,,,,,,,,,,,,,,,,,,,,,,"2.40551280975342","1.15290188789368","0","0","0.615324139595032","0.284100532531738","0","0","0.317601591348648"
"72.0957617759705","0.344809416154749","0.522989511489868","1386","48.2670440673828","1.19754934310913","1165.28305511475","88.548002243042","0.966728091239929","3.89232683181763","0.155304148793221","0.590631425380707","0.109249159693718","0.635539352893829","0.0215618945658207","0","1.34346067905426","0.70288497209549","0.212199202293414","0.334175109863281","1.53461098670959","0.498158723115921",,,,,,,,,,,,,,,,,,,,,,,,"2.41561603546143","1.15243697166443","0","0","0.597104549407959","0.283099383115768","0","0","0.317345440387726"
"70.9731387138367","-0.565140525531024","0.525185823440552","1387","48.9187507629395","1.21381211280823","1305.34980773926","90.7623620033264","0.970265984535217","3.88494157791138","0.155113488435745","0.591131091117859","0.107432849705219","0.63135039806366","0.0217218678444624","0","1.35385453701019","0.708141088485718","0.218260338324762","0.33500149846077","1.58393275737762","0.499401241540909",,,,,,,,,,,,,,,,,,,,,,,,"2.43443989753723","1.16435754299164","0","0","0.606068074703217","0.283799469470978","0","0","0.323944568634033"
"69.5964796066284","-0.059344234096352","0.520740807056427","1388","48.6508178710938","1.20104694366455","1550.07337646484","101.534280204773","0.967102527618408","3.89983367919922","0.155517160892487","0.589645743370056","0.109081290662289","0.631213128566742","0.0216202400624752","0","1.35049283504486","0.705387473106384","0.221550918638241","0.334165185689926","1.54115641117096","0.498389422893524",,,,,,,,,,,,,,,,,,,,,,,,"2.4070451259613","1.15106797218323","0","0","0.601363897323608","0.283090978860855","0","0","0.31659197807312"
"65.9510047912598","0.751644038595259","0.522271573543549","1389","47.9768371582031","1.20250403881073","1417.73619995117","92.5812802314758","0.969806313514709","3.8849880695343","0.155168503522873","0.589808762073517","0.108721770346165","0.630338728427887","0.0216630455106497","0","1.34861385822296","0.705729126930237","0.234772038878873","0.334485322237015","1.54774534702301","0.498897582292557",,,,,,,,,,,,,,,,,,,,,,,,"2.41140913963318","1.15216410160065","0","0","0.601946532726288","0.283362179994583","0","0","0.317195236682892"
"72.3211605072022","-0.281664521899074","0.519814670085907","1390","50.8456764221191","1.20037186145782","1383.41507873535","92.8819290161133","0.968288421630859","3.87489938735962","0.154780566692352","0.593595385551453","0.11055214703083","0.637687563896179","0.0220263265073299","0","1.33973717689514","0.703030467033386","0.205067641485948","0.333632439374924","1.56547605991364","0.49793928861618","0.0844842940568924","0.230344921350479","0.929401814937592","0.152697667479515","0.0319040045142174","0.0836740285158157","0.0623067989945412","0.544203221797943","0.00891199242323637","0.282652676105499","0.143970474600792","0.13673722743988","0.663909256458282","0.293120682239532","1.18881988525391","0.611863791942596","0","0","0.0250512100756168","0.115838147699833","0","0","0.0894555747509003","2.43579149246216","1.15793466567993","0","0","0.597351729869843","0.282639652490616","0","0","0.320380479097366"
"69.5617586135864","-0.628759073838592","0.524259448051453","1391","48.5372734069824","1.21318352222443","1291.10603027344","89.3116680145264","0.97040581703186","3.93671989440918","0.156278163194656","0.591755986213684","0.109881944954395","0.628664970397949","0.0218325052410364","0","1.35468459129333","0.707914710044861","0.220300902400049","0.334790945053101","1.57881271839142","0.499026626348495",,,,,,,,,,,,,,,,,,,,,,,,"2.43905973434448","1.16424477100372","0","0","0.605680584907532","0.283621072769165","0","0","0.32388174533844"
"73.3263495445251","-0.201604844606481","0.520572245121002","1392","49.035213470459","1.19806051254272","1262.72218017578","92.7443911552429","0.9679274559021","3.92811560630798","0.155885756015778","0.596538186073303","0.111143693327904","0.633053421974182","0.0216831527650356","0","1.33964228630066","0.701080143451691","0.212633822430507","0.334820598363876","1.59969866275787","0.498984545469284",,,,,,,,,,,,,,,,,,,,,,,,"2.41875553131104","1.15791976451874","0","0","0.594042062759399","0.283646196126938","0","0","0.320372253656387"
"67.4878546714783","0.018467580388824","0.523912310600281","1393","48.7380180358887","1.2101286649704","1670.97129821777","98.2782793045044","0.968617916107178","3.92304801940918","0.15587106347084","0.594054877758026","0.1110665127635","0.634014844894409","0.0217456128448248","0","1.34972178936005","0.708702921867371","0.227677411571494","0.335063248872757","1.5945235490799","0.49918606877327",,,,,,,,,,,,,,,,,,,,,,,,"2.42162752151489","1.15588402748108","0","0","0.607030153274536","0.283851742744446","0","0","0.319246768951416"
"68.437366771698","0.189078539505135","0.525413513183594","1394","48.7721290588379","1.20656371116638","1334.56947479248","89.1212675094605","0.970071792602539","3.86630892753601","0.154584974050522","0.593518853187561","0.11084271967411","0.636596620082855","0.0221313238143921","0","1.35159003734589","0.707290291786194","0.224526271838113","0.335388660430908","1.61943912506104","0.499363988637924",,,,,,,,,,,,,,,,,,,,,,,,"2.41135787963867","1.15330469608307","0","0","0.604612648487091","0.284127444028854","0","0","0.317823529243469"
"66.7748659133911","-0.96469166688621","0.523655831813812","1395","49.0347595214844","1.19707405567169","1527.56379547119","95.2695558547974","0.966580450534821","3.9188117980957","0.155980542302132","0.58897191286087","0.110309354960918","0.638087749481201","0.0219836421310902","0","1.34158658981323","0.70229572057724","0.217694693493831","0.334711760282516","1.58216881752014","0.4989974796772",,,,,,,,,,,,,,,,,,,,,,,,"2.42250442504883","1.15256547927856","0","0","0.596103727817535","0.283554017543793","0","0","0.317416280508041"
"75.4399545669556","1.06209454834461","0.517145276069641","1396","47.895565032959","1.18754005432129","1734.3657119751","102.496365356445","0.962396204471588","3.87657856941223","0.15494666993618","0.590489089488983","0.110169060528278","0.635729551315308","0.021774047985673","0","1.32322072982788","0.69768214225769","0.227348926660488","0.334514379501343","1.53867828845978","0.498741209506989",,,,,,,,,,,,,,,,,,,,,,,,"2.40494108200073","1.1497288942337","0","0","0.588297545909882","0.283386796712875","0","0","0.315855801105499"
"72.606995010376","1.33231169208884","0.526411712169647","1397","48.9218635559082","1.21807408332825","1515.48903503418","96.520484161377","0.970069169998169","3.91811895370483","0.155740261077881","0.594484448432922","0.110667034983635","0.633935928344727","0.0220575425773859","0","1.36265921592712","0.711934268474579","0.236214888037648","0.335455238819122","1.59595549106598","0.499586910009384",,,,,,,,,,,,,,,,,,,,,,,,"2.42921471595764","1.15961647033691","0","0","0.612578332424164","0.284183859825134","0","0","0.321311801671982"
"78.8971899986267","-0.220591344451532","0.523418426513672","1398","48.5473823547363","1.20426857471466","1445.45507507324","89.8560521125793","0.969025194644928","3.88370585441589","0.155074298381805","0.591392338275909","0.11082399636507","0.639353692531586","0.0217194333672523","0","1.34497356414795","0.704636871814728","0.209756057315099","0.335213631391525","1.5710825920105","0.499356985092163",,,,,,,,,,,,,,,,,,,,,,,,"2.41990184783936","1.15761709213257","0","0","0.600084662437439","0.283979147672653","0","0","0.320204764604568"
"67.2995134353638","0.959463821351528","0.524534702301025","1399","48.8774642944336","1.20685768127441","1411.21083526611","96.2670293807983","0.967756628990173","3.94076704978943","0.156344264745712","0.592410385608673","0.112047366797924","0.63933801651001","0.0221947282552719","0","1.3423969745636","0.708041906356812","0.236859892698703","0.33481377363205","1.57844257354736","0.499061703681946",,,,,,,,,,,,,,,,,,,,,,,,"2.41775822639465","1.15238881111145","0","0","0.605898320674896","0.283640444278717","0","0","0.317318975925446"
"79.4859692573547","-0.936077194544487","0.518826305866241","1400","50.5353050231934","1.19622802734375","1645.00076293945","103.841010093689","0.966385960578918","3.84231090545654","0.154047101736069","0.593065977096558","0.111852690577507","0.637298047542572","0.0219133403152227","0","1.35189151763916","0.703620314598083","0.211695768753998","0.334958225488663","1.55823349952698","0.499073535203934","0.0845364257693291","0.230674311518669","0.949605524539948","0.155662328004837","0.0321965031325817","0.0850398689508438","0.0636756420135498","0.548947215080261","0.00939191970974207","0.282662659883499","0.143771067261696","0.137155041098595","0.678858995437622","0.293679147958755","1.18569803237915","0.612016916275024","0","0","0.0249818656593561","0.11619209498167","0","0","0.0895003527402878","2.40977835655212","1.14654839038849","0","0","0.598354518413544","0.283762812614441","0","0","0.314110666513443"
"70.5665790557861","0.506973098218441","0.527943193912506","1401","48.9125289916992","1.21172785758972","1691.68357086182","99.631023311615","0.965518832206726","3.97466158866882","0.15709500014782","0.592983722686768","0.113335743546486","0.638339400291443","0.022096324712038","0","1.34915792942047","0.708541214466095","0.23492419764807","0.335786074399948","1.59311258792877","0.499932408332825",,,,,,,,,,,,,,,,,,,,,,,,"2.42631006240845","1.15816986560822","0","0","0.60675311088562","0.284464120864868","0","0","0.320510655641556"
"69.5283931732178","1.05173165723681","0.524730563163757","1402","48.85009765625","1.20967602729797","1586.13989257813","102.601383590698","0.964562475681305","3.87833595275879","0.155136659741402","0.586817145347595","0.112580299377441","0.636645078659058","0.0221175830811262","0","1.33557736873627","0.706700801849365","0.249992427334655","0.335082232952118","1.5588173866272","0.49940699338913",,,,,,,,,,,,,,,,,,,,,,,,"2.42775130271912","1.16122329235077","0","0","0.603605210781097","0.283867865800858","0","0","0.322202891111374"
"77.1566549301147","0.246383746492211","0.524228692054749","1403","48.169921875","1.21754920482635","2010.08946075439","113.944584846497","0.964536786079407","3.95170044898987","0.156584531068802","0.592651903629303","0.112254485487938","0.635267496109009","0.0221013091504574","0","1.36521148681641","0.710420668125153","0.243700041115517","0.335245460271835","1.59313154220581","0.499512046575546",,,,,,,,,,,,,,,,,,,,,,,,"2.4279088973999","1.16367840766907","0","0","0.609976291656494","0.284006148576736","0","0","0.32356670498848"
"72.9800543785095","-1.28685396760702","0.524113476276398","1404","48.4217681884766","1.2098753452301","1558.98146972656","95.4777000427246","0.968313217163086","3.87957620620728","0.155040964484215","0.589874088764191","0.112380377948284","0.634381175041199","0.0216947756707668","0","1.36216616630554","0.708104133605957","0.209688032320992","0.334286689758301","1.59554088115692","0.498598992824554",,,,,,,,,,,,,,,,,,,,,,,,"2.41951680183411","1.15846967697144","0","0","0.60600483417511","0.28319388628006","0","0","0.320676565170288"
"73.5444911003113","1.0937996737659","0.524305760860443","1405","48.3476524353027","1.21262240409851","1759.12057952881","100.191481971741","0.965373635292053","3.91189908981323","0.155724450945854","0.591370463371277","0.11247531324625","0.638934552669525","0.0221754461526871","0","1.37014961242676","0.709576010704041","0.232676878658822","0.334947854280472","1.59286558628082","0.499091655015945",,,,,,,,,,,,,,,,,,,,,,,,"2.42033815383911","1.15786445140839","0","0","0.608526706695557","0.283754020929337","0","0","0.32034158706665"
"73.5639147758484","-0.958439679071307","0.523137509822845","1406","48.6079330444336","1.2156343460083","1280.06489868164","92.0220582962036","0.969668745994568","3.87951612472534","0.154872372746468","0.593957304954529","0.112810775637627","0.639757931232452","0.0219817124307156","0","1.37068152427673","0.710296332836151","0.20801925524429","0.334811121225357","1.62823748588562","0.499060332775116",,,,,,,,,,,,,,,,,,,,,,,,"2.43498635292053","1.16127812862396","0","0","0.609762847423553","0.283638179302216","0","0","0.322233289480209"
"73.59182472229","-0.534190715104341","0.522674262523651","1407","48.2167701721191","1.20432579517365","1429.4925201416","97.5166240692139","0.969020962715149","3.8733696937561","0.154778033494949","0.592795968055725","0.112380504608154","0.64419162273407","0.022369023412466","0","1.35129845142365","0.707495748996735","0.219436015794054","0.334385126829147","1.58305275440216","0.498607754707336",,,,,,,,,,,,,,,,,,,,,,,,"2.41429543495178","1.15014517307281","0","0","0.604963898658752","0.283277302980423","0","0","0.316084533929825"
"68.2181227684021","-1.6334945037961","0.522812306880951","1408","48.3306922912598","1.20562636852264","1718.82387542725","92.9046116828918","0.970606505870819","3.84470844268799","0.154237911105156","0.589779019355774","0.112777724862099","0.641693711280823","0.022147299721837","0","1.34825003147125","0.706921398639679","0.213708621071419","0.334014028310776","1.57771694660187","0.498378336429596",,,,,,,,,,,,,,,,,,,,,,,,"2.42701935768127","1.15485990047455","0","0","0.603982150554657","0.282962918281555","0","0","0.318681269884109"
"66.7973976135254","-0.0758997403434478","0.526185870170593","1409","48.2779502868652","1.22247362136841","1828.22378540039","104.315775299072","0.970242381095886","3.87977313995361","0.154958009719849","0.592015206813812","0.113149724900723","0.639600515365601","0.0223464835435152","0","1.36275637149811","0.714652121067047","0.224355988172465","0.334848493337631","1.65793204307556","0.499032497406006",,,,,,,,,,,,,,,,,,,,,,,,"2.43076801300049","1.16002702713013","0","0","0.61726438999176","0.283669859170914","0","0","0.321539402008057"
"73.2960813522339","-1.11191495805979","0.526646614074707","1410","51.1297187805176","1.21717119216919","1533.65314331055","96.0073581695557","0.969052731990814","3.89418530464172","0.155333876609802","0.59095311164856","0.113199688494205","0.641747713088989","0.0221927259117365","0","1.35415530204773","0.71124678850174","0.208911299295141","0.335048228502274","1.59280061721802","0.499174296855927","0.0843001529574394","0.230932340025902","0.936587929725647","0.154749497771263","0.0321070142090321","0.0846114456653595","0.0635647624731064","0.550349354743958","0.00934017449617386","0.282644987106323","0.14354532957077","0.138046115636826","0.692717552185059","0.294466823339462","1.18208932876587","0.610584437847137","0","0","0.0249034762382507","0.116946987807751","0","0","0.089081883430481","2.42851400375366","1.16074275970459","0","0","0.61139589548111","0.283839076757431","0","0","0.321936249732971"
"66.0444197654724","0.405358175380388","0.524924516677856","1411","48.4777870178223","1.21208763122559","1655.4950302124","104.188930702209","0.964265525341034","3.90530967712402","0.155535906553268","0.592278659343719","0.113085485994816","0.640605568885803","0.0222980845719576","0","1.34868860244751","0.709012687206268","0.243747232317401","0.335555493831635","1.61111879348755","0.499923646450043",,,,,,,,,,,,,,,,,,,,,,,,"2.42267727851868","1.15771317481995","0","0","0.607560932636261","0.284268796443939","0","0","0.320257931947708"
"72.0004945755005","-0.654125132333138","0.531510591506958","1412","49.6772880554199","1.22455215454102","1497.25820007324","92.2756819725037","0.968612372875214","4.00682592391968","0.157582491636276","0.598995089530945","0.114776991307735","0.644755601882935","0.0223588645458221","0","1.356968998909","0.714188516139984","0.219884045788785","0.335811853408813","1.6315393447876","0.500176787376404",,,,,,,,,,,,,,,,,,,,,,,,"2.44129848480225","1.16374266147614","0","0","0.616463720798492","0.284485936164856","0","0","0.323602467775345"
"69.7062570571899","-0.53905192129314","0.525357961654663","1413","48.6643447875977","1.21427667140961","1464.74541931152","99.1878438949585","0.965948343276978","3.93471264839172","0.15631939470768","0.589603960514069","0.113221891224384","0.639003932476044","0.02218365855515","0","1.35112500190735","0.708279609680176","0.216976303099364","0.334503412246704","1.60084962844849","0.49886080622673",,,,,,,,,,,,,,,,,,,,,,,,"2.43663930892944","1.1655238866806","0","0","0.606305241584778","0.28337749838829","0","0","0.324593901634216"
"76.9193370819092","-1.73342620134354","0.524556934833527","1414","49.4757118225098","1.19829154014587","1425.6692276001","94.3168292999268","0.966019690036774","3.97941827774048","0.157212689518929","0.592751741409302","0.113823235034943","0.641123116016388","0.0219789892435074","0","1.32139909267426","0.703262805938721","0.199393800692633","0.334664672613144","1.61584377288818","0.498974949121475",,,,,,,,,,,,,,,,,,,,,,,,"2.40915131568909","1.15186548233032","0","0","0.597746610641479","0.283514112234116","0","0","0.317030817270279"
"75.8139738082886","-0.731948623154312","0.524422526359558","1415","48.2948837280273","1.21320331096649","1333.04883880615","98.2709506988525","0.967388987541199","3.90124535560608","0.155534416437149","0.590019941329956","0.113001972436905","0.644892811775208","0.0221983306109905","0","1.36802709102631","0.710470974445343","0.218166634914815","0.334268838167191","1.61934053897858","0.498513758182526",,,,,,,,,,,,,,,,,,,,,,,,"2.42143559455872","1.15717768669128","0","0","0.610062777996063","0.283178776502609","0","0","0.319961756467819"
"71.1775121688843","-0.852371780946851","0.526879012584686","1416","48.7825050354004","1.20867347717285","1414.48221435547","92.4687960624695","0.967641830444336","3.97709488868713","0.15715292096138","0.592921555042267","0.113581612706184","0.640811622142792","0.0222629141062498","0","1.34782564640045","0.707677781581879","0.208908060070826","0.335239917039871","1.62858152389526","0.499366909265518",,,,,,,,,,,,,,,,,,,,,,,,"2.41389918327332","1.15615570545197","0","0","0.605275273323059","0.284001469612122","0","0","0.319396823644638"
"73.5443563461304","-0.566893735527992","0.521740853786469","1417","48.0379753112793","1.19264888763428","1144.86042327881","82.307976436615","0.97176331281662","3.97215485572815","0.157150909304619","0.59018474817276","0.114236861467361","0.642310380935669","0.0221863631159067","0","1.33103573322296","0.700681805610657","0.210528210920165","0.334248453378677","1.59400689601898","0.498492747545242",,,,,,,,,,,,,,,,,,,,,,,,"2.41129446029663","1.15021002292633","0","0","0.593367218971252","0.283161520957947","0","0","0.316120177507401"
"76.9915344238281","-0.573947433382273","0.528866171836853","1418","49.1283721923828","1.21602463722229","1474.03534698486","97.0057044029236","0.967484772205353","3.98701310157776","0.15717040002346","0.598051905632019","0.114286556839943","0.645007193088531","0.0223250761628151","0","1.34710049629211","0.710303544998169","0.220148614392383","0.335502445697784","1.63368463516235","0.499464154243469",,,,,,,,,,,,,,,,,,,,,,,,"2.43083930015564","1.16090381145477","0","0","0.609775185585022","0.284223824739456","0","0","0.322025567293167"
"85.4981959342957","-1.10702419802546","0.52411961555481","1419","48.7022972106934","1.20998585224152","1504.26483917236","99.4683484077454","0.968065023422241","3.98057055473328","0.157270014286041","0.591982543468475","0.114057019352913","0.647849380970001","0.0227053165435791","0","1.36698305606842","0.710507035255432","0.211119274655357","0.334266066551208","1.6340320110321","0.498471170663834",,,,,,,,,,,,,,,,,,,,,,,,"2.41161847114563","1.15123665332794","0","0","0.610124707221985","0.283176422119141","0","0","0.316684722900391"
"73.9113486289978","-0.573965120781213","0.524138748645782","1420","50.3050346374512","1.21513962745667","1654.10220184326","95.4147399902344","0.969157099723816","3.93308901786804","0.156245678663254","0.59050714969635","0.112776756286621","0.637054741382599","0.0219698082655668","0","1.35919106006622","0.709937274456024","0.217725499818334","0.335205048322678","1.61682868003845","0.499430477619171","0.0847384557127953","0.233294382691383","0.937421798706055","0.160496398806572","0.0326690077781677","0.08717942237854","0.0630894228816032","0.547334730625153","0.00928197335451841","0.283501297235489","0.144014686346054","0.139201641082764","0.706364214420319","0.295820862054825","1.19645690917969","0.614751279354095","0","0","0.0250666011124849","0.117925897240639","0","0","0.0903018862009048","2.4259033203125","1.16089570522308","0","0","0.609146595001221","0.283971905708313","0","0","0.322021096944809"
"74.0901181221008","0.064881013892591","0.523973286151886","1421","48.556079864502","1.21581923961639","1853.78018798828","103.138073921204","0.97053599357605","3.94784998893738","0.156541779637337","0.591535747051239","0.113544270396233","0.641560018062592","0.0224502962082624","0","1.3563539981842","0.71185576915741","0.238177109551907","0.334467232227325","1.65971040725708","0.49891459941864",,,,,,,,,,,,,,,,,,,,,,,,"2.43080067634583","1.15729963779449","0","0","0.612443208694458","0.283346831798553","0","0","0.320029199123383"
"68.0110640525818","0.719580946024507","0.527502298355103","1422","48.2335586547852","1.22227513790131","1572.6306137085","99.3085275650024","0.969347238540649","4.01601648330688","0.15790481865406","0.596192002296448","0.113128356635571","0.637467861175537","0.0222074389457703","0","1.37536692619324","0.715411007404327","0.253030337431119","0.335123091936111","1.64191555976868","0.499435216188431",,,,,,,,,,,,,,,,,,,,,,,,"2.41724920272827","1.15687918663025","0","0","0.618576049804688","0.28390246629715","0","0","0.319796651601791"
"74.6270885467529","-1.36402816921473","0.529588639736176","1423","49.094799041748","1.21555423736572","1553.92935638428","98.1989217758179","0.969695210456848","4.02333068847656","0.15809254348278","0.595646739006042","0.113706730306149","0.644531011581421","0.0225452799350023","0","1.34047412872314","0.710689425468445","0.208931872202083","0.335978806018829","1.63191378116608","0.500151693820953",,,,,,,,,,,,,,,,,,,,,,,,"2.4315357208252","1.15813052654266","0","0","0.61043792963028","0.28462740778923","0","0","0.32048887014389"
"72.5078263282776","1.02371548563242","0.529466032981873","1424","48.1008949279785","1.22049129009247","1357.33440856934","90.011349773407","0.971091389656067","4.00265979766846","0.157793238759041","0.591450393199921","0.113378129899502","0.638247668743134","0.0221530199050903","0","1.36642050743103","0.714375019073486","0.248544138920261","0.33570209145546","1.6198319196701","0.500071406364441",,,,,,,,,,,,,,,,,,,,,,,,"2.42074251174927","1.15600299835205","0","0","0.616785824298859","0.284392982721329","0","0","0.319312453269958"
"75.558069229126","-2.09968032240868","0.523010969161987","1425","49.8675193786621","1.20395994186401","1463.03592987061","94.7508809089661","0.968532562255859","3.98231554031372","0.157415807247162","0.589344918727875","0.113156326115131","0.645427823066711","0.0227439049631357","0","1.36054337024689","0.706027686595917","0.212743359414162","0.334269493818283","1.6656905412674","0.498858153820038",,,,,,,,,,,,,,,,,,,,,,,,"2.41214442253113","1.15421366691589","0","0","0.602455973625183","0.283179342746735","0","0","0.318324714899063"
"75.6722128868103","-0.945743457460776","0.52754545211792","1426","49.4963455200195","1.20938658714294","1709.12158355713","101.276786994934","0.96399861574173","4.03391599655151","0.158289805054665","0.596691250801086","0.114289849996567","0.641637682914734","0.0225674659013748","0","1.3515248298645","0.706687331199646","0.219271111977287","0.335822582244873","1.65364670753479","0.500231027603149",,,,,,,,,,,,,,,,,,,,,,,,"2.42148923873901","1.15961217880249","0","0","0.603582203388214","0.284495055675507","0","0","0.321309417486191"
"71.1128394126892","0.714584993198514","0.524342775344849","1427","49.3493041992188","1.20827102661133","1476.73903961182","96.8792478561401","0.969865024089813","4.01088762283325","0.157967776060104","0.591747522354126","0.114083528518677","0.644554555416107","0.0223876070231199","0","1.35841333866119","0.710077583789825","0.235832323890645","0.334492981433868","1.63270461559296","0.498905837535858",,,,,,,,,,,,,,,,,,,,,,,,"2.40575551986694","1.14910840988159","0","0","0.609387397766113","0.283368647098541","0","0","0.315514981746674"
"68.674743938446","0.576242848206311","0.526265680789948","1428","49.8136520385742","1.21533012390137","1413.80006408691","94.605696105957","0.969336450099945","4.01508140563965","0.158018201589584","0.592856168746948","0.114797413349152","0.643057346343994","0.0224172696471214","0","1.35954356193542","0.710892617702484","0.232904778281227","0.33511757850647","1.65492701530457","0.499249458312988",,,,,,,,,,,,,,,,,,,,,,,,"2.4245126247406","1.15841317176819","0","0","0.610787034034729","0.283897787332535","0","0","0.320645302534103"
"78.9675938606262","-1.65498356670141","0.518965780735016","1429","49.9287261962891","1.19787383079529","1822.41282501221","106.600013923645","0.963634431362152","4.01668119430542","0.158006325364113","0.594052016735077","0.11388360708952","0.651779770851135","0.0232210978865623","0","1.34689903259277","0.702246427536011","0.215888669772539","0.334780424833298","1.7077579498291","0.499027103185654",,,,,,,,,,,,,,,,,,,,,,,,"2.42159986495972","1.1540629863739","0","0","0.596020102500916","0.283612191677094","0","0","0.318241566419601"
"82.5236881256103","-1.28576130932197","0.529864251613617","1430","53.2698936462402","1.21952283382416","1515.87855834961","94.0037071228027","0.971261739730835","4.03598403930664","0.158442065119743","0.594073057174683","0.114822119474411","0.648555040359497","0.022845720872283","0","1.36441099643707","0.712087869644165","0.203288810173399","0.335510015487671","1.66903853416443","0.499893605709076","0.0844129920005798","0.23311759531498","0.939926981925964","0.162804275751114","0.0329177305102348","0.0872892960906029","0.0625166222453117","0.549601554870605","0.00947017315775156","0.282109379768372","0.14359350502491","0.13989070057869","0.715627074241638","0.296573579311371","1.18730711936951","0.612657308578491","0","0","0.0249201972037554","0.118509635329247","0","0","0.0896877571940422","2.43389582633972","1.16166830062866","0","0","0.612842679023743","0.284230262041092","0","0","0.322449892759323"
"80.25346326828","1.42953354716301","0.52774703502655","1431","50.1097259521484","1.21904742717743","1488.63383789063","94.4132553100586","0.97073495388031","4.03760051727295","0.158407956361771","0.595827579498291","0.11356557905674","0.645834445953369","0.0226875077933073","0","1.35712814331055","0.71254974603653","0.224249130178941","0.336330205202103","1.65002012252808","0.50062507390976",,,,,,,,,,,,,,,,,,,,,,,,"2.41207456588745","1.15812230110168","0","0","0.613637983798981","0.284925103187561","0","0","0.320484310388565"
"72.5636213302612","-0.419535027397797","0.526597082614899","1432","49.547607421875","1.2139059305191","1547.95732421875","93.9692045211792","0.970744907855988","4.01975965499878","0.158074647188187","0.594086229801178","0.113264001905918","0.651705086231232","0.0232095196843147","0","1.3554060459137","0.710863947868347","0.220060056707007","0.335397303104401","1.65615916252136","0.499688386917114",,,,,,,,,,,,,,,,,,,,,,,,"2.41929030418396","1.15549778938293","0","0","0.610737800598145","0.284134775400162","0","0","0.31903338432312"
"71.9025606155396","-0.885698647797108","0.527588784694672","1433","49.7370986938477","1.2095091342926","1447.85839691162","90.4419841766357","0.970783174037933","4.11491060256958","0.160000532865524","0.599436700344086","0.113976344466209","0.647905766963959","0.0230422951281071","0","1.35152435302734","0.7080197930336","0.223586251802044","0.335591614246368","1.64681506156921","0.49973464012146",,,,,,,,,,,,,,,,,,,,,,,,"2.42184090614319","1.15606951713562","0","0","0.605860531330109","0.284299373626709","0","0","0.319349259138107"
"68.8071335792542","0.0948771677096374","0.530082762241364","1434","49.9486351013184","1.22907662391663","1644.85903015137","104.886422920227","0.968277156352997","4.0053071975708","0.157925635576248","0.589645206928253","0.113877646625042","0.655333876609802","0.0234531499445438","0","1.38384962081909","0.71881628036499","0.238727839893545","0.334640771150589","1.66995394229889","0.499008357524872",,,,,,,,,,,,,,,,,,,,,,,,"2.42610144615173","1.15924143791199","0","0","0.624478697776794","0.283493876457214","0","0","0.321103990077972"
"75.5234262466431","-1.8446562319994","0.520464420318604","1435","49.1044616699219","1.1975759267807","1536.89864654541","95.1555600166321","0.968109369277954","3.97255992889404","0.157146349549294","0.590525925159454","0.112367503345013","0.652993023395538","0.0231253132224083","0","1.34090495109558","0.702250361442566","0.217535480821971","0.334905952215195","1.62174916267395","0.499217540025711",,,,,,,,,,,,,,,,,,,,,,,,"2.41709423065186","1.15331768989563","0","0","0.59602677822113","0.28371849656105","0","0","0.317830711603165"
"68.5807891845703","-1.16455522850156","0.523880302906036","1436","49.8581848144531","1.20501697063446","1407.10683135986","95.9063653945923","0.966176509857178","4.074782371521","0.159275531768799","0.595084249973297","0.113774999976158","0.652114808559418","0.0232675615698099","0","1.34925508499146","0.703855991363525","0.226572454947745","0.336112231016159","1.65567827224731","0.500315964221954",,,,,,,,,,,,,,,,,,,,,,,,"2.42808985710144","1.15999412536621","0","0","0.598755478858948","0.284740418195724","0","0","0.321521103382111"
"71.0586508750916","-0.147399306081934","0.527281761169434","1437","50.3808479309082","1.21428596973419","1632.95927734375","100.959129142761","0.965489864349365","4.05959272384644","0.158769488334656","0.59916353225708","0.114495739340782","0.645309686660767","0.0225109793245792","0","1.36052536964417","0.708524227142334","0.23339029357885","0.335995763540268","1.6829389333725","0.50037944316864",,,,,,,,,,,,,,,,,,,,,,,,"2.43612289428711","1.16251504421234","0","0","0.606724143028259","0.284641742706299","0","0","0.322920113801956"
"73.8442760467529","-0.880417769029737","0.529224455356598","1438","50.7336158752441","1.21142709255219","1535.30872650146","95.3726811408997","0.966767609119415","4.06142711639404","0.158901765942574","0.59691059589386","0.114759661257267","0.647644817829132","0.0230900291353464","0","1.35671293735504","0.709446668624878","0.219864202351891","0.336731016635895","1.65766215324402","0.501058757305145",,,,,,,,,,,,,,,,,,,,,,,,"2.41042852401733","1.15336656570435","0","0","0.608304917812347","0.285264641046524","0","0","0.317857623100281"
"70.7679274559021","-0.263572428468615","0.525578498840332","1439","50.2126235961914","1.21167540550232","1336.77925872803","91.1065310478211","0.9704549908638","3.99137830734253","0.157387033104897","0.59516704082489","0.114654511213303","0.650041162967682","0.022691423073411","0","1.35587012767792","0.7075235247612","0.220853207359323","0.335628241300583","1.68929553031921","0.500047385692596",,,,,,,,,,,,,,,,,,,,,,,,"2.42977356910706","1.16145861148834","0","0","0.605011522769928","0.284330397844315","0","0","0.322333455085754"
"71.0917154312134","-0.763146854564548","0.529943406581879","1440","52.8500862121582","1.22420597076416","1857.81700744629","102.303933906555","0.969447076320648","4.09575700759888","0.159592598676682","0.598913729190826","0.115363098680973","0.645511746406555","0.0228689108043909","0","1.36974787712097","0.717054665088654","0.228321921220049","0.335991591215134","1.66251838207245","0.500264823436737","0.0843415707349777","0.232644721865654","0.946147382259369","0.16445317864418","0.0331035628914833","0.0870393887162209","0.0634936690330505","0.552499353885651","0.00954819563776255","0.281729817390442","0.143424302339554","0.139763280749321","0.728788018226624","0.296953767538071","1.18972611427307","0.611610472202301","0","0","0.0248615015298128","0.118401691317558","0","0","0.0893815159797668","2.41230463981628","1.15388989448547","0","0","0.621421694755554","0.284638226032257","0","0","0.318146139383316"
"68.178124332428","0.242686788924038","0.525565028190613","1441","49.5350379943848","1.21156775951385","1288.56716308594","90.8225827217102","0.969052255153656","4.10774326324463","0.160032019019127","0.594641387462616","0.115286521613598","0.651766896247864","0.0230652894824743","0","1.36113381385803","0.710580408573151","0.234643987650634","0.335213035345078","1.66486394405365","0.499469339847565",,,,,,,,,,,,,,,,,,,,,,,,"2.4207775592804","1.15242385864258","0","0","0.610250771045685","0.283978670835495","0","0","0.31733825802803"
"79.0755218505859","0.405012498383439","0.531240522861481","1442","49.7929763793945","1.2355420589447","1794.51961364746","115.685552406311","0.963393747806549","4.03776693344116","0.158166617155075","0.60187041759491","0.115805730223656","0.648197650909424","0.0231299940496683","0","1.3766233921051","0.720194756984711","0.236678369305446","0.337009698152542","1.69361507892609","0.50125926733017",,,,,,,,,,,,,,,,,,,,,,,,"2.43702626228333","1.16295611858368","0","0","0.626876175403595","0.285500735044479","0","0","0.32316517829895"
"68.9593633651733","-0.974752063676715","0.518082857131958","1443","49.1334915161133","1.18806874752045","1318.98620300293","87.3220036506653","0.968945682048798","4.0504584312439","0.158803090453148","0.593213737010956","0.115551382303238","0.652002811431885","0.0229484401643276","0","1.32782423496246","0.697990417480469","0.214590619248338","0.334941625595093","1.64957547187805","0.49934583902359",,,,,,,,,,,,,,,,,,,,,,,,"2.4130654335022","1.14908576011658","0","0","0.588817596435547","0.283748745918274","0","0","0.315502464771271"
"71.6593644142151","-0.74687763415277","0.519259989261627","1444","48.7690963745117","1.19426536560059","1481.53965148926","95.9382906913757","0.966738224029541","3.97682237625122","0.157054588198662","0.59519499540329","0.11466570943594","0.652108728885651","0.0230232961475849","0","1.35249972343445","0.702023386955261","0.215706854045857","0.334689229726791","1.64560377597809","0.499121755361557",,,,,,,,,,,,,,,,,,,,,,,,"2.40781116485596","1.14833223819733","0","0","0.595641613006592","0.283534944057465","0","0","0.315088868141174"
"70.0163537025452","-0.308907254121732","0.524933457374573","1445","49.5764312744141","1.20360660552979","1494.1909286499","96.304553604126","0.967988967895508","4.05032348632813","0.158728569746017","0.59499579668045","0.115104787051678","0.64501428604126","0.0225266423076391","0","1.34856724739075","0.707921504974365","0.231561837170739","0.335242331027985","1.63031303882599","0.499602824449539",,,,,,,,,,,,,,,,,,,,,,,,"2.40707039833069","1.14618360996246","0","0","0.605692327022552","0.284003496170044","0","0","0.313910812139511"
"76.6383600234985","-1.04185314401984","0.526886343955994","1446","49.2991485595703","1.21873223781586","1390.12085571289","95.8430978775024","0.970426678657532","4.0576753616333","0.15901255607605","0.592040181159973","0.116124488413334","0.648926436901093","0.0231450237333775","0","1.35962641239166","0.712626755237579","0.215527691823081","0.33553671836853","1.67917847633362","0.499976813793182",,,,,,,,,,,,,,,,,,,,,,,,"2.41293907165527","1.15852785110474","0","0","0.613770544528961","0.284252852201462","0","0","0.320708811283112"
"76.3555481910706","-0.16831390527077","0.527562022209167","1447","49.5729103088379","1.2164306640625","1337.7659286499","95.2013966560364","0.968719840049744","4.05175685882568","0.158671751618385","0.597209870815277","0.115505717694759","0.645102918148041","0.022992292419076","0","1.35327756404877","0.711509764194489","0.22751996908919","0.335795640945435","1.66654121875763","0.500256657600403",,,,,,,,,,,,,,,,,,,,,,,,"2.42250800132751","1.15744650363922","0","0","0.611847996711731","0.284472227096558","0","0","0.320110410451889"
"71.1294654846191","0.116033241176046","0.524860739707947","1448","49.1452674865723","1.21011090278625","1416.57637634277","94.0286512374878","0.968088507652283","4.07264184951782","0.159190073609352","0.596015572547913","0.115381062030792","0.651060938835144","0.0231675766408443","0","1.35670948028564","0.708316385746002","0.236844059597934","0.335939407348633","1.66440653800964","0.500213444232941",,,,,,,,,,,,,,,,,,,,,,,,"2.42346215248108","1.15570664405823","0","0","0.606368184089661","0.284594029188156","0","0","0.319148749113083"
"71.0539429664612","-0.0398621777665539","0.525976538658142","1449","49.7313423156738","1.19922924041748","1388.32827301025","90.7499696731567","0.967460155487061","4.08099269866943","0.15934981405735","0.59671026468277","0.116769216954708","0.652532815933228","0.0233581177890301","0","1.33907449245453","0.703636288642883","0.231457705344656","0.336447060108185","1.64622128009796","0.500832915306091",,,,,,,,,,,,,,,,,,,,,,,,"2.41326856613159","1.14967012405396","0","0","0.598381757736206","0.285024106502533","0","0","0.315823465585709"
"73.6158574104309","0.747367923147976","0.521325886249542","1450","50.7864456176758","1.19500207901001","1301.96153717041","92.0079447746277","0.967741370201111","4.08609294891357","0.159305796027184","0.600647628307343","0.117113664746284","0.650537848472595","0.0229483470320702","0","1.34000849723816","0.70234751701355","0.233942825632403","0.335787415504456","1.65170133113861","0.500021040439606","0.0844587534666061","0.2341328561306","0.932731509208679","0.16554120182991","0.0331751890480518","0.088653527200222","0.0647058933973312","0.556939542293549","0.00980357360094786","0.283898711204529","0.143543347716331","0.14079050719738","0.740087747573853","0.298024266958237","1.18663144111633","0.613580226898193","0","0","0.0249027907848358","0.119271911680698","0","0","0.089958168566227","2.40951037406921","1.1469761133194","0","0","0.596191644668579","0.284465253353119","0","0","0.314345091581345"
"69.5271823883057","-0.615773512958549","0.523850560188293","1451","49.4101943969727","1.20894050598145","1213.01489105225","87.9126224517822","0.973849713802338","4.05251026153564","0.158710494637489","0.596670210361481","0.116204112768173","0.654878616333008","0.0233665406703949","0","1.33901512622833","0.708597242832184","0.225151424860815","0.335630506277084","1.65144288539886","0.499952286481857",,,,,,,,,,,,,,,,,,,,,,,,"2.41694664955139","1.15318763256073","0","0","0.606849133968353","0.284332305192947","0","0","0.317758977413177"
"68.8539016723633","-0.445243612956256","0.52447497844696","1452","48.5789260864258","1.21143853664398","1652.51892852783","93.2582267761231","0.970317244529724","4.05288410186768","0.158686071634293","0.597483992576599","0.115860722959042","0.64791476726532","0.0230315923690796","0","1.35240566730499","0.707774639129639","0.230904293412459","0.335712879896164","1.73177564144135","0.499950051307678",,,,,,,,,,,,,,,,,,,,,,,,"2.42417144775391","1.16012823581696","0","0","0.605440974235535","0.284402132034302","0","0","0.321595460176468"
"71.2164242744446","1.17208911031485","0.523756504058838","1453","50.0772590637207","1.21152365207672","1524.11268005371","102.640102577209","0.968948066234589","4.07455158233643","0.159216076135635","0.596436738967896","0.116383485496044","0.654091656208038","0.0234619360417128","0","1.35548329353333","0.708139538764954","0.241423756099539","0.335701733827591","1.70205008983612","0.499997347593307",,,,,,,,,,,,,,,,,,,,,,,,"2.42155313491821","1.15917181968689","0","0","0.606065511703491","0.284392654895782","0","0","0.321065485477448"
"72.6887148857117","-0.620708751725033","0.525037586688995","1454","48.7907981872559","1.21858596801758","1775.34036712646","107.218429756165","0.966946125030518","4.03458786010742","0.15818278491497","0.599707305431366","0.115860618650913","0.652660489082336","0.0228940043598413","0","1.3576854467392","0.712909758090973","0.233806246198947","0.335132598876953","1.67580235004425","0.499420583248138",,,,,,,,,,,,,,,,,,,,,,,,"2.42014074325562","1.15800106525421","0","0","0.614258170127869","0.283910542726517","0","0","0.320417255163193"
"66.3327499389648","-0.0371652844361961","0.520416438579559","1455","49.2439880371094","1.19708955287933","1830.64993286133","90.021798324585","0.969748914241791","4.00816679000854","0.157655090093613","0.597958981990814","0.11664505302906","0.650772333145142","0.0232149418443441","0","1.33222162723541","0.701630473136902","0.231871955753013","0.335751384496689","1.71862637996674","0.500118911266327",,,,,,,,,,,,,,,,,,,,,,,,"2.41988801956177","1.15304398536682","0","0","0.594974994659424","0.284434735774994","0","0","0.317679852247238"
"69.5846403121948","-0.79724281411618","0.52223813533783","1456","48.7372703552246","1.19580233097076","1376.17875213623","89.685662651062","0.970459818840027","3.99377155303955","0.157399132847786","0.59620988368988","0.116452857851982","0.653150916099548","0.0230091512203217","0","1.35360944271088","0.706100046634674","0.216742923852871","0.334672302007675","1.61699390411377","0.498976588249207",,,,,,,,,,,,,,,,,,,,,,,,"2.39004898071289","1.1384744644165","0","0","0.602579414844513","0.283520579338074","0","0","0.3097023665905"
"67.6266457557678","0.0889366862364113","0.52240115404129","1457","49.0025291442871","1.20775854587555","1444.46334533691","93.8387152671814","0.968721151351929","4.01924133300781","0.158002495765686","0.595583498477936","0.116217203438282","0.648616194725037","0.0229802690446377","0","1.33821260929108","0.706001937389374","0.23416993872379","0.335111856460571","1.68964731693268","0.499509155750275",,,,,,,,,,,,,,,,,,,,,,,,"2.42670822143555","1.15987229347229","0","0","0.602411985397339","0.283892959356308","0","0","0.321453601121902"
"71.371284866333","-1.07831121273339","0.521554529666901","1458","48.7908210754395","1.19727790355682","1734.14909973145","98.4830722808838","0.968472898006439","4.04998254776001","0.158746942877769","0.594346880912781","0.116123050451279","0.653242528438568","0.0234639309346676","0","1.341632604599","0.702092528343201","0.224574416855467","0.335522830486298","1.66215288639069","0.499962240457535",,,,,,,,,,,,,,,,,,,,,,,,"2.40977120399475","1.15231430530548","0","0","0.59575891494751","0.284241110086441","0","0","0.317277878522873"
"85.0040551185608","-3.03838608264923","0.525778710842133","1459","48.9296379089355","1.20878422260284","1621.9978302002","99.5704189300537","0.968284904956818","4.04466867446899","0.158650726079941","0.593758404254913","0.117219910025597","0.651990830898285","0.0232306662946939","0","1.37055730819702","0.710324883460999","0.195953320339322","0.334741175174713","1.67758107185364","0.499033659696579",,,,,,,,,,,,,,,,,,,,,,,,"2.42036032676697","1.14888691902161","0","0","0.609811902046204","0.283578932285309","0","0","0.315393298864365"
"74.9016595840454","-0.120907941274345","0.524618983268738","1460","51.7052574157715","1.20937502384186","1607.67136993408","96.8529644012451","0.969088792800903","4.03299760818481","0.158276900649071","0.596496760845184","0.115918703377247","0.65070641040802","0.0232248101383448","0","1.36810708045959","0.708441555500031","0.222713638521964","0.335683226585388","1.64411318302155","0.499964743852615","0.0844971686601639","0.234350278973579","0.930809199810028","0.167412832379341","0.0333491787314415","0.0896067023277283","0.0641922652721405","0.552826523780823","0.00982486829161644","0.279716193675995","0.143397554755211","0.140863865613937","0.755967617034912","0.297985911369324","1.19251608848572","0.614281713962555","0","0","0.0248522255569696","0.119334064424038","0","0","0.090163990855217","2.41869902610779","1.15437817573547","0","0","0.606582522392273","0.284377008676529","0","0","0.318415462970734"
"80.0101705551147","-2.35077520906925","0.523790061473846","1461","48.5155067443848","1.20425653457642","1650.76809234619","97.4381090164185","0.966873109340668","4.03065156936646","0.158306494355202","0.594447553157806","0.116244077682495","0.649783670902252","0.0232591088861227","0","1.35388922691345","0.706166207790375","0.208010085532442","0.334956109523773","1.68148934841156","0.499496012926102",,,,,,,,,,,,,,,,,,,,,,,,"2.41054105758667","1.15326774120331","0","0","0.602692365646362","0.283761024475098","0","0","0.317803144454956"
"85.4908758163452","0.218504776805639","0.529754281044006","1462","49.2022819519043","1.22813093662262","2027.77073974609","112.223879432678","0.966378152370453","4.08328580856323","0.159283220767975","0.599644780158997","0.117777802050114","0.655966937541962","0.0235583335161209","0","1.3715832233429","0.719109177589417","0.232752862386405","0.33629047870636","1.69405257701874","0.500481963157654",,,,,,,,,,,,,,,,,,,,,,,,"2.41817712783813","1.15408146381378","0","0","0.624987721443176","0.284891456365585","0","0","0.31825178861618"
"65.9975821495056","0.910164460539818","0.518999040126801","1463","48.5362548828125","1.18003082275391","1335.93322143555","85.8182267189026","0.967413008213043","4.06260967254639","0.159197494387627","0.590183436870575","0.117328576743603","0.651594579219818","0.0234509743750095","0","1.34330320358276","0.695283055305481","0.237046053240192","0.335227340459824","1.65912449359894","0.499544829130173",,,,,,,,,,,,,,,,,,,,,,,,"2.38964748382568","1.14228928089142","0","0","0.584258675575256","0.283990800380707","0","0","0.311781316995621"
"81.4006433486938","0.871918539889157","0.52299553155899","1464","49.6110649108887","1.20851027965546","1422.99099121094","94.2527771949768","0.967964649200439","4.04801893234253","0.158500477671623","0.599359035491943","0.118018589913845","0.649191319942474","0.0230143740773201","0","1.35620963573456","0.706287980079651","0.227320396341383","0.335842549800873","1.71577453613281","0.500098168849945",,,,,,,,,,,,,,,,,,,,,,,,"2.42601299285889","1.15923070907593","0","0","0.602900266647339","0.2845119535923","0","0","0.321098059415817"
"77.4980386734009","-0.176997706253314","0.530622601509094","1465","49.4710159301758","1.22106885910034","1413.8881149292","94.9937728881836","0.968790113925934","4.0815167427063","0.159261927008629","0.599187076091766","0.118946559727192","0.65017694234848","0.0233510863035917","0","1.34334290027618","0.712798833847046","0.233293274370953","0.336298614740372","1.71059513092041","0.500663578510284",,,,,,,,,,,,,,,,,,,,,,,,"2.42764806747437","1.16104412078857","0","0","0.614067018032074","0.284898340702057","0","0","0.322103470563889"
"79.7629612922669","-0.173205503914505","0.528403103351593","1466","50.1499786376953","1.21923303604126","2002.749168396","103.913205337524","0.969219386577606","4.12125873565674","0.160051748156548","0.601692140102386","0.1173932030797","0.651343584060669","0.0232824143022299","0","1.35458433628082","0.712037026882172","0.231713947709068","0.336308598518372","1.75410747528076","0.500520765781403",,,,,,,,,,,,,,,,,,,,,,,,"2.42877840995789","1.1600843667984","0","0","0.612755119800568","0.284906774759293","0","0","0.321571111679077"
"68.865486240387","-0.761006219452247","0.515262722969055","1467","48.5674362182617","1.18110644817352","1645.9997756958","91.9830011367798","0.968899667263031","4.06849098205566","0.159130230545998","0.595180809497833","0.117204442620277","0.651937544345856","0.0232255142182112","0","1.32901215553284","0.695606470108032","0.231439137324924","0.334946721792221","1.66144526004791","0.499220848083496",,,,,,,,,,,,,,,,,,,,,,,,"2.39731621742249","1.14369869232178","0","0","0.584802269935608","0.28375306725502","0","0","0.31255117058754"
"73.1283736228943","0.0625887400557986","0.529120087623596","1468","49.0420303344727","1.22250831127167","1513.06671142578","95.6022426605225","0.970889091491699","4.14037179946899","0.160519942641258","0.600660920143127","0.117333054542542","0.647245049476624","0.0233007781207561","0","1.36609733104706","0.713771641254425","0.243083615551586","0.336795270442963","1.73615765571594","0.501305162906647",,,,,,,,,,,,,,,,,,,,,,,,"2.42831754684448","1.15985679626465","0","0","0.615744233131409","0.285319060087204","0","0","0.321444988250732"
"76.8130557060242","-1.26486182510853","0.52455085515976","1469","48.942756652832","1.19958972930908","1372.85044403076","97.0187805175781","0.964494168758392","4.19134712219238","0.161509111523628","0.604246735572815","0.117990158498287","0.652269959449768","0.0237160846590996","0","1.35079216957092","0.70372200012207","0.224623145896476","0.336302399635315","1.68302655220032","0.500640451908112",,,,,,,,,,,,,,,,,,,,,,,,"2.40768504142761","1.15028369426727","0","0","0.598527491092682","0.284901529550552","0","0","0.316160708665848"
"84.8682559013367","0.489483050536364","0.525979042053223","1470","51.9447975158691","1.2170262336731","1953.12308502197","110.865190696716","0.968774795532227","4.12224721908569","0.160084053874016","0.601439833641052","0.118496209383011","0.653311133384705","0.023298479616642","0","1.35888993740082","0.714325904846191","0.237949065049179","0.336645781993866","1.69252395629883","0.500930964946747","0.0846711024641991","0.234401106834412","0.94208824634552","0.166849821805954","0.0332846529781818","0.0897472202777863","0.065476082265377","0.549274384975433","0.0095647806301713","0.284865915775299","0.143459424376488","0.140996098518372","0.759802401065826","0.297725766897202","1.18736481666565","0.614000141620636","0","0","0.0248736776411533","0.119446076452732","0","0","0.0900813490152359","2.40330362319946","1.14841222763062","0","0","0.616700947284698","0.285192459821701","0","0","0.315132796764374"
"74.8747488975525","-1.23333100676537","0.529528617858887","1471","49.0155944824219","1.22444009780884","1723.70827941895","98.3397566795349","0.97045361995697","4.18930530548096","0.161341145634651","0.607296943664551","0.118710301816463","0.645298600196838","0.0231293793767691","0","1.35161602497101","0.712113320827484","0.218488160119159","0.337490916252136","1.77941298484802","0.501821517944336",,,,,,,,,,,,,,,,,,,,,,,,"2.43042373657227","1.1674097776413","0","0","0.612886548042297","0.285908401012421","0","0","0.32564514875412"
"71.2733066558838","-0.0213241457240656","0.525651335716248","1472","49.3950347900391","1.21255874633789","1529.77928466797","102.346980476379","0.969306826591492","4.08439683914185","0.159297853708267","0.599901378154755","0.118960551917553","0.655826032161713","0.0235195811837912","0","1.35679936408997","0.710363149642944","0.232866998348618","0.336281001567841","1.71996343135834","0.50050687789917",,,,,,,,,,,,,,,,,,,,,,,,"2.42061424255371","1.15325808525085","0","0","0.609877526760101","0.284883409738541","0","0","0.317797809839249"
"72.1984787940979","-0.453100843541324","0.529003739356995","1473","49.5293502807617","1.21413588523865","1584.68986663818","95.0293804168701","0.969873309135437","4.11118650436401","0.160025477409363","0.596735894680023","0.117999136447906","0.651583611965179","0.0232037883251905","0","1.36003828048706","0.712978720664978","0.233426431519911","0.335914701223373","1.66021502017975","0.500020205974579",,,,,,,,,,,,,,,,,,,,,,,,"2.40706539154053","1.14850878715515","0","0","0.61437714099884","0.28457310795784","0","0","0.315185725688934"
"74.0892754554748","0.137081391003449","0.522540986537933","1474","49.3027229309082","1.20320880413055","1356.35056915283","91.108074760437","0.96942150592804","4.1285662651062","0.16035521030426","0.598199903964996","0.117465265095234","0.650772869586945","0.0232525859028101","0","1.34738838672638","0.703555762767792","0.223266165243695","0.336277484893799","1.73930978775024","0.500647604465485",,,,,,,,,,,,,,,,,,,,,,,,"2.4164502620697","1.15739786624908","0","0","0.598244786262512","0.284880429506302","0","0","0.320083528757095"
"81.0783972740173","0.155042743950617","0.516190707683563","1475","48.7388687133789","1.18816232681274","1999.60599517822","106.450028038025","0.96880179643631","4.06278705596924","0.159009203314781","0.594998121261597","0.117480032145977","0.647464215755463","0.0226833242923021","0","1.30970466136932","0.696576476097107","0.23684484064579","0.335506319999695","1.68920493125916","0.49971017241478",,,,,,,,,,,,,,,,,,,,,,,,"2.40677881240845","1.15271890163422","0","0","0.586434423923492","0.284227132797241","0","0","0.31750077009201"
"73.5783362388611","0.313280354440212","0.521283388137817","1476","48.5597076416016","1.20497500896454","1352.09853363037","92.9906940460205","0.968650221824646","4.05495882034302","0.158812150359154","0.595515310764313","0.117216721177101","0.651511371135712","0.0231761578470469","0","1.33616375923157","0.703589260578156","0.232296138413949","0.335738003253937","1.70519602298737","0.500217318534851",,,,,,,,,,,,,,,,,,,,,,,,"2.42660689353943","1.16130793094635","0","0","0.598301708698273","0.284423381090164","0","0","0.322249829769135"
"69.1603073120117","0.498988859634846","0.52301549911499","1477","49.1113548278809","1.20691502094269","1554.28692779541","97.7594188690186","0.967056095600128","4.09117460250854","0.159671515226364","0.594379782676697","0.116855897009373","0.648172318935394","0.0230632126331329","0","1.34831070899963","0.706128060817719","0.246248066460248","0.335196018218994","1.71883022785187","0.499748677015305",,,,,,,,,,,,,,,,,,,,,,,,"2.42454886436462","1.15783178806305","0","0","0.602627217769623","0.283964246511459","0","0","0.320323526859283"
"67.4739568710327","-0.306209925119765","0.529035687446594","1478","49.2961235046387","1.2105792760849","1473.74703369141","90.5692221641541","0.970704793930054","4.16225147247314","0.161041498184204","0.599798858165741","0.117604225873947","0.649150729179382","0.0231763049960136","0","1.3392961025238","0.706322371959686","0.243772480048938","0.336474537849426","1.71640145778656","0.500479996204376",,,,,,,,,,,,,,,,,,,,,,,,"2.43922519683838","1.16188979148865","0","0","0.602959036827087","0.285047352313995","0","0","0.322572886943817"
"76.428907585144","-0.428812957240734","0.526171088218689","1479","49.9300956726074","1.20289039611816","1162.94625701904","88.9670935630798","0.96718031167984","4.17105722427368","0.161045968532562","0.604567766189575","0.118032537400723","0.650917828083038","0.0230312664061785","0","1.34609341621399","0.703479945659637","0.229950317041948","0.336844176054001","1.74943017959595","0.500899434089661",,,,,,,,,,,,,,,,,,,,,,,,"2.41493558883667","1.15618681907654","0","0","0.598115861415863","0.285360515117645","0","0","0.319414019584656"
"67.3798409461975","-1.19649171829224","0.518140256404877","1480","50.4842147827148","1.18738150596619","1241.7613861084","85.2815833091736","0.972233712673187","4.14663743972778","0.16072490811348","0.599029004573822","0.118172042071819","0.646690726280212","0.0225845407694578","0","1.33151042461395","0.697172164916992","0.229871401452692","0.335547029972076","1.70661330223083","0.499799758195877","0.0846706405282021","0.234098866581917","0.926000118255615","0.170394405722618","0.0336449481546879","0.0903973802924156","0.0656158030033112","0.55067652463913","0.00959654897451401","0.281586349010468","0.143366128206253","0.141176015138626","0.770833730697632","0.297902494668961","1.19234073162079","0.612559199333191","0","0","0.0248413346707821","0.119598507881165","0","0","0.0896590277552605","2.4094545841217","1.14941275119781","0","0","0.587437808513641","0.284261614084244","0","0","0.315682083368301"
